{"type": "FeatureCollection", "features": [{"type": "Feature", "geometry": {"type": "LineString", "coordinates": [[24.841486, 36.070512], [24.841563, 36.07042]]}, "properties": {"name": "N Hallanol Dr"}}, {"type": "Feature", "geometry": {"type": "LineString", "coordinates": [[24.847478, 36.048091], [24.848369, 36.048074]]}, "properties": {"name": "S Ermou St"}}, {"type": "Feature", "geometry": {"type": "LineString", "coordinates": [[24.841563, 36.07042], [24.841963, 36.07072]]}, "properties": {"name": "N Handstil Pl"}}, {"type": "Feature", "geometry": {"type": "LineString", "coordinates": [[24.847472, 36.049127], [24.847416, 36.049127]]}, "properties": {"name": ""}}, {"type": "Feature", "geometry": {"type": "LineString", "coordinates": [[24.844279, 36.07631], [24.844363, 36.07622]]}, "properties": {"name": "N Pilau St 3699 3097"}}, {"type": "Feature", "geometry": {"type": "LineString", "coordinates": [[24.839163, 36.07692], [24.839091, 36.077012]]}, "properties": {"name": "N Tempon Dr"}}, {"type": "Feature", "geometry": {"type": "LineString", "coordinates": [[24.848567, 36.05032], [24.847064, 36.05032]]}, "properties": {"name": "Egeou Ave 5600 5698"}}, {"type": "Feature", "geometry": {"type": "LineString", "coordinates": [[24.845963, 36.08712], [24.846063, 36.08782]]}, "properties": {"name": "N Leeno St 4716 4798"}}, {"type": "Feature", "geometry": {"type": "LineString", "coordinates": [[24.845963, 36.08712], [24.847737, 36.087125]]}, "properties": {"name": "N Santaroza St 5598 5500"}}, {"type": "Feature", "geometry": {"type": "LineString", "coordinates": [[24.845463, 36.090173], [24.846357, 36.090144]]}, "properties": {"name": "Reto Way"}}, {"type": "Feature", "geometry": {"type": "LineString", "coordinates": [[24.833763, 36.09282], [24.832896, 36.093682], [24.832514, 36.093942], [24.832316, 36.094293], [24.831994, 36.094468], [24.831476, 36.09456], [24.830957, 36.094598], [24.830499, 36.094697], [24.82998, 36.094918]]}, "properties": {"name": "N Rosyn Dr 5300 5308"}}, {"type": "Feature", "geometry": {"type": "LineString", "coordinates": [[24.831339, 36.091355], [24.830958, 36.091523]]}, "properties": {"name": "N Sachtouri Ln"}}, {"type": "Feature", "geometry": {"type": "LineString", "coordinates": [[24.833781, 36.091111], [24.833353, 36.091271], [24.833094, 36.091447], [24.832896, 36.091615], [24.832438, 36.091622], [24.832117, 36.091661], [24.831858, 36.091615], [24.831599, 36.091523], [24.831339, 36.091355]]}, "properties": {"name": "Pherlau Ln 6700 6798"}}, {"type": "Feature", "geometry": {"type": "LineString", "coordinates": [[24.831919, 36.090692], [24.831599, 36.090829], [24.831477, 36.090959], [24.8314, 36.091096], [24.8314, 36.09118], [24.831339, 36.091355]]}, "properties": {"name": "Pherlau Ln"}}, {"type": "Feature", "geometry": {"type": "LineString", "coordinates": [[24.833781, 36.091111], [24.833763, 36.09282]]}, "properties": {"name": "N Obil St 5000 5098"}}, {"type": "Feature", "geometry": {"type": "LineString", "coordinates": [[24.835163, 36.09282], [24.833763, 36.09282]]}, "properties": {"name": "N Distomou St 6600 6798"}}, {"type": "Feature", "geometry": {"type": "LineString", "coordinates": [[24.833872, 36.090524], [24.833781, 36.091111]]}, "properties": {"name": "N Obil St 4942 4998"}}, {"type": "Feature", "geometry": {"type": "LineString", "coordinates": [[24.835063, 36.09102], [24.835163, 36.09282]]}, "properties": {"name": "N Medel St 5010 5220"}}, {"type": "Feature", "geometry": {"type": "LineString", "coordinates": [[24.836463, 36.09282], [24.835163, 36.09282]]}, "properties": {"name": "N Distomou St 6500 6598"}}, {"type": "Feature", "geometry": {"type": "LineString", "coordinates": [[24.833781, 36.091111], [24.834339, 36.091057]]}, "properties": {"name": "N Diogenous St"}}, {"type": "Feature", "geometry": {"type": "LineString", "coordinates": [[24.834339, 36.091057], [24.835063, 36.09102]]}, "properties": {"name": "N Diogenous St"}}, {"type": "Feature", "geometry": {"type": "LineString", "coordinates": [[24.836363, 36.09102], [24.835063, 36.09102]]}, "properties": {"name": "N Diogenous St 6500 6598"}}, {"type": "Feature", "geometry": {"type": "LineString", "coordinates": [[24.835063, 36.08922], [24.835063, 36.09102]]}, "properties": {"name": "N Medel St 4900 5008"}}, {"type": "Feature", "geometry": {"type": "LineString", "coordinates": [[24.836363, 36.09102], [24.836463, 36.09282]]}, "properties": {"name": "N Kakavaki St 5002 5304"}}, {"type": "Feature", "geometry": {"type": "LineString", "coordinates": [[24.836349, 36.08984], [24.836363, 36.09102]]}, "properties": {"name": "N Kakavaki St 4900 5000"}}, {"type": "Feature", "geometry": {"type": "LineString", "coordinates": [[24.832316, 36.08999], [24.831995, 36.090241], [24.831919, 36.090333], [24.831919, 36.09047], [24.831919, 36.090547], [24.831919, 36.090692]]}, "properties": {"name": "Pherlau Ln"}}, {"type": "Feature", "geometry": {"type": "LineString", "coordinates": [[24.833872, 36.090524], [24.833414, 36.090478], [24.833033, 36.090554], [24.832575, 36.090737], [24.832316, 36.090737], [24.832179, 36.090692], [24.831919, 36.090692]]}, "properties": {"name": "N Pergamou Ln 6700 6798"}}, {"type": "Feature", "geometry": {"type": "LineString", "coordinates": [[24.833872, 36.089471], [24.833872, 36.090524]]}, "properties": {"name": "N Obil St 4900 4940"}}, {"type": "Feature", "geometry": {"type": "LineString", "coordinates": [[24.834363, 36.08922], [24.833872, 36.089471]]}, "properties": {"name": "N Desafio St 6614 6798"}}, {"type": "Feature", "geometry": {"type": "LineString", "coordinates": [[24.835063, 36.08922], [24.834363, 36.08922]]}, "properties": {"name": "N Desafio St 6500 6612"}}, {"type": "Feature", "geometry": {"type": "LineString", "coordinates": [[24.835163, 36.08892], [24.835063, 36.08922]]}, "properties": {"name": "N Medel St 4850 4898"}}, {"type": "Feature", "geometry": {"type": "LineString", "coordinates": [[24.834363, 36.08812], [24.834363, 36.08882]]}, "properties": {"name": "N Medel St 4824 4848"}}, {"type": "Feature", "geometry": {"type": "LineString", "coordinates": [[24.834363, 36.08782], [24.834363, 36.08812]]}, "properties": {"name": "N Medel St 4800 4822"}}, {"type": "Feature", "geometry": {"type": "LineString", "coordinates": [[24.835963, 36.08812], [24.834363, 36.08812]]}, "properties": {"name": "N Joya Rd 6400 6598"}}, {"type": "Feature", "geometry": {"type": "LineString", "coordinates": [[24.834963, 36.08772], [24.834363, 36.08782]]}, "properties": {"name": "N Derwen St 6600 6650"}}, {"type": "Feature", "geometry": {"type": "LineString", "coordinates": [[24.835163, 36.08892], [24.834363, 36.08882]]}, "properties": {"name": "N Kiou St 6550 6598"}}, {"type": "Feature", "geometry": {"type": "LineString", "coordinates": [[24.835763, 36.08872], [24.835163, 36.08892]]}, "properties": {"name": "N Kiou St 6500 6548"}}, {"type": "Feature", "geometry": {"type": "LineString", "coordinates": [[24.836463, 36.08772], [24.834963, 36.08772]]}, "properties": {"name": "N Derwen St 6500 6598"}}, {"type": "Feature", "geometry": {"type": "LineString", "coordinates": [[24.835363, 36.08562], [24.834963, 36.08772]]}, "properties": {"name": "N Medel St 4600 4798"}}, {"type": "Feature", "geometry": {"type": "LineString", "coordinates": [[24.836363, 36.08922], [24.836349, 36.08984]]}, "properties": {"name": "N Kakavaki St"}}, {"type": "Feature", "geometry": {"type": "LineString", "coordinates": [[24.837163, 36.08922], [24.836363, 36.08922]]}, "properties": {"name": "N Desafio St 6400 6498"}}, {"type": "Feature", "geometry": {"type": "LineString", "coordinates": [[24.837163, 36.08922], [24.837163, 36.08882]]}, "properties": {"name": "N Joya Rd 4800 4848"}}, {"type": "Feature", "geometry": {"type": "LineString", "coordinates": [[24.837563, 36.08922], [24.837163, 36.08922]]}, "properties": {"name": "N Desafio St 6350 6398"}}, {"type": "Feature", "geometry": {"type": "LineString", "coordinates": [[24.835963, 36.08812], [24.835763, 36.08872]]}, "properties": {"name": "N Kakavaki St 4800 4850"}}, {"type": "Feature", "geometry": {"type": "LineString", "coordinates": [[24.837163, 36.08882], [24.835963, 36.08812]]}, "properties": {"name": "N Joya Rd 4850 6398"}}, {"type": "Feature", "geometry": {"type": "LineString", "coordinates": [[24.839176, 36.088751], [24.837163, 36.08882]]}, "properties": {"name": "N Kiou St 6300 6398"}}, {"type": "Feature", "geometry": {"type": "LineString", "coordinates": [[24.836463, 36.08672], [24.836463, 36.08772]]}, "properties": {"name": "N Kakavaki St 4650 4698"}}, {"type": "Feature", "geometry": {"type": "LineString", "coordinates": [[24.837263, 36.08752], [24.836463, 36.08772]]}, "properties": {"name": "N Derwen St 6400 6498"}}, {"type": "Feature", "geometry": {"type": "LineString", "coordinates": [[24.83465, 36.085069], [24.834696, 36.085824]]}, "properties": {"name": ""}}, {"type": "Feature", "geometry": {"type": "LineString", "coordinates": [[24.834696, 36.085824], [24.835363, 36.08562]]}, "properties": {"name": "Grammou"}}, {"type": "Feature", "geometry": {"type": "LineString", "coordinates": [[24.835863, 36.08562], [24.835363, 36.08562]]}, "properties": {"name": ""}}, {"type": "Feature", "geometry": {"type": "LineString", "coordinates": [[24.836463, 36.08562], [24.836463, 36.08672]]}, "properties": {"name": "N Kakavaki St 4600 4648"}}, {"type": "Feature", "geometry": {"type": "LineString", "coordinates": [[24.835663, 36.08462], [24.835863, 36.08562]]}, "properties": {"name": "N Medel St 4500 4598"}}, {"type": "Feature", "geometry": {"type": "LineString", "coordinates": [[24.836463, 36.08562], [24.835863, 36.08562]]}, "properties": {"name": "N Delfon St 6500 6614"}}, {"type": "Feature", "geometry": {"type": "LineString", "coordinates": [[24.836463, 36.08462], [24.835663, 36.08462]]}, "properties": {"name": "N Darluniau St 6500 6598"}}, {"type": "Feature", "geometry": {"type": "LineString", "coordinates": [[24.835763, 36.08282], [24.835663, 36.08462]]}, "properties": {"name": "N Medel St 4300 4498"}}, {"type": "Feature", "geometry": {"type": "LineString", "coordinates": [[24.836463, 36.08462], [24.836463, 36.08562]]}, "properties": {"name": "N Kakavaki St 4500 4598"}}, {"type": "Feature", "geometry": {"type": "LineString", "coordinates": [[24.838263, 36.08562], [24.836463, 36.08562]]}, "properties": {"name": "N Delfon St 6400 6498"}}, {"type": "Feature", "geometry": {"type": "LineString", "coordinates": [[24.836463, 36.08272], [24.836463, 36.08462]]}, "properties": {"name": "N Kakavaki St 4300 4498"}}, {"type": "Feature", "geometry": {"type": "LineString", "coordinates": [[24.837563, 36.08462], [24.836463, 36.08462]]}, "properties": {"name": "N Darluniau St 6400 6498"}}, {"type": "Feature", "geometry": {"type": "LineString", "coordinates": [[24.836463, 36.08272], [24.835763, 36.08282]]}, "properties": {"name": "N Carretera St 6500 6598"}}, {"type": "Feature", "geometry": {"type": "LineString", "coordinates": [[24.836563, 36.08192], [24.836463, 36.08272]]}, "properties": {"name": "N Kakavaki St 4150 4298"}}, {"type": "Feature", "geometry": {"type": "LineString", "coordinates": [[24.836363, 36.08002], [24.836563, 36.08192]]}, "properties": {"name": "N Kakavaki St 4000 4148"}}, {"type": "Feature", "geometry": {"type": "LineString", "coordinates": [[24.837563, 36.08192], [24.836563, 36.08192]]}, "properties": {"name": "N Carnero St 6400 6498"}}, {"type": "Feature", "geometry": {"type": "LineString", "coordinates": [[24.837463, 36.08002], [24.836363, 36.08002]]}, "properties": {"name": "N Camino St 6400 6498"}}, {"type": "Feature", "geometry": {"type": "LineString", "coordinates": [[24.824063, 36.06182], [24.824163, 36.06352]]}, "properties": {"name": "N Kiprou St 2000 2206"}}, {"type": "Feature", "geometry": {"type": "LineString", "coordinates": [[24.825963, 36.06352], [24.824163, 36.06352]]}, "properties": {"name": "N Anrop St 7308 7398"}}, {"type": "Feature", "geometry": {"type": "LineString", "coordinates": [[24.824163, 36.06032], [24.824063, 36.06182]]}, "properties": {"name": "N Kiprou St 1700 1998"}}, {"type": "Feature", "geometry": {"type": "LineString", "coordinates": [[24.824263, 36.05852], [24.824163, 36.06032]]}, "properties": {"name": "N Kiprou St 1500 1698"}}, {"type": "Feature", "geometry": {"type": "LineString", "coordinates": [[24.825663, 36.06022], [24.824163, 36.06032]]}, "properties": {"name": "N Alfiou St 7300 7398"}}, {"type": "Feature", "geometry": {"type": "LineString", "coordinates": [[24.824363, 36.05662], [24.824263, 36.05852]]}, "properties": {"name": "N Kiprou St 1300 1498"}}, {"type": "Feature", "geometry": {"type": "LineString", "coordinates": [[24.825663, 36.05852], [24.824263, 36.05852]]}, "properties": {"name": "N Alamanas St 7300 7398"}}, {"type": "Feature", "geometry": {"type": "LineString", "coordinates": [[24.824363, 36.05482], [24.824363, 36.05662]]}, "properties": {"name": "Kiprou St 1100 1298"}}, {"type": "Feature", "geometry": {"type": "LineString", "coordinates": [[24.825663, 36.05482], [24.824363, 36.05482]]}, "properties": {"name": "N Achilleos St 7300 7398"}}, {"type": "Feature", "geometry": {"type": "LineString", "coordinates": [[24.825463, 36.06502], [24.826263, 36.06622]]}, "properties": {"name": "N Undeg Dr 2490 2638"}}, {"type": "Feature", "geometry": {"type": "LineString", "coordinates": [[24.826263, 36.06622], [24.826463, 36.06672]]}, "properties": {"name": "N Undeg Dr 2640 2698"}}, {"type": "Feature", "geometry": {"type": "LineString", "coordinates": [[24.827363, 36.06672], [24.826463, 36.06672]]}, "properties": {"name": "N Arkadou St 7200 7298"}}, {"type": "Feature", "geometry": {"type": "LineString", "coordinates": [[24.826263, 36.06622], [24.826426, 36.066278]]}, "properties": {"name": ""}}, {"type": "Feature", "geometry": {"type": "LineString", "coordinates": [[24.826163, 36.06522], [24.825463, 36.06502]]}, "properties": {"name": "N Arbete St 7200 7298"}}, {"type": "Feature", "geometry": {"type": "LineString", "coordinates": [[24.827363, 36.06672], [24.827341, 36.066705]]}, "properties": {"name": "Karaiskaki St"}}, {"type": "Feature", "geometry": {"type": "LineString", "coordinates": [[24.827341, 36.066705], [24.827363, 36.06352]]}, "properties": {"name": "Karaiskaki St 2599 2301"}}, {"type": "Feature", "geometry": {"type": "LineString", "coordinates": [[24.828944, 36.068391], [24.828303, 36.069139]]}, "properties": {"name": "N Owena Pl 2958 3014"}}, {"type": "Feature", "geometry": {"type": "LineString", "coordinates": [[24.828944, 36.068391], [24.82812, 36.067819]]}, "properties": {"name": "N Gata Ln 6999 6901"}}, {"type": "Feature", "geometry": {"type": "LineString", "coordinates": [[24.829981, 36.068162], [24.828944, 36.068391]]}, "properties": {"name": "N Owena Pl 2912 2956"}}, {"type": "Feature", "geometry": {"type": "LineString", "coordinates": [[24.828263, 36.06482], [24.828663, 36.06592], [24.828863, 36.06682]]}, "properties": {"name": "N Gawenoliau Dr 2500 2698"}}, {"type": "Feature", "geometry": {"type": "LineString", "coordinates": [[24.829263, 36.06692], [24.828863, 36.06682]]}, "properties": {"name": "N Arkadou St 7000 7098"}}, {"type": "Feature", "geometry": {"type": "LineString", "coordinates": [[24.829263, 36.06642], [24.829263, 36.06692]]}, "properties": {"name": "Ious Cir 2600 2698"}}, {"type": "Feature", "geometry": {"type": "LineString", "coordinates": [[24.829539, 36.067727], [24.829981, 36.068162]]}, "properties": {"name": "N Oveja Ln 6900 6998"}}, {"type": "Feature", "geometry": {"type": "LineString", "coordinates": [[24.835363, 36.07562], [24.834863, 36.07552]]}, "properties": {"name": "N Narkissou St 6500 6598"}}, {"type": "Feature", "geometry": {"type": "LineString", "coordinates": [[24.834863, 36.07552], [24.833463, 36.07532]]}, "properties": {"name": "N Narkissou St 6600 6698"}}, {"type": "Feature", "geometry": {"type": "LineString", "coordinates": [[24.831063, 36.06672], [24.831156, 36.067231]]}, "properties": {"name": "N Owena Pl 2800 2830"}}, {"type": "Feature", "geometry": {"type": "LineString", "coordinates": [[24.833216, 36.067201], [24.831156, 36.067231]]}, "properties": {"name": "N Artakis St 6700 6898"}}, {"type": "Feature", "geometry": {"type": "LineString", "coordinates": [[24.836329, 36.067063], [24.83639, 36.068826]]}, "properties": {"name": "N Opalante Dr 2800 2998"}}, {"type": "Feature", "geometry": {"type": "LineString", "coordinates": [[24.836253, 36.066896], [24.836329, 36.067063]]}, "properties": {"name": "N Opalante Dr"}}, {"type": "Feature", "geometry": {"type": "LineString", "coordinates": [[24.836253, 36.066896], [24.839263, 36.06602]]}, "properties": {"name": "N Arkadiou St 6499 6301"}}, {"type": "Feature", "geometry": {"type": "LineString", "coordinates": [[24.824163, 36.06352], [24.824663, 36.06442]]}, "properties": {"name": "N Kiprou St 2208 2398"}}, {"type": "Feature", "geometry": {"type": "LineString", "coordinates": [[24.825724, 36.064645], [24.825463, 36.06502]]}, "properties": {"name": "N Undeg Dr 2442 2488"}}, {"type": "Feature", "geometry": {"type": "LineString", "coordinates": [[24.825363, 36.06262], [24.824963, 36.06282]]}, "properties": {"name": "N Kanari Cir 2000 2098"}}, {"type": "Feature", "geometry": {"type": "LineString", "coordinates": [[24.824063, 36.06182], [24.825363, 36.06262]]}, "properties": {"name": "N Karaiskaki St 2000 2248"}}, {"type": "Feature", "geometry": {"type": "LineString", "coordinates": [[24.825724, 36.064645], [24.826044, 36.064744]]}, "properties": {"name": ""}}, {"type": "Feature", "geometry": {"type": "LineString", "coordinates": [[24.826563, 36.06362], [24.825963, 36.06352]]}, "properties": {"name": "N Anrop St 7214 7306"}}, {"type": "Feature", "geometry": {"type": "LineString", "coordinates": [[24.825363, 36.06262], [24.826563, 36.06362]]}, "properties": {"name": "N Karaiskaki St 2250 2398"}}, {"type": "Feature", "geometry": {"type": "LineString", "coordinates": [[24.827363, 36.06352], [24.826563, 36.06362]]}, "properties": {"name": "N Anrop St 7200 7212"}}, {"type": "Feature", "geometry": {"type": "LineString", "coordinates": [[24.827763, 36.06352], [24.827363, 36.06352]]}, "properties": {"name": "N Anrop St 7100 7198"}}, {"type": "Feature", "geometry": {"type": "LineString", "coordinates": [[24.824163, 36.06032], [24.827263, 36.06292]]}, "properties": {"name": "N Opalante Dr 1700 2248"}}, {"type": "Feature", "geometry": {"type": "LineString", "coordinates": [[24.828263, 36.06162], [24.827263, 36.06292]]}, "properties": {"name": "N Gawenoliau Dr 1742 1782"}}, {"type": "Feature", "geometry": {"type": "LineString", "coordinates": [[24.825663, 36.05852], [24.825663, 36.06022]]}, "properties": {"name": "Lonn St 1500 1698"}}, {"type": "Feature", "geometry": {"type": "LineString", "coordinates": [[24.826963, 36.05912], [24.826363, 36.05962]]}, "properties": {"name": "Korai Cir 1300 1398"}}, {"type": "Feature", "geometry": {"type": "LineString", "coordinates": [[24.828863, 36.06462], [24.828263, 36.06482]]}, "properties": {"name": "N Antoniadou St 7050 7098"}}, {"type": "Feature", "geometry": {"type": "LineString", "coordinates": [[24.827763, 36.06352], [24.828863, 36.06462]]}, "properties": {"name": "N Opalante Dr 2300 2398"}}, {"type": "Feature", "geometry": {"type": "LineString", "coordinates": [[24.830363, 36.06422], [24.828863, 36.06462]]}, "properties": {"name": "N Antoniadou St 7000 7048"}}, {"type": "Feature", "geometry": {"type": "LineString", "coordinates": [[24.827263, 36.06292], [24.827763, 36.06352]]}, "properties": {"name": "N Opalante Dr 2250 2298"}}, {"type": "Feature", "geometry": {"type": "LineString", "coordinates": [[24.831163, 36.06412], [24.830363, 36.06422]]}, "properties": {"name": "N Antoniadou St 6900 6998"}}, {"type": "Feature", "geometry": {"type": "LineString", "coordinates": [[24.830063, 36.06082], [24.829663, 36.06322], [24.830363, 36.06422]]}, "properties": {"name": "Seranti Dr 1702 2398"}}, {"type": "Feature", "geometry": {"type": "LineString", "coordinates": [[24.825663, 36.06022], [24.828263, 36.06162]]}, "properties": {"name": "N Lonn St 1700 1798"}}, {"type": "Feature", "geometry": {"type": "LineString", "coordinates": [[24.828363, 36.06032], [24.828263, 36.06162]]}, "properties": {"name": "N Gawenoliau Dr 1700 1740"}}, {"type": "Feature", "geometry": {"type": "LineString", "coordinates": [[24.828363, 36.06032], [24.825663, 36.06022]]}, "properties": {"name": "N Alfiou St 7100 7298"}}, {"type": "Feature", "geometry": {"type": "LineString", "coordinates": [[24.828263, 36.05912], [24.828363, 36.06032]]}, "properties": {"name": "Gawenoliau Dr 1600 1698"}}, {"type": "Feature", "geometry": {"type": "LineString", "coordinates": [[24.830163, 36.06032], [24.828363, 36.06032]]}, "properties": {"name": "N Alfiou St 7000 7098"}}, {"type": "Feature", "geometry": {"type": "LineString", "coordinates": [[24.826963, 36.05912], [24.828263, 36.05912]]}, "properties": {"name": "Kozanis  1364 1398"}}, {"type": "Feature", "geometry": {"type": "LineString", "coordinates": [[24.827563, 36.05702], [24.828263, 36.05912]]}, "properties": {"name": "N Gawenoliau Dr 1300 1598"}}, {"type": "Feature", "geometry": {"type": "LineString", "coordinates": [[24.828963, 36.05742], [24.828263, 36.05912]]}, "properties": {"name": "Korbana  1300 1398"}}, {"type": "Feature", "geometry": {"type": "LineString", "coordinates": [[24.830763, 36.06122], [24.830063, 36.06082]]}, "properties": {"name": "N Alm St 6900 6998"}}, {"type": "Feature", "geometry": {"type": "LineString", "coordinates": [[24.832163, 36.06122], [24.830763, 36.06122]]}, "properties": {"name": "N Alm St 6800 6898"}}, {"type": "Feature", "geometry": {"type": "LineString", "coordinates": [[24.830163, 36.06032], [24.830063, 36.06082]]}, "properties": {"name": "Seranti Dr"}}, {"type": "Feature", "geometry": {"type": "LineString", "coordinates": [[24.832063, 36.06032], [24.830163, 36.06032]]}, "properties": {"name": "N Alfiou St 6900 6998"}}, {"type": "Feature", "geometry": {"type": "LineString", "coordinates": [[24.825663, 36.05672], [24.825663, 36.05852]]}, "properties": {"name": "Lonn St 1300 1498"}}, {"type": "Feature", "geometry": {"type": "LineString", "coordinates": [[24.825663, 36.05672], [24.824363, 36.05662]]}, "properties": {"name": "N Agiasou St 7300 7398"}}, {"type": "Feature", "geometry": {"type": "LineString", "coordinates": [[24.826663, 36.05662], [24.825663, 36.05672]]}, "properties": {"name": "N Agiasou St 7200 7298"}}, {"type": "Feature", "geometry": {"type": "LineString", "coordinates": [[24.825663, 36.05482], [24.825663, 36.05672]]}, "properties": {"name": "Lonn St 1140 1298"}}, {"type": "Feature", "geometry": {"type": "LineString", "coordinates": [[24.826863, 36.05722], [24.826363, 36.05762], [24.826963, 36.05912]]}, "properties": {"name": "Kozanis  1300 1362"}}, {"type": "Feature", "geometry": {"type": "LineString", "coordinates": [[24.826663, 36.05662], [24.826863, 36.05722]]}, "properties": {"name": "Kozanis  1154 1298"}}, {"type": "Feature", "geometry": {"type": "LineString", "coordinates": [[24.827563, 36.05702], [24.826863, 36.05722]]}, "properties": {"name": "N Agiasou St 7100 7198"}}, {"type": "Feature", "geometry": {"type": "LineString", "coordinates": [[24.826663, 36.05552], [24.826663, 36.05662]]}, "properties": {"name": "Kozanis  900 1152"}}, {"type": "Feature", "geometry": {"type": "LineString", "coordinates": [[24.827763, 36.05532], [24.827563, 36.05702]]}, "properties": {"name": "Gawenoliau Dr 1100 1298"}}, {"type": "Feature", "geometry": {"type": "LineString", "coordinates": [[24.825763, 36.05302], [24.825756, 36.053151]]}, "properties": {"name": "N Lonn St 900 912"}}, {"type": "Feature", "geometry": {"type": "LineString", "coordinates": [[24.825763, 36.05302], [24.825413, 36.053166]]}, "properties": {"name": "Sfaktirias Ln 7322 7328"}}, {"type": "Feature", "geometry": {"type": "LineString", "coordinates": [[24.827738, 36.051583], [24.826777, 36.05198], [24.826579, 36.052041], [24.826319, 36.051988], [24.82635, 36.051934]]}, "properties": {"name": "N Sialens Pl 7301 7307"}}, {"type": "Feature", "geometry": {"type": "LineString", "coordinates": [[24.827738, 36.051583], [24.827738, 36.052201], [24.827677, 36.052438], [24.827479, 36.052644], [24.82696, 36.05288], [24.826579, 36.052575], [24.825763, 36.05302]]}, "properties": {"name": "Sfaktirias Ln 900 928"}}, {"type": "Feature", "geometry": {"type": "LineString", "coordinates": [[24.826663, 36.05552], [24.826441, 36.054933]]}, "properties": {"name": ""}}, {"type": "Feature", "geometry": {"type": "LineString", "coordinates": [[24.82606, 36.054833], [24.826441, 36.054933]]}, "properties": {"name": ""}}, {"type": "Feature", "geometry": {"type": "LineString", "coordinates": [[24.826441, 36.054933], [24.827036, 36.054933]]}, "properties": {"name": ""}}, {"type": "Feature", "geometry": {"type": "LineString", "coordinates": [[24.828963, 36.05742], [24.827563, 36.05702]]}, "properties": {"name": "N Agiasou St 7006 7098"}}, {"type": "Feature", "geometry": {"type": "LineString", "coordinates": [[24.829663, 36.05722], [24.828963, 36.05742]]}, "properties": {"name": "N Agiasou St 7000 7004"}}, {"type": "Feature", "geometry": {"type": "LineString", "coordinates": [[24.828863, 36.05522], [24.829663, 36.05722]]}, "properties": {"name": "Seranti Dr 1100 1298"}}, {"type": "Feature", "geometry": {"type": "LineString", "coordinates": [[24.830863, 36.05682], [24.829663, 36.05722]]}, "properties": {"name": "N Agiasou St 6900 6998"}}, {"type": "Feature", "geometry": {"type": "LineString", "coordinates": [[24.829663, 36.05722], [24.830163, 36.05782], [24.830163, 36.06032]]}, "properties": {"name": "Seranti Dr 1300 1698"}}, {"type": "Feature", "geometry": {"type": "LineString", "coordinates": [[24.828863, 36.05522], [24.827763, 36.05532]]}, "properties": {"name": "N Achilleos St 7000 7098"}}, {"type": "Feature", "geometry": {"type": "LineString", "coordinates": [[24.830163, 36.05522], [24.828863, 36.05522]]}, "properties": {"name": "N Achilleos St 6858 6998"}}, {"type": "Feature", "geometry": {"type": "LineString", "coordinates": [[24.830163, 36.05292], [24.828763, 36.05292]]}, "properties": {"name": "N Ermou St 7000 7098"}}, {"type": "Feature", "geometry": {"type": "LineString", "coordinates": [[24.828654, 36.051591], [24.828763, 36.05292]]}, "properties": {"name": "N Seranti Dr 630 698"}}, {"type": "Feature", "geometry": {"type": "LineString", "coordinates": [[24.831863, 36.05522], [24.830163, 36.05522]]}, "properties": {"name": "N Achilleos St 6848 6856"}}, {"type": "Feature", "geometry": {"type": "LineString", "coordinates": [[24.830163, 36.05042], [24.830163, 36.05292]]}, "properties": {"name": "N Lefkados St 600 898"}}, {"type": "Feature", "geometry": {"type": "LineString", "coordinates": [[24.831163, 36.06412], [24.831163, 36.06482], [24.833063, 36.06522]]}, "properties": {"name": "N Mavromichali Dr 2400 2498"}}, {"type": "Feature", "geometry": {"type": "LineString", "coordinates": [[24.832263, 36.06432], [24.831163, 36.06412]]}, "properties": {"name": "N Antoniadou St 6800 6898"}}, {"type": "Feature", "geometry": {"type": "LineString", "coordinates": [[24.833663, 36.06422], [24.832263, 36.06432]]}, "properties": {"name": "N Antoniadou St 6700 6798"}}, {"type": "Feature", "geometry": {"type": "LineString", "coordinates": [[24.830763, 36.06122], [24.830863, 36.06312], [24.831163, 36.06412]]}, "properties": {"name": "N Mavromichali Dr 1800 2398"}}, {"type": "Feature", "geometry": {"type": "LineString", "coordinates": [[24.832163, 36.06122], [24.832363, 36.06352], [24.832263, 36.06432]]}, "properties": {"name": "N Komminon Dr 1800 2398"}}, {"type": "Feature", "geometry": {"type": "LineString", "coordinates": [[24.833663, 36.06342], [24.833663, 36.06422]]}, "properties": {"name": "N Obil St 2130 2398"}}, {"type": "Feature", "geometry": {"type": "LineString", "coordinates": [[24.833663, 36.06032], [24.833663, 36.06342]]}, "properties": {"name": "N Obil St 1700 2128"}}, {"type": "Feature", "geometry": {"type": "LineString", "coordinates": [[24.834963, 36.06342], [24.833663, 36.06342]]}, "properties": {"name": "N Anrop St 6600 6698"}}, {"type": "Feature", "geometry": {"type": "LineString", "coordinates": [[24.830863, 36.05682], [24.831963, 36.05972]]}, "properties": {"name": "Mavromichali Dr 1300 1374"}}, {"type": "Feature", "geometry": {"type": "LineString", "coordinates": [[24.831963, 36.05972], [24.832063, 36.06032]]}, "properties": {"name": "Mavromichali Dr 1376 1698"}}, {"type": "Feature", "geometry": {"type": "LineString", "coordinates": [[24.833663, 36.06032], [24.832063, 36.06032]]}, "properties": {"name": "N Alfiou St 6700 6898"}}, {"type": "Feature", "geometry": {"type": "LineString", "coordinates": [[24.832963, 36.05662], [24.832663, 36.05962], [24.831963, 36.05972]]}, "properties": {"name": "N Konitsis St 1300 1398"}}, {"type": "Feature", "geometry": {"type": "LineString", "coordinates": [[24.834963, 36.06052], [24.834963, 36.06342]]}, "properties": {"name": "N Medel St 1700 2298"}}, {"type": "Feature", "geometry": {"type": "LineString", "coordinates": [[24.836263, 36.06352], [24.834963, 36.06342]]}, "properties": {"name": "N Anrop St 6500 6598"}}, {"type": "Feature", "geometry": {"type": "LineString", "coordinates": [[24.836363, 36.06072], [24.836263, 36.06352]]}, "properties": {"name": "N Kakavaki St 1700 2298"}}, {"type": "Feature", "geometry": {"type": "LineString", "coordinates": [[24.837563, 36.06352], [24.836263, 36.06352]]}, "properties": {"name": "N Anrop St 6400 6498"}}, {"type": "Feature", "geometry": {"type": "LineString", "coordinates": [[24.834963, 36.06052], [24.833663, 36.06032]]}, "properties": {"name": "N Velestinou Blvd 6600 6698"}}, {"type": "Feature", "geometry": {"type": "LineString", "coordinates": [[24.835463, 36.06062], [24.834963, 36.06052]]}, "properties": {"name": "N Velestinou Blvd 6576 6598"}}, {"type": "Feature", "geometry": {"type": "LineString", "coordinates": [[24.835663, 36.05982], [24.835463, 36.06062]]}, "properties": {"name": "N Lakendra Pky 1650 1698"}}, {"type": "Feature", "geometry": {"type": "LineString", "coordinates": [[24.834563, 36.05722], [24.834063, 36.05922], [24.835663, 36.05982]]}, "properties": {"name": "Filota Rd 1300 1398"}}, {"type": "Feature", "geometry": {"type": "LineString", "coordinates": [[24.836363, 36.06072], [24.835463, 36.06062]]}, "properties": {"name": "N Velestinou Blvd 6500 6574"}}, {"type": "Feature", "geometry": {"type": "LineString", "coordinates": [[24.835963, 36.05952], [24.835663, 36.05982]]}, "properties": {"name": "N Lakendra Pky 1600 1648"}}, {"type": "Feature", "geometry": {"type": "LineString", "coordinates": [[24.838163, 36.05982], [24.837063, 36.05982], [24.835963, 36.05952]]}, "properties": {"name": "N Filippou Pl 6300 6398"}}, {"type": "Feature", "geometry": {"type": "LineString", "coordinates": [[24.830163, 36.05522], [24.830863, 36.05682]]}, "properties": {"name": "Mavromichali Dr 1100 1298"}}, {"type": "Feature", "geometry": {"type": "LineString", "coordinates": [[24.831763, 36.05652], [24.830863, 36.05682]]}, "properties": {"name": "N Agiasou St 6822 6898"}}, {"type": "Feature", "geometry": {"type": "LineString", "coordinates": [[24.831863, 36.05522], [24.831763, 36.05652]]}, "properties": {"name": "Rambla Ln 1100 1298"}}, {"type": "Feature", "geometry": {"type": "LineString", "coordinates": [[24.832963, 36.05662], [24.831763, 36.05652]]}, "properties": {"name": "N Agiasou St 6800 6820"}}, {"type": "Feature", "geometry": {"type": "LineString", "coordinates": [[24.832963, 36.05522], [24.832963, 36.05662]]}, "properties": {"name": "N Konitsis St 1100 1298"}}, {"type": "Feature", "geometry": {"type": "LineString", "coordinates": [[24.832963, 36.05522], [24.831863, 36.05522]]}, "properties": {"name": "N Achilleos St 6810 6846"}}, {"type": "Feature", "geometry": {"type": "LineString", "coordinates": [[24.831663, 36.05302], [24.830163, 36.05292]]}, "properties": {"name": "N Ermou St 6900 6998"}}, {"type": "Feature", "geometry": {"type": "LineString", "coordinates": [[24.832963, 36.05302], [24.831663, 36.05302]]}, "properties": {"name": "N Ermou St"}}, {"type": "Feature", "geometry": {"type": "LineString", "coordinates": [[24.831463, 36.05042], [24.831663, 36.05302]]}, "properties": {"name": "N Ptotagora St 600 898"}}, {"type": "Feature", "geometry": {"type": "LineString", "coordinates": [[24.833763, 36.05472], [24.833541, 36.054859]]}, "properties": {"name": "N Achilleos St"}}, {"type": "Feature", "geometry": {"type": "LineString", "coordinates": [[24.833763, 36.05302], [24.832963, 36.05302]]}, "properties": {"name": "N Ermou St 6700 6798"}}, {"type": "Feature", "geometry": {"type": "LineString", "coordinates": [[24.832964, 36.05042], [24.832963, 36.05302]]}, "properties": {"name": "N Konitsis St 600 698"}}, {"type": "Feature", "geometry": {"type": "LineString", "coordinates": [[24.833964, 36.05032], [24.833763, 36.05302]]}, "properties": {"name": "N Obil St 600 898"}}, {"type": "Feature", "geometry": {"type": "LineString", "coordinates": [[24.844036, 36.052201], [24.843464, 36.052209], [24.843213, 36.052226], [24.842761, 36.052328], [24.842585, 36.052447], [24.842259, 36.052515], [24.833763, 36.05302]]}, "properties": {"name": "N Ermou St 5900 6698"}}, {"type": "Feature", "geometry": {"type": "LineString", "coordinates": [[24.834589, 36.054009], [24.834467, 36.055505], [24.834467, 36.055772], [24.834666, 36.055894], [24.834788, 36.056001], [24.835108, 36.056039], [24.835505, 36.055993]]}, "properties": {"name": "Padarn St 901 999"}}, {"type": "Feature", "geometry": {"type": "LineString", "coordinates": [[24.836086, 36.054811], [24.835764, 36.055383], [24.835566, 36.055512], [24.835505, 36.055589], [24.835429, 36.055779], [24.835505, 36.055993]]}, "properties": {"name": "Kakavaki St 1000 1198"}}, {"type": "Feature", "geometry": {"type": "LineString", "coordinates": [[24.837163, 36.05752], [24.835863, 36.05772], [24.835263, 36.05842]]}, "properties": {"name": "Gkonas Ln 6500 6598"}}, {"type": "Feature", "geometry": {"type": "LineString", "coordinates": [[24.837163, 36.05752], [24.836863, 36.057923]]}, "properties": {"name": "N Lakendra Pky 1300 1306"}}, {"type": "Feature", "geometry": {"type": "LineString", "coordinates": [[24.835505, 36.055993], [24.835886, 36.056039], [24.836207, 36.056092]]}, "properties": {"name": "Padarn St 1001 1099"}}, {"type": "Feature", "geometry": {"type": "LineString", "coordinates": [[24.836086, 36.054811], [24.836727, 36.055146], [24.836727, 36.055291], [24.836605, 36.055459], [24.836406, 36.055589], [24.836207, 36.056092]]}, "properties": {"name": "Wenna St 1000 1148"}}, {"type": "Feature", "geometry": {"type": "LineString", "coordinates": [[24.837566, 36.054406], [24.837047, 36.054215], [24.836788, 36.054223], [24.836345, 36.054223], [24.836086, 36.054811]]}, "properties": {"name": "Kakavaki St 900 998"}}, {"type": "Feature", "geometry": {"type": "LineString", "coordinates": [[24.825963, 36.05042], [24.825863, 36.05092]]}, "properties": {"name": "N Noost St 600 698"}}, {"type": "Feature", "geometry": {"type": "LineString", "coordinates": [[24.827461, 36.050435], [24.825963, 36.05042]]}, "properties": {"name": "Egeou Ave 7200 7298"}}, {"type": "Feature", "geometry": {"type": "LineString", "coordinates": [[24.825963, 36.05042], [24.826063, 36.04842]]}, "properties": {"name": "S Noost St 601 799"}}, {"type": "Feature", "geometry": {"type": "LineString", "coordinates": [[24.827738, 36.051583], [24.827296, 36.051461], [24.826899, 36.051507], [24.82635, 36.051805]]}, "properties": {"name": "Sialens Pl"}}, {"type": "Feature", "geometry": {"type": "LineString", "coordinates": [[24.827461, 36.050435], [24.827463, 36.04842]]}, "properties": {"name": "S Mewnol St 601 799"}}, {"type": "Feature", "geometry": {"type": "LineString", "coordinates": [[24.824963, 36.04842], [24.824963, 36.04662]]}, "properties": {"name": "S Kassou St 801 999"}}, {"type": "Feature", "geometry": {"type": "LineString", "coordinates": [[24.826063, 36.04842], [24.824963, 36.04842]]}, "properties": {"name": "S Els St 7300 7398"}}, {"type": "Feature", "geometry": {"type": "LineString", "coordinates": [[24.824963, 36.04662], [24.824563, 36.04662]]}, "properties": {"name": "S Acera St 7400 7450"}}, {"type": "Feature", "geometry": {"type": "LineString", "coordinates": [[24.826163, 36.04662], [24.824963, 36.04662]]}, "properties": {"name": "S Acera St 7300 7398"}}, {"type": "Feature", "geometry": {"type": "LineString", "coordinates": [[24.827463, 36.04842], [24.826063, 36.04842]]}, "properties": {"name": "S Els St 7200 7298"}}, {"type": "Feature", "geometry": {"type": "LineString", "coordinates": [[24.826063, 36.04842], [24.826163, 36.04662]]}, "properties": {"name": "S Noost St 801 999"}}, {"type": "Feature", "geometry": {"type": "LineString", "coordinates": [[24.827463, 36.04842], [24.827463, 36.04662]]}, "properties": {"name": "S Mewnol St 801 999"}}, {"type": "Feature", "geometry": {"type": "LineString", "coordinates": [[24.828863, 36.04842], [24.827463, 36.04842]]}, "properties": {"name": "S Els St 7100 7198"}}, {"type": "Feature", "geometry": {"type": "LineString", "coordinates": [[24.827463, 36.04662], [24.826163, 36.04662]]}, "properties": {"name": "S Acera St 7200 7298"}}, {"type": "Feature", "geometry": {"type": "LineString", "coordinates": [[24.828963, 36.04662], [24.827463, 36.04662]]}, "properties": {"name": "S Acera St 7100 7198"}}, {"type": "Feature", "geometry": {"type": "LineString", "coordinates": [[24.828654, 36.051591], [24.827738, 36.051583]]}, "properties": {"name": "N Elefsinos Ave"}}, {"type": "Feature", "geometry": {"type": "LineString", "coordinates": [[24.828763, 36.05062], [24.828654, 36.051591]]}, "properties": {"name": "N Seranti Dr 620 628"}}, {"type": "Feature", "geometry": {"type": "LineString", "coordinates": [[24.828805, 36.050428], [24.828763, 36.05062]]}, "properties": {"name": "N Seranti Dr 600 618"}}, {"type": "Feature", "geometry": {"type": "LineString", "coordinates": [[24.828805, 36.050428], [24.828863, 36.04842]]}, "properties": {"name": "S Parlante St 601 799"}}, {"type": "Feature", "geometry": {"type": "LineString", "coordinates": [[24.830163, 36.05042], [24.828805, 36.050428]]}, "properties": {"name": "Egeou Ave 7000 7098"}}, {"type": "Feature", "geometry": {"type": "LineString", "coordinates": [[24.830163, 36.05042], [24.830263, 36.04842]]}, "properties": {"name": "S Lefkados St 601 799"}}, {"type": "Feature", "geometry": {"type": "LineString", "coordinates": [[24.831463, 36.05042], [24.830163, 36.05042]]}, "properties": {"name": "Egeou Ave 6900 6998"}}, {"type": "Feature", "geometry": {"type": "LineString", "coordinates": [[24.828863, 36.04842], [24.828963, 36.04662]]}, "properties": {"name": "S Parlante St 801 999"}}, {"type": "Feature", "geometry": {"type": "LineString", "coordinates": [[24.830263, 36.04842], [24.828863, 36.04842]]}, "properties": {"name": "S Els St 7000 7098"}}, {"type": "Feature", "geometry": {"type": "LineString", "coordinates": [[24.830263, 36.04842], [24.830264, 36.04672]]}, "properties": {"name": "S Lefkados St 801 999"}}, {"type": "Feature", "geometry": {"type": "LineString", "coordinates": [[24.831664, 36.04842], [24.830263, 36.04842]]}, "properties": {"name": "S Els St 6900 6998"}}, {"type": "Feature", "geometry": {"type": "LineString", "coordinates": [[24.830264, 36.04672], [24.828963, 36.04662]]}, "properties": {"name": "S Acera St 7000 7098"}}, {"type": "Feature", "geometry": {"type": "LineString", "coordinates": [[24.831664, 36.04662], [24.830264, 36.04672]]}, "properties": {"name": "S Acera St 6900 6998"}}, {"type": "Feature", "geometry": {"type": "LineString", "coordinates": [[24.832964, 36.05042], [24.831463, 36.05042]]}, "properties": {"name": "Egeou Ave 6800 6898"}}, {"type": "Feature", "geometry": {"type": "LineString", "coordinates": [[24.831463, 36.05042], [24.831664, 36.04842]]}, "properties": {"name": "S Ptotagora St 601 799"}}, {"type": "Feature", "geometry": {"type": "LineString", "coordinates": [[24.833964, 36.05032], [24.832964, 36.05042]]}, "properties": {"name": "Egeou Ave 6700 6798"}}, {"type": "Feature", "geometry": {"type": "LineString", "coordinates": [[24.832964, 36.05042], [24.832964, 36.04842]]}, "properties": {"name": "S Konitsis St 601 799"}}, {"type": "Feature", "geometry": {"type": "LineString", "coordinates": [[24.833964, 36.05032], [24.833864, 36.04842]]}, "properties": {"name": "S Obil St 601 645"}}, {"type": "Feature", "geometry": {"type": "LineString", "coordinates": [[24.844264, 36.05032], [24.833964, 36.05032]]}, "properties": {"name": "Egeou Ave 5900 6698"}}, {"type": "Feature", "geometry": {"type": "LineString", "coordinates": [[24.831664, 36.04842], [24.831664, 36.04662]]}, "properties": {"name": "S Ptotagora St 801 999"}}, {"type": "Feature", "geometry": {"type": "LineString", "coordinates": [[24.832964, 36.04842], [24.831664, 36.04842]]}, "properties": {"name": "S Els St 6800 6898"}}, {"type": "Feature", "geometry": {"type": "LineString", "coordinates": [[24.832964, 36.04662], [24.831664, 36.04662]]}, "properties": {"name": "S Acera St 6800 6898"}}, {"type": "Feature", "geometry": {"type": "LineString", "coordinates": [[24.833864, 36.04842], [24.832964, 36.04842]]}, "properties": {"name": "S Els St 6700 6798"}}, {"type": "Feature", "geometry": {"type": "LineString", "coordinates": [[24.832964, 36.04842], [24.832964, 36.04662]]}, "properties": {"name": "S Konitsis St 801 999"}}, {"type": "Feature", "geometry": {"type": "LineString", "coordinates": [[24.833864, 36.04842], [24.833964, 36.04662]]}, "properties": {"name": "S Obil St 647 999"}}, {"type": "Feature", "geometry": {"type": "LineString", "coordinates": [[24.837364, 36.04842], [24.833864, 36.04842]]}, "properties": {"name": "S Els St 6300 6698"}}, {"type": "Feature", "geometry": {"type": "LineString", "coordinates": [[24.833964, 36.04662], [24.832964, 36.04662]]}, "properties": {"name": "S Acera St 6700 6798"}}, {"type": "Feature", "geometry": {"type": "LineString", "coordinates": [[24.837764, 36.04662], [24.833964, 36.04662]]}, "properties": {"name": "S Acera St 6400 6698"}}, {"type": "Feature", "geometry": {"type": "LineString", "coordinates": [[24.835964, 36.045075], [24.835903, 36.045503], [24.835887, 36.045686], [24.835826, 36.045823], [24.835567, 36.046174]]}, "properties": {"name": ""}}, {"type": "Feature", "geometry": {"type": "LineString", "coordinates": [[24.835964, 36.045075], [24.835048, 36.045068]]}, "properties": {"name": ""}}, {"type": "Feature", "geometry": {"type": "LineString", "coordinates": [[24.837495, 36.09031], [24.837463, 36.09082]]}, "properties": {"name": "N Wenna St 4936 4948"}}, {"type": "Feature", "geometry": {"type": "LineString", "coordinates": [[24.836463, 36.09282], [24.837504, 36.09298]]}, "properties": {"name": "N Distomou St 6499 6461"}}, {"type": "Feature", "geometry": {"type": "LineString", "coordinates": [[24.837504, 36.09298], [24.839163, 36.09282]]}, "properties": {"name": "N Distomou St 6459 6401"}}, {"type": "Feature", "geometry": {"type": "LineString", "coordinates": [[24.837463, 36.09112], [24.836363, 36.09102]]}, "properties": {"name": "N Diogenous St 6400 6498"}}, {"type": "Feature", "geometry": {"type": "LineString", "coordinates": [[24.837463, 36.09082], [24.837463, 36.09112]]}, "properties": {"name": "N Wenna St 4950 4998"}}, {"type": "Feature", "geometry": {"type": "LineString", "coordinates": [[24.839163, 36.09082], [24.838827, 36.09082]]}, "properties": {"name": "N Diogenous St 6302 6350"}}, {"type": "Feature", "geometry": {"type": "LineString", "coordinates": [[24.837563, 36.08922], [24.837495, 36.09031]]}, "properties": {"name": "N Wenna St 4900 4934"}}, {"type": "Feature", "geometry": {"type": "LineString", "coordinates": [[24.839163, 36.09282], [24.839163, 36.09332]]}, "properties": {"name": "N Thermopilon St 5100 5198"}}, {"type": "Feature", "geometry": {"type": "LineString", "coordinates": [[24.839163, 36.09132], [24.839163, 36.09282]]}, "properties": {"name": "N Thermopilon St 5000 5098"}}, {"type": "Feature", "geometry": {"type": "LineString", "coordinates": [[24.840463, 36.09282], [24.839163, 36.09282]]}, "properties": {"name": "N Distomou St 6200 6298"}}, {"type": "Feature", "geometry": {"type": "LineString", "coordinates": [[24.839163, 36.09132], [24.837463, 36.09112]]}, "properties": {"name": "N Diogenous St 6222 6298"}}, {"type": "Feature", "geometry": {"type": "LineString", "coordinates": [[24.839163, 36.09082], [24.839163, 36.090977]]}, "properties": {"name": "N Thermopilon St"}}, {"type": "Feature", "geometry": {"type": "LineString", "coordinates": [[24.840363, 36.09132], [24.840044, 36.09132]]}, "properties": {"name": "N Diogenous St 6200 6202"}}, {"type": "Feature", "geometry": {"type": "LineString", "coordinates": [[24.840363, 36.09082], [24.839163, 36.09082]]}, "properties": {"name": "N Diogenous St"}}, {"type": "Feature", "geometry": {"type": "LineString", "coordinates": [[24.839163, 36.08922], [24.839163, 36.09082]]}, "properties": {"name": "N Thermopilon St 4900 4942"}}, {"type": "Feature", "geometry": {"type": "LineString", "coordinates": [[24.840463, 36.09102], [24.840363, 36.09132]]}, "properties": {"name": "N Gerantoni St 4972 4998"}}, {"type": "Feature", "geometry": {"type": "LineString", "coordinates": [[24.840463, 36.08912], [24.840363, 36.09082]]}, "properties": {"name": "N Gerantoni St 4900 4940"}}, {"type": "Feature", "geometry": {"type": "LineString", "coordinates": [[24.840463, 36.09432], [24.839163, 36.09332]]}, "properties": {"name": "N Peque Way 6200 6298"}}, {"type": "Feature", "geometry": {"type": "LineString", "coordinates": [[24.841763, 36.09482], [24.840463, 36.09432]]}, "properties": {"name": "N Peque Way 6100 6198"}}, {"type": "Feature", "geometry": {"type": "LineString", "coordinates": [[24.841763, 36.09282], [24.841763, 36.09482]]}, "properties": {"name": "N Ionnanon St 5100 5298"}}, {"type": "Feature", "geometry": {"type": "LineString", "coordinates": [[24.840363, 36.09132], [24.840373, 36.091464]]}, "properties": {"name": "N Gerantoni St 5000 5004"}}, {"type": "Feature", "geometry": {"type": "LineString", "coordinates": [[24.841763, 36.09282], [24.840463, 36.09282]]}, "properties": {"name": "N Distomou St 6100 6198"}}, {"type": "Feature", "geometry": {"type": "LineString", "coordinates": [[24.841663, 36.09092], [24.841711, 36.091833]]}, "properties": {"name": "N Ionnanon St 5000 5018"}}, {"type": "Feature", "geometry": {"type": "LineString", "coordinates": [[24.843063, 36.09282], [24.841763, 36.09282]]}, "properties": {"name": "N Distomou St 6000 6098"}}, {"type": "Feature", "geometry": {"type": "LineString", "coordinates": [[24.840363, 36.09082], [24.840463, 36.09102]]}, "properties": {"name": "N Gerantoni St 4942 4970"}}, {"type": "Feature", "geometry": {"type": "LineString", "coordinates": [[24.841663, 36.09092], [24.840463, 36.09102]]}, "properties": {"name": "N Diogenous St 6100 6198"}}, {"type": "Feature", "geometry": {"type": "LineString", "coordinates": [[24.843063, 36.09092], [24.841663, 36.09092]]}, "properties": {"name": "N Diogenous St 6000 6098"}}, {"type": "Feature", "geometry": {"type": "LineString", "coordinates": [[24.841663, 36.08912], [24.841663, 36.09092]]}, "properties": {"name": "N Ionnanon St 4900 4998"}}, {"type": "Feature", "geometry": {"type": "LineString", "coordinates": [[24.843063, 36.09092], [24.843063, 36.092166]]}, "properties": {"name": "N Tzavella St 5000 5030"}}, {"type": "Feature", "geometry": {"type": "LineString", "coordinates": [[24.844463, 36.09282], [24.843063, 36.09282]]}, "properties": {"name": "N Distomou St 5900 5998"}}, {"type": "Feature", "geometry": {"type": "LineString", "coordinates": [[24.843063, 36.08912], [24.843063, 36.09092]]}, "properties": {"name": "N Tzavella St 4900 4998"}}, {"type": "Feature", "geometry": {"type": "LineString", "coordinates": [[24.845763, 36.09402], [24.844463, 36.09402]]}, "properties": {"name": "N Dodonis St 5800 5898"}}, {"type": "Feature", "geometry": {"type": "LineString", "coordinates": [[24.844463, 36.09282], [24.844463, 36.09402]]}, "properties": {"name": "N Pilau St 5100 5198"}}, {"type": "Feature", "geometry": {"type": "LineString", "coordinates": [[24.845721, 36.092837], [24.845763, 36.09402]]}, "properties": {"name": "N Leeno St 5100 5198"}}, {"type": "Feature", "geometry": {"type": "LineString", "coordinates": [[24.847103, 36.094016], [24.845763, 36.09402]]}, "properties": {"name": "N Dodonis St 5600 5798"}}, {"type": "Feature", "geometry": {"type": "LineString", "coordinates": [[24.845463, 36.090173], [24.845463, 36.09092]]}, "properties": {"name": "N Leeno St 4976 4998"}}, {"type": "Feature", "geometry": {"type": "LineString", "coordinates": [[24.845721, 36.092837], [24.844463, 36.09282]]}, "properties": {"name": "N Distomou St 5800 5898"}}, {"type": "Feature", "geometry": {"type": "LineString", "coordinates": [[24.844486, 36.090919], [24.844447, 36.092324]]}, "properties": {"name": "N Pilau St 5000 5026"}}, {"type": "Feature", "geometry": {"type": "LineString", "coordinates": [[24.844486, 36.090919], [24.843063, 36.09092]]}, "properties": {"name": "N Diogenous St 5900 5998"}}, {"type": "Feature", "geometry": {"type": "LineString", "coordinates": [[24.845463, 36.09092], [24.844486, 36.090919]]}, "properties": {"name": "N Diogenous St 5800 5898"}}, {"type": "Feature", "geometry": {"type": "LineString", "coordinates": [[24.844447, 36.090163], [24.844486, 36.090919]]}, "properties": {"name": "N Pilau St 4916 4998"}}, {"type": "Feature", "geometry": {"type": "LineString", "coordinates": [[24.845681, 36.090919], [24.845741, 36.092391]]}, "properties": {"name": "N Leeno St 5000 5036"}}, {"type": "Feature", "geometry": {"type": "LineString", "coordinates": [[24.847063, 36.09282], [24.845721, 36.092837]]}, "properties": {"name": "N Distomou St 5600 5798"}}, {"type": "Feature", "geometry": {"type": "LineString", "coordinates": [[24.845681, 36.090919], [24.845463, 36.09092]]}, "properties": {"name": "N Diogenous St 5682 5798"}}, {"type": "Feature", "geometry": {"type": "LineString", "coordinates": [[24.846263, 36.09092], [24.845681, 36.090919]]}, "properties": {"name": "N Diogenous St 5656 5680"}}, {"type": "Feature", "geometry": {"type": "LineString", "coordinates": [[24.846963, 36.09092], [24.846263, 36.09092]]}, "properties": {"name": "N Diogenous St 5600 5654"}}, {"type": "Feature", "geometry": {"type": "LineString", "coordinates": [[24.846363, 36.09032], [24.846263, 36.09092]]}, "properties": {"name": "N Yinn Pl 4900 4998"}}, {"type": "Feature", "geometry": {"type": "LineString", "coordinates": [[24.848463, 36.09402], [24.847103, 36.094016]]}, "properties": {"name": "N Dodonis St 5500 5598"}}, {"type": "Feature", "geometry": {"type": "LineString", "coordinates": [[24.847063, 36.09282], [24.847103, 36.094016]]}, "properties": {"name": "N Yonille St 5100 5198"}}, {"type": "Feature", "geometry": {"type": "LineString", "coordinates": [[24.849863, 36.09402], [24.848463, 36.09402]]}, "properties": {"name": "N Dodonis St 5400 5498"}}, {"type": "Feature", "geometry": {"type": "LineString", "coordinates": [[24.84843, 36.092985], [24.848463, 36.09402]]}, "properties": {"name": "N Scarkeme St 5100 5198"}}, {"type": "Feature", "geometry": {"type": "LineString", "coordinates": [[24.849824, 36.092985], [24.849863, 36.09402]]}, "properties": {"name": "N Finiatur St 5100 5198"}}, {"type": "Feature", "geometry": {"type": "LineString", "coordinates": [[24.851836, 36.093863], [24.849863, 36.09402]]}, "properties": {"name": "N Dodonis St 5300 5398"}}, {"type": "Feature", "geometry": {"type": "LineString", "coordinates": [[24.846963, 36.09142], [24.847035, 36.09243]]}, "properties": {"name": "N Yonille St 5050 5082"}}, {"type": "Feature", "geometry": {"type": "LineString", "coordinates": [[24.849824, 36.092985], [24.84843, 36.092985]]}, "properties": {"name": "N Distomou St 5400 5498"}}, {"type": "Feature", "geometry": {"type": "LineString", "coordinates": [[24.846963, 36.09092], [24.846963, 36.09142]]}, "properties": {"name": "N Yonille St 5000 5048"}}, {"type": "Feature", "geometry": {"type": "LineString", "coordinates": [[24.849963, 36.09142], [24.846963, 36.09142]]}, "properties": {"name": "N Helice St 5420 5598"}}, {"type": "Feature", "geometry": {"type": "LineString", "coordinates": [[24.846936, 36.090123], [24.846963, 36.09092]]}, "properties": {"name": "N Yonille St 4944 4998"}}, {"type": "Feature", "geometry": {"type": "LineString", "coordinates": [[24.839163, 36.08922], [24.837563, 36.08922]]}, "properties": {"name": "N Desafio St 6300 6348"}}, {"type": "Feature", "geometry": {"type": "LineString", "coordinates": [[24.839176, 36.088751], [24.839163, 36.08922]]}, "properties": {"name": "N Thermopilon St 4830 4898"}}, {"type": "Feature", "geometry": {"type": "LineString", "coordinates": [[24.840463, 36.08912], [24.839163, 36.08922]]}, "properties": {"name": "N Desafio St 6200 6298"}}, {"type": "Feature", "geometry": {"type": "LineString", "coordinates": [[24.839163, 36.08782], [24.839176, 36.088751]]}, "properties": {"name": "N Thermopilon St 4800 4828"}}, {"type": "Feature", "geometry": {"type": "LineString", "coordinates": [[24.840363, 36.08782], [24.839163, 36.08782]]}, "properties": {"name": "N Derwen St 6200 6298"}}, {"type": "Feature", "geometry": {"type": "LineString", "coordinates": [[24.839063, 36.08562], [24.839163, 36.08782]]}, "properties": {"name": "N Thermopilon St 4600 4798"}}, {"type": "Feature", "geometry": {"type": "LineString", "coordinates": [[24.840363, 36.08562], [24.840363, 36.08782]]}, "properties": {"name": "N Gerantoni St 4600 4798"}}, {"type": "Feature", "geometry": {"type": "LineString", "coordinates": [[24.841663, 36.08782], [24.840363, 36.08782]]}, "properties": {"name": "N Derwen St 6100 6198"}}, {"type": "Feature", "geometry": {"type": "LineString", "coordinates": [[24.838263, 36.08562], [24.838263, 36.08672], [24.837263, 36.08672]]}, "properties": {"name": "N Inuti Dr 4600 4640"}}, {"type": "Feature", "geometry": {"type": "LineString", "coordinates": [[24.839063, 36.08462], [24.837563, 36.08462]]}, "properties": {"name": "N Darluniau St 6300 6398"}}, {"type": "Feature", "geometry": {"type": "LineString", "coordinates": [[24.837563, 36.08192], [24.837563, 36.08462]]}, "properties": {"name": "N Wenna St 4200 4498"}}, {"type": "Feature", "geometry": {"type": "LineString", "coordinates": [[24.839063, 36.08562], [24.838263, 36.08562]]}, "properties": {"name": "N Delfon St 6300 6398"}}, {"type": "Feature", "geometry": {"type": "LineString", "coordinates": [[24.839063, 36.08462], [24.839063, 36.08562]]}, "properties": {"name": "N Thermopilon St 4500 4598"}}, {"type": "Feature", "geometry": {"type": "LineString", "coordinates": [[24.840363, 36.08562], [24.839063, 36.08562]]}, "properties": {"name": "N Delfon St 6200 6298"}}, {"type": "Feature", "geometry": {"type": "LineString", "coordinates": [[24.840363, 36.08462], [24.839063, 36.08462]]}, "properties": {"name": "N Darluniau St 6200 6298"}}, {"type": "Feature", "geometry": {"type": "LineString", "coordinates": [[24.839063, 36.08192], [24.839063, 36.08462]]}, "properties": {"name": "N Thermopilon St 4200 4498"}}, {"type": "Feature", "geometry": {"type": "LineString", "coordinates": [[24.840363, 36.08462], [24.840363, 36.08562]]}, "properties": {"name": "N Gerantoni St 4500 4598"}}, {"type": "Feature", "geometry": {"type": "LineString", "coordinates": [[24.841563, 36.08562], [24.841463, 36.08562]]}, "properties": {"name": "N Delfon St 6100 6106"}}, {"type": "Feature", "geometry": {"type": "LineString", "coordinates": [[24.841463, 36.08462], [24.840363, 36.08462]]}, "properties": {"name": "N Darluniau St 5916 6198"}}, {"type": "Feature", "geometry": {"type": "LineString", "coordinates": [[24.840263, 36.08192], [24.840363, 36.08462]]}, "properties": {"name": "N Gerantoni St 4200 4498"}}, {"type": "Feature", "geometry": {"type": "LineString", "coordinates": [[24.840363, 36.08782], [24.840463, 36.08912]]}, "properties": {"name": "N Gerantoni St 4800 4898"}}, {"type": "Feature", "geometry": {"type": "LineString", "coordinates": [[24.841663, 36.08912], [24.840463, 36.08912]]}, "properties": {"name": "N Desafio St 6100 6198"}}, {"type": "Feature", "geometry": {"type": "LineString", "coordinates": [[24.841663, 36.08782], [24.841663, 36.08912]]}, "properties": {"name": "N Ionnanon St 4800 4898"}}, {"type": "Feature", "geometry": {"type": "LineString", "coordinates": [[24.843063, 36.08912], [24.841663, 36.08912]]}, "properties": {"name": "N Desafio St 6000 6098"}}, {"type": "Feature", "geometry": {"type": "LineString", "coordinates": [[24.843063, 36.08782], [24.841663, 36.08782]]}, "properties": {"name": "N Derwen St 6000 6098"}}, {"type": "Feature", "geometry": {"type": "LineString", "coordinates": [[24.841563, 36.08562], [24.841663, 36.08782]]}, "properties": {"name": "N Ionnanon St 4600 4798"}}, {"type": "Feature", "geometry": {"type": "LineString", "coordinates": [[24.843063, 36.08782], [24.843063, 36.08912]]}, "properties": {"name": "N Tzavella St 4800 4898"}}, {"type": "Feature", "geometry": {"type": "LineString", "coordinates": [[24.844486, 36.089002], [24.843063, 36.08912]]}, "properties": {"name": "N Desafio St 5900 5998"}}, {"type": "Feature", "geometry": {"type": "LineString", "coordinates": [[24.843064, 36.085551], [24.843063, 36.08782]]}, "properties": {"name": "N Tzavella St 4600 4798"}}, {"type": "Feature", "geometry": {"type": "LineString", "coordinates": [[24.844463, 36.08782], [24.843063, 36.08782]]}, "properties": {"name": "N Derwen St 5900 5998"}}, {"type": "Feature", "geometry": {"type": "LineString", "coordinates": [[24.843064, 36.085551], [24.841563, 36.08562]]}, "properties": {"name": "N Delfon St 6000 6098"}}, {"type": "Feature", "geometry": {"type": "LineString", "coordinates": [[24.841463, 36.08462], [24.841463, 36.08492]]}, "properties": {"name": "N Ionnanon St 4500 4548"}}, {"type": "Feature", "geometry": {"type": "LineString", "coordinates": [[24.843063, 36.08462], [24.841463, 36.08462]]}, "properties": {"name": "N Darluniau St"}}, {"type": "Feature", "geometry": {"type": "LineString", "coordinates": [[24.843063, 36.08462], [24.843064, 36.085551]]}, "properties": {"name": "N Tzavella St 4500 4598"}}, {"type": "Feature", "geometry": {"type": "LineString", "coordinates": [[24.844363, 36.08462], [24.843063, 36.08462]]}, "properties": {"name": "N Darluniau St 5900 5914"}}, {"type": "Feature", "geometry": {"type": "LineString", "coordinates": [[24.839063, 36.08192], [24.837563, 36.08192]]}, "properties": {"name": "N Carnero St 6300 6398"}}, {"type": "Feature", "geometry": {"type": "LineString", "coordinates": [[24.837463, 36.08002], [24.837563, 36.08192]]}, "properties": {"name": "N Wenna St 4000 4198"}}, {"type": "Feature", "geometry": {"type": "LineString", "coordinates": [[24.840263, 36.08192], [24.839063, 36.08192]]}, "properties": {"name": "N Carnero St 6200 6298"}}, {"type": "Feature", "geometry": {"type": "LineString", "coordinates": [[24.838984, 36.079453], [24.839063, 36.08192]]}, "properties": {"name": "N Thermopilon St 3900 4198"}}, {"type": "Feature", "geometry": {"type": "LineString", "coordinates": [[24.841761, 36.081869], [24.840263, 36.08192]]}, "properties": {"name": "N Carnero St 6100 6198"}}, {"type": "Feature", "geometry": {"type": "LineString", "coordinates": [[24.840144, 36.080728], [24.840205, 36.081399]]}, "properties": {"name": "N Havet Dr 4000 4098"}}, {"type": "Feature", "geometry": {"type": "LineString", "coordinates": [[24.837563, 36.07702], [24.837463, 36.08002]]}, "properties": {"name": "N Wenna St 3700 3998"}}, {"type": "Feature", "geometry": {"type": "LineString", "coordinates": [[24.840144, 36.079942], [24.840144, 36.080728]]}, "properties": {"name": "N Havet Dr 3940 3998"}}, {"type": "Feature", "geometry": {"type": "LineString", "coordinates": [[24.840144, 36.079415], [24.840144, 36.079942]]}, "properties": {"name": "N Havet Dr 3900 3938"}}, {"type": "Feature", "geometry": {"type": "LineString", "coordinates": [[24.841319, 36.079934], [24.840144, 36.079942]]}, "properties": {"name": "N Brada St 6100 6198"}}, {"type": "Feature", "geometry": {"type": "LineString", "coordinates": [[24.838984, 36.079453], [24.840144, 36.079415]]}, "properties": {"name": "N Brada St 6299 6215"}}, {"type": "Feature", "geometry": {"type": "LineString", "coordinates": [[24.839091, 36.077012], [24.838984, 36.079453]]}, "properties": {"name": "N Thermopilon St 3700 3898"}}, {"type": "Feature", "geometry": {"type": "LineString", "coordinates": [[24.841761, 36.08143], [24.841761, 36.081869]]}, "properties": {"name": "Ionnanon St"}}, {"type": "Feature", "geometry": {"type": "LineString", "coordinates": [[24.840205, 36.081399], [24.841761, 36.08143]]}, "properties": {"name": "N Carden St 6135 6101"}}, {"type": "Feature", "geometry": {"type": "LineString", "coordinates": [[24.841319, 36.079515], [24.841319, 36.079934]]}, "properties": {"name": ""}}, {"type": "Feature", "geometry": {"type": "LineString", "coordinates": [[24.840144, 36.080728], [24.842478, 36.080766], [24.842629, 36.080767]]}, "properties": {"name": "N Camino St 6199 6103"}}, {"type": "Feature", "geometry": {"type": "LineString", "coordinates": [[24.842677, 36.079057], [24.84286, 36.079186]]}, "properties": {"name": ""}}, {"type": "Feature", "geometry": {"type": "LineString", "coordinates": [[24.843714, 36.078851], [24.84286, 36.079186]]}, "properties": {"name": "N Ionnanon St 3900 3934"}}, {"type": "Feature", "geometry": {"type": "LineString", "coordinates": [[24.844463, 36.08952], [24.844447, 36.090163]]}, "properties": {"name": "N Pilau St 4908 4914"}}, {"type": "Feature", "geometry": {"type": "LineString", "coordinates": [[24.844486, 36.089002], [24.844463, 36.08952]]}, "properties": {"name": "N Pilau St 4900 4906"}}, {"type": "Feature", "geometry": {"type": "LineString", "coordinates": [[24.846905, 36.089517], [24.845463, 36.08952]]}, "properties": {"name": "N Desafio St 5600 5622"}}, {"type": "Feature", "geometry": {"type": "LineString", "coordinates": [[24.844463, 36.08862], [24.844486, 36.089002]]}, "properties": {"name": "N Pilau St 4850 4898"}}, {"type": "Feature", "geometry": {"type": "LineString", "coordinates": [[24.844463, 36.08782], [24.844463, 36.08862]]}, "properties": {"name": "N Pilau St 4800 4848"}}, {"type": "Feature", "geometry": {"type": "LineString", "coordinates": [[24.846063, 36.08862], [24.844463, 36.08862]]}, "properties": {"name": "N Rees St 5700 5898"}}, {"type": "Feature", "geometry": {"type": "LineString", "coordinates": [[24.846063, 36.08782], [24.844463, 36.08782]]}, "properties": {"name": "N Derwen St 5700 5898"}}, {"type": "Feature", "geometry": {"type": "LineString", "coordinates": [[24.844473, 36.087127], [24.844463, 36.08782]]}, "properties": {"name": "N Pilau St 4732 4798"}}, {"type": "Feature", "geometry": {"type": "LineString", "coordinates": [[24.846063, 36.08782], [24.846063, 36.08862]]}, "properties": {"name": "N Leeno St 4800 4848"}}, {"type": "Feature", "geometry": {"type": "LineString", "coordinates": [[24.847763, 36.08772], [24.846063, 36.08782]]}, "properties": {"name": "N Derwen St 5600 5698"}}, {"type": "Feature", "geometry": {"type": "LineString", "coordinates": [[24.844463, 36.08632], [24.844473, 36.087127]]}, "properties": {"name": "N Pilau St 4666 4730"}}, {"type": "Feature", "geometry": {"type": "LineString", "coordinates": [[24.844463, 36.08552], [24.844463, 36.08632]]}, "properties": {"name": "N Pilau St 4600 4664"}}, {"type": "Feature", "geometry": {"type": "LineString", "coordinates": [[24.845963, 36.08462], [24.844363, 36.08462]]}, "properties": {"name": "N Darluniau St 5700 5898"}}, {"type": "Feature", "geometry": {"type": "LineString", "coordinates": [[24.844463, 36.08372], [24.844363, 36.08462]]}, "properties": {"name": "N Pilau St 4400 4498"}}, {"type": "Feature", "geometry": {"type": "LineString", "coordinates": [[24.844463, 36.08552], [24.843064, 36.085551]]}, "properties": {"name": "N Delfon St 5900 5998"}}, {"type": "Feature", "geometry": {"type": "LineString", "coordinates": [[24.844363, 36.08462], [24.844463, 36.08552]]}, "properties": {"name": "N Pilau St 4500 4598"}}, {"type": "Feature", "geometry": {"type": "LineString", "coordinates": [[24.845963, 36.08552], [24.844463, 36.08552]]}, "properties": {"name": "N Delfon St 5700 5898"}}, {"type": "Feature", "geometry": {"type": "LineString", "coordinates": [[24.845934, 36.086329], [24.845963, 36.08712]]}, "properties": {"name": "N Leeno St 4700 4714"}}, {"type": "Feature", "geometry": {"type": "LineString", "coordinates": [[24.845934, 36.086329], [24.844463, 36.08632]]}, "properties": {"name": "N Dentro St 5700 5898"}}, {"type": "Feature", "geometry": {"type": "LineString", "coordinates": [[24.845963, 36.08552], [24.845934, 36.086329]]}, "properties": {"name": "N Leeno St 4600 4698"}}, {"type": "Feature", "geometry": {"type": "LineString", "coordinates": [[24.847863, 36.086334], [24.845934, 36.086329]]}, "properties": {"name": "N Dentro St 5600 5698"}}, {"type": "Feature", "geometry": {"type": "LineString", "coordinates": [[24.845963, 36.08462], [24.845963, 36.08552]]}, "properties": {"name": "N Leeno St 4500 4598"}}, {"type": "Feature", "geometry": {"type": "LineString", "coordinates": [[24.847863, 36.08542], [24.845963, 36.08552]]}, "properties": {"name": "N Delfon St 5600 5698"}}, {"type": "Feature", "geometry": {"type": "LineString", "coordinates": [[24.847823, 36.084604], [24.845963, 36.08462]]}, "properties": {"name": "N Darluniau St 5600 5698"}}, {"type": "Feature", "geometry": {"type": "LineString", "coordinates": [[24.844447, 36.090163], [24.845463, 36.090173]]}, "properties": {"name": "Reto Way"}}, {"type": "Feature", "geometry": {"type": "LineString", "coordinates": [[24.846905, 36.089517], [24.846936, 36.090123]]}, "properties": {"name": "N Yonille St 4916 4942"}}, {"type": "Feature", "geometry": {"type": "LineString", "coordinates": [[24.849613, 36.089516], [24.846905, 36.089517]]}, "properties": {"name": "N Desafio St 5424 5598"}}, {"type": "Feature", "geometry": {"type": "LineString", "coordinates": [[24.846936, 36.090123], [24.847849, 36.090127]]}, "properties": {"name": "Reto Way"}}, {"type": "Feature", "geometry": {"type": "LineString", "coordinates": [[24.847849, 36.090127], [24.850642, 36.090081]]}, "properties": {"name": "Reto Way 5443 5449"}}, {"type": "Feature", "geometry": {"type": "LineString", "coordinates": [[24.847737, 36.087125], [24.847763, 36.08772]]}, "properties": {"name": "N Yonille St"}}, {"type": "Feature", "geometry": {"type": "LineString", "coordinates": [[24.849663, 36.08892], [24.849613, 36.089516]]}, "properties": {"name": "N Scarkeme St 4874 4898"}}, {"type": "Feature", "geometry": {"type": "LineString", "coordinates": [[24.850663, 36.08952], [24.849613, 36.089516]]}, "properties": {"name": "N Desafio St 5400 5422"}}, {"type": "Feature", "geometry": {"type": "LineString", "coordinates": [[24.849663, 36.08862], [24.849663, 36.08892]]}, "properties": {"name": "N Scarkeme St 4836 4872"}}, {"type": "Feature", "geometry": {"type": "LineString", "coordinates": [[24.849663, 36.08782], [24.849663, 36.08862]]}, "properties": {"name": "N Scarkeme St 4800 4834"}}, {"type": "Feature", "geometry": {"type": "LineString", "coordinates": [[24.852045, 36.088604], [24.849663, 36.08862]]}, "properties": {"name": "N Rees St 5300 5498"}}, {"type": "Feature", "geometry": {"type": "LineString", "coordinates": [[24.849663, 36.08782], [24.847763, 36.08772]]}, "properties": {"name": "N Derwen St 5450 5598"}}, {"type": "Feature", "geometry": {"type": "LineString", "coordinates": [[24.852066, 36.087731], [24.849663, 36.08782]]}, "properties": {"name": "N Derwen St 5300 5448"}}, {"type": "Feature", "geometry": {"type": "LineString", "coordinates": [[24.847863, 36.086334], [24.847737, 36.087125]]}, "properties": {"name": "N Yonille St 4700 4720"}}, {"type": "Feature", "geometry": {"type": "LineString", "coordinates": [[24.847863, 36.08542], [24.847863, 36.086334]]}, "properties": {"name": "N Yonille St 4600 4698"}}, {"type": "Feature", "geometry": {"type": "LineString", "coordinates": [[24.847823, 36.084604], [24.847863, 36.08542]]}, "properties": {"name": "N Yonille St 4500 4598"}}, {"type": "Feature", "geometry": {"type": "LineString", "coordinates": [[24.849663, 36.08542], [24.847863, 36.08542]]}, "properties": {"name": "N Delfon St 5424 5598"}}, {"type": "Feature", "geometry": {"type": "LineString", "coordinates": [[24.849663, 36.08452], [24.847823, 36.084604]]}, "properties": {"name": "N Darluniau St 5500 5598"}}, {"type": "Feature", "geometry": {"type": "LineString", "coordinates": [[24.847863, 36.08362], [24.847823, 36.084604]]}, "properties": {"name": "N Yonille St 4400 4498"}}, {"type": "Feature", "geometry": {"type": "LineString", "coordinates": [[24.849532, 36.086315], [24.847863, 36.086334]]}, "properties": {"name": "N Dentro St 5450 5598"}}, {"type": "Feature", "geometry": {"type": "LineString", "coordinates": [[24.852149, 36.086309], [24.84964, 36.086334]]}, "properties": {"name": "N Dentro St 5300 5398"}}, {"type": "Feature", "geometry": {"type": "LineString", "coordinates": [[24.849663, 36.08542], [24.849604, 36.085984]]}, "properties": {"name": "N Scarkeme St"}}, {"type": "Feature", "geometry": {"type": "LineString", "coordinates": [[24.849663, 36.08452], [24.849663, 36.08542]]}, "properties": {"name": "N Scarkeme St 4500 4598"}}, {"type": "Feature", "geometry": {"type": "LineString", "coordinates": [[24.850963, 36.08542], [24.849663, 36.08542]]}, "properties": {"name": "N Delfon St 5400 5422"}}, {"type": "Feature", "geometry": {"type": "LineString", "coordinates": [[24.849663, 36.08362], [24.849663, 36.08452]]}, "properties": {"name": "N Scarkeme St 4400 4498"}}, {"type": "Feature", "geometry": {"type": "LineString", "coordinates": [[24.850963, 36.08452], [24.849663, 36.08452]]}, "properties": {"name": "N Darluniau St 5400 5498"}}, {"type": "Feature", "geometry": {"type": "LineString", "coordinates": [[24.844463, 36.08272], [24.844463, 36.08372]]}, "properties": {"name": "N Pilau St 4300 4398"}}, {"type": "Feature", "geometry": {"type": "LineString", "coordinates": [[24.845963, 36.08362], [24.844463, 36.08372]]}, "properties": {"name": "N Dafnidos St 5700 5798"}}, {"type": "Feature", "geometry": {"type": "LineString", "coordinates": [[24.841761, 36.08143], [24.843638, 36.08143]]}, "properties": {"name": "N Carden St 6099 6001"}}, {"type": "Feature", "geometry": {"type": "LineString", "coordinates": [[24.843638, 36.08143], [24.843638, 36.080773]]}, "properties": {"name": "N Tzavella St 4099 3939"}}, {"type": "Feature", "geometry": {"type": "LineString", "coordinates": [[24.844355, 36.079408], [24.844363, 36.08182]]}, "properties": {"name": "N Pilau St 3900 4098"}}, {"type": "Feature", "geometry": {"type": "LineString", "coordinates": [[24.844363, 36.08182], [24.844463, 36.08272]]}, "properties": {"name": "N Pilau St 4200 4298"}}, {"type": "Feature", "geometry": {"type": "LineString", "coordinates": [[24.845963, 36.08272], [24.844463, 36.08272]]}, "properties": {"name": "N Carretera St 5700 5898"}}, {"type": "Feature", "geometry": {"type": "LineString", "coordinates": [[24.845963, 36.08272], [24.845963, 36.08362]]}, "properties": {"name": "N Leeno St 4300 4398"}}, {"type": "Feature", "geometry": {"type": "LineString", "coordinates": [[24.847863, 36.08362], [24.845963, 36.08362]]}, "properties": {"name": "N Dafnidos St 5600 5698"}}, {"type": "Feature", "geometry": {"type": "LineString", "coordinates": [[24.845956, 36.081826], [24.845963, 36.08272]]}, "properties": {"name": "N Leeno St 4200 4298"}}, {"type": "Feature", "geometry": {"type": "LineString", "coordinates": [[24.847763, 36.08272], [24.845963, 36.08272]]}, "properties": {"name": "N Carretera St 5600 5698"}}, {"type": "Feature", "geometry": {"type": "LineString", "coordinates": [[24.845956, 36.081826], [24.844363, 36.08182]]}, "properties": {"name": "N Carnero St 5700 5898"}}, {"type": "Feature", "geometry": {"type": "LineString", "coordinates": [[24.845863, 36.08062], [24.845906, 36.081179]]}, "properties": {"name": "N Leeno St 4000 4098"}}, {"type": "Feature", "geometry": {"type": "LineString", "coordinates": [[24.846797, 36.080613], [24.845863, 36.08062]]}, "properties": {"name": "N Camino St 5600 5652"}}, {"type": "Feature", "geometry": {"type": "LineString", "coordinates": [[24.843638, 36.080773], [24.843714, 36.078851]]}, "properties": {"name": "N Tzavella St 3937 3901"}}, {"type": "Feature", "geometry": {"type": "LineString", "coordinates": [[24.844279, 36.07631], [24.844355, 36.079408]]}, "properties": {"name": "N Pilau St"}}, {"type": "Feature", "geometry": {"type": "LineString", "coordinates": [[24.844355, 36.079408], [24.844935, 36.079453]]}, "properties": {"name": "N Brada St"}}, {"type": "Feature", "geometry": {"type": "LineString", "coordinates": [[24.845463, 36.07972], [24.845863, 36.08062]]}, "properties": {"name": "N Leeno St 3924 3998"}}, {"type": "Feature", "geometry": {"type": "LineString", "coordinates": [[24.848063, 36.08102], [24.846663, 36.08112]]}, "properties": {"name": "N Carden St 5600 5648"}}, {"type": "Feature", "geometry": {"type": "LineString", "coordinates": [[24.847763, 36.08272], [24.847863, 36.08362]]}, "properties": {"name": "N Yonille St 4300 4398"}}, {"type": "Feature", "geometry": {"type": "LineString", "coordinates": [[24.849663, 36.08362], [24.847863, 36.08362]]}, "properties": {"name": "N Dafnidos St 5500 5598"}}, {"type": "Feature", "geometry": {"type": "LineString", "coordinates": [[24.848063, 36.08102], [24.847868, 36.081808]]}, "properties": {"name": "N Yonille St 4100 4198"}}, {"type": "Feature", "geometry": {"type": "LineString", "coordinates": [[24.849532, 36.082647], [24.849663, 36.08362]]}, "properties": {"name": ""}}, {"type": "Feature", "geometry": {"type": "LineString", "coordinates": [[24.850963, 36.08362], [24.849663, 36.08362]]}, "properties": {"name": "N Dafnidos St 5400 5498"}}, {"type": "Feature", "geometry": {"type": "LineString", "coordinates": [[24.847763, 36.08272], [24.849532, 36.082647]]}, "properties": {"name": "N Carretera St"}}, {"type": "Feature", "geometry": {"type": "LineString", "coordinates": [[24.849532, 36.082647], [24.850965, 36.082703]]}, "properties": {"name": "N Carretera St 5499 5401"}}, {"type": "Feature", "geometry": {"type": "LineString", "coordinates": [[24.849684, 36.080057], [24.849681, 36.081069]]}, "properties": {"name": "N Scarkeme St"}}, {"type": "Feature", "geometry": {"type": "LineString", "coordinates": [[24.849632, 36.081709], [24.850863, 36.08172]]}, "properties": {"name": "N Carnero St 5499 5401"}}, {"type": "Feature", "geometry": {"type": "LineString", "coordinates": [[24.847868, 36.081808], [24.847763, 36.08272]]}, "properties": {"name": "N Yonille St 4200 4298"}}, {"type": "Feature", "geometry": {"type": "LineString", "coordinates": [[24.847868, 36.081808], [24.849632, 36.081709]]}, "properties": {"name": "N Carnero St 5599 5501"}}, {"type": "Feature", "geometry": {"type": "LineString", "coordinates": [[24.849063, 36.08102], [24.848063, 36.08102]]}, "properties": {"name": "N Carden St 5500 5598"}}, {"type": "Feature", "geometry": {"type": "LineString", "coordinates": [[24.848763, 36.08002], [24.848063, 36.08102]]}, "properties": {"name": "N Yonille St 4000 4098"}}, {"type": "Feature", "geometry": {"type": "LineString", "coordinates": [[24.84817, 36.079644], [24.848429, 36.079278]]}, "properties": {"name": "N Yonille St 3899 3875"}}, {"type": "Feature", "geometry": {"type": "LineString", "coordinates": [[24.848663, 36.07962], [24.848763, 36.08002]]}, "properties": {"name": "N Yonille St 3900 3998"}}, {"type": "Feature", "geometry": {"type": "LineString", "coordinates": [[24.849263, 36.08002], [24.848763, 36.08002]]}, "properties": {"name": "N Camino St 5500 5598"}}, {"type": "Feature", "geometry": {"type": "LineString", "coordinates": [[24.84817, 36.079644], [24.848663, 36.07962]]}, "properties": {"name": ""}}, {"type": "Feature", "geometry": {"type": "LineString", "coordinates": [[24.849763, 36.07902], [24.849684, 36.080057]]}, "properties": {"name": "N Scarkeme St"}}, {"type": "Feature", "geometry": {"type": "LineString", "coordinates": [[24.851163, 36.07992], [24.849684, 36.080057]]}, "properties": {"name": "N Camino St 5400 5498"}}, {"type": "Feature", "geometry": {"type": "LineString", "coordinates": [[24.848429, 36.079278], [24.849146, 36.079248]]}, "properties": {"name": "N Yonille St"}}, {"type": "Feature", "geometry": {"type": "LineString", "coordinates": [[24.851263, 36.07902], [24.849763, 36.07902]]}, "properties": {"name": "N Brada St 5400 5498"}}, {"type": "Feature", "geometry": {"type": "LineString", "coordinates": [[24.852263, 36.07802], [24.850963, 36.07802]]}, "properties": {"name": "N Blant St 5300 5400"}}, {"type": "Feature", "geometry": {"type": "LineString", "coordinates": [[24.849663, 36.07612], [24.849763, 36.07802]]}, "properties": {"name": "N Scarkeme St 3700 3798"}}, {"type": "Feature", "geometry": {"type": "LineString", "coordinates": [[24.851976, 36.092418], [24.851836, 36.093863]]}, "properties": {"name": "Karatasou Way 5100 5198"}}, {"type": "Feature", "geometry": {"type": "LineString", "coordinates": [[24.852135, 36.092648], [24.851836, 36.093863]]}, "properties": {"name": "Karatasou Way"}}, {"type": "Feature", "geometry": {"type": "LineString", "coordinates": [[24.851968, 36.091381], [24.851976, 36.092418]]}, "properties": {"name": "N Filis St 5016 5130"}}, {"type": "Feature", "geometry": {"type": "LineString", "coordinates": [[24.853788, 36.092337], [24.852135, 36.092648]]}, "properties": {"name": "Rodou Tunl"}}, {"type": "Feature", "geometry": {"type": "LineString", "coordinates": [[24.851963, 36.09052], [24.851968, 36.091381]]}, "properties": {"name": "N Filis St 4962 5014"}}, {"type": "Feature", "geometry": {"type": "LineString", "coordinates": [[24.854983, 36.092121], [24.853788, 36.092337]]}, "properties": {"name": "Rist Way 5100 5198"}}, {"type": "Feature", "geometry": {"type": "LineString", "coordinates": [[24.856563, 36.09152], [24.854983, 36.092121]]}, "properties": {"name": "Rist Way 5000 5098"}}, {"type": "Feature", "geometry": {"type": "LineString", "coordinates": [[24.855003, 36.089515], [24.855029, 36.090823]]}, "properties": {"name": "N Parla St 4908 4998"}}, {"type": "Feature", "geometry": {"type": "LineString", "coordinates": [[24.860663, 36.08952], [24.856563, 36.09152]]}, "properties": {"name": "Rist Way 4700 4998"}}, {"type": "Feature", "geometry": {"type": "LineString", "coordinates": [[24.850642, 36.090081], [24.850651, 36.090521]]}, "properties": {"name": "N Finiatur St"}}, {"type": "Feature", "geometry": {"type": "LineString", "coordinates": [[24.850663, 36.08952], [24.850642, 36.090081]]}, "properties": {"name": "N Finiatur St"}}, {"type": "Feature", "geometry": {"type": "LineString", "coordinates": [[24.850654, 36.088902], [24.850663, 36.08952]]}, "properties": {"name": "N Finiatur St 4850 4904"}}, {"type": "Feature", "geometry": {"type": "LineString", "coordinates": [[24.851963, 36.09052], [24.850651, 36.090521]]}, "properties": {"name": "N Hix St 5300 5398"}}, {"type": "Feature", "geometry": {"type": "LineString", "coordinates": [[24.851939, 36.090081], [24.851963, 36.09052]]}, "properties": {"name": "N Filis St 4936 4960"}}, {"type": "Feature", "geometry": {"type": "LineString", "coordinates": [[24.850642, 36.090081], [24.851939, 36.090081]]}, "properties": {"name": "Reto Way"}}, {"type": "Feature", "geometry": {"type": "LineString", "coordinates": [[24.851983, 36.08952], [24.851939, 36.090081]]}, "properties": {"name": "N Filis St 4900 4934"}}, {"type": "Feature", "geometry": {"type": "LineString", "coordinates": [[24.852004, 36.0889], [24.851983, 36.08952]]}, "properties": {"name": "N Filis St 4874 4898"}}, {"type": "Feature", "geometry": {"type": "LineString", "coordinates": [[24.852045, 36.088604], [24.852004, 36.0889]]}, "properties": {"name": "N Filis St 4850 4872"}}, {"type": "Feature", "geometry": {"type": "LineString", "coordinates": [[24.852066, 36.087731], [24.852045, 36.088604]]}, "properties": {"name": "N Filis St 4800 4848"}}, {"type": "Feature", "geometry": {"type": "LineString", "coordinates": [[24.852087, 36.087027], [24.852066, 36.087731]]}, "properties": {"name": "N Filis St 4750 4798"}}, {"type": "Feature", "geometry": {"type": "LineString", "coordinates": [[24.855036, 36.087759], [24.852066, 36.087731]]}, "properties": {"name": "N Derwen St 5100 5298"}}, {"type": "Feature", "geometry": {"type": "LineString", "coordinates": [[24.850963, 36.08452], [24.850963, 36.08542]]}, "properties": {"name": "N Finiatur St 4500 4598"}}, {"type": "Feature", "geometry": {"type": "LineString", "coordinates": [[24.85217, 36.085393], [24.850963, 36.08542]]}, "properties": {"name": "N Delfon St 5300 5398"}}, {"type": "Feature", "geometry": {"type": "LineString", "coordinates": [[24.852212, 36.084506], [24.850963, 36.08452]]}, "properties": {"name": "N Darluniau St 5300 5398"}}, {"type": "Feature", "geometry": {"type": "LineString", "coordinates": [[24.850963, 36.08362], [24.850963, 36.08452]]}, "properties": {"name": "N Finiatur St 4400 4498"}}, {"type": "Feature", "geometry": {"type": "LineString", "coordinates": [[24.852149, 36.086309], [24.852087, 36.087027]]}, "properties": {"name": "N Filis St 4700 4748"}}, {"type": "Feature", "geometry": {"type": "LineString", "coordinates": [[24.855063, 36.08702], [24.852087, 36.087027]]}, "properties": {"name": "N Santaroza St 5100 5298"}}, {"type": "Feature", "geometry": {"type": "LineString", "coordinates": [[24.85217, 36.085393], [24.852149, 36.086309]]}, "properties": {"name": "N Filis St 4600 4698"}}, {"type": "Feature", "geometry": {"type": "LineString", "coordinates": [[24.855063, 36.08632], [24.852149, 36.086309]]}, "properties": {"name": "N Dentro St 5100 5298"}}, {"type": "Feature", "geometry": {"type": "LineString", "coordinates": [[24.852212, 36.084506], [24.85217, 36.085393]]}, "properties": {"name": "N Filis St 4500 4598"}}, {"type": "Feature", "geometry": {"type": "LineString", "coordinates": [[24.853663, 36.08542], [24.85217, 36.085393]]}, "properties": {"name": "N Delfon St 5200 5298"}}, {"type": "Feature", "geometry": {"type": "LineString", "coordinates": [[24.853749, 36.084506], [24.852212, 36.084506]]}, "properties": {"name": "N Darluniau St 5200 5298"}}, {"type": "Feature", "geometry": {"type": "LineString", "coordinates": [[24.852315, 36.083633], [24.852212, 36.084506]]}, "properties": {"name": "N Filis St 4400 4498"}}, {"type": "Feature", "geometry": {"type": "LineString", "coordinates": [[24.854995, 36.088928], [24.855003, 36.089515]]}, "properties": {"name": "N Parla St 4874 4906"}}, {"type": "Feature", "geometry": {"type": "LineString", "coordinates": [[24.855016, 36.088604], [24.854995, 36.088928]]}, "properties": {"name": "N Parla St 4822 4872"}}, {"type": "Feature", "geometry": {"type": "LineString", "coordinates": [[24.855036, 36.087759], [24.855016, 36.088604]]}, "properties": {"name": "N Parla St 4800 4820"}}, {"type": "Feature", "geometry": {"type": "LineString", "coordinates": [[24.855063, 36.08702], [24.855036, 36.087759]]}, "properties": {"name": "N Parla St 4750 4798"}}, {"type": "Feature", "geometry": {"type": "LineString", "coordinates": [[24.856263, 36.08782], [24.856363, 36.08892]]}, "properties": {"name": "N Limnou St 4800 4910"}}, {"type": "Feature", "geometry": {"type": "LineString", "coordinates": [[24.856263, 36.08782], [24.855036, 36.087759]]}, "properties": {"name": "N Derwen St 5000 5098"}}, {"type": "Feature", "geometry": {"type": "LineString", "coordinates": [[24.856363, 36.08652], [24.856263, 36.08782]]}, "properties": {"name": "N Limnou St 4700 4798"}}, {"type": "Feature", "geometry": {"type": "LineString", "coordinates": [[24.857563, 36.08782], [24.856263, 36.08782]]}, "properties": {"name": "N Derwen St 4900 4998"}}, {"type": "Feature", "geometry": {"type": "LineString", "coordinates": [[24.853749, 36.084506], [24.853663, 36.08542]]}, "properties": {"name": "N Tolleniau St 4500 4598"}}, {"type": "Feature", "geometry": {"type": "LineString", "coordinates": [[24.855063, 36.08542], [24.853663, 36.08542]]}, "properties": {"name": "N Delfon St 5100 5198"}}, {"type": "Feature", "geometry": {"type": "LineString", "coordinates": [[24.853769, 36.083605], [24.853749, 36.084506]]}, "properties": {"name": "N Tolleniau St 4400 4498"}}, {"type": "Feature", "geometry": {"type": "LineString", "coordinates": [[24.853749, 36.084506], [24.85438, 36.084764]]}, "properties": {"name": "N Darluniau St 5199 5101"}}, {"type": "Feature", "geometry": {"type": "LineString", "coordinates": [[24.85438, 36.084764], [24.855063, 36.08422]]}, "properties": {"name": "N Darluniau St"}}, {"type": "Feature", "geometry": {"type": "LineString", "coordinates": [[24.855063, 36.08662], [24.855063, 36.08702]]}, "properties": {"name": "N Parla St 4708 4748"}}, {"type": "Feature", "geometry": {"type": "LineString", "coordinates": [[24.855063, 36.08632], [24.855063, 36.08662]]}, "properties": {"name": "N Parla St 4700 4706"}}, {"type": "Feature", "geometry": {"type": "LineString", "coordinates": [[24.856363, 36.08652], [24.855063, 36.08662]]}, "properties": {"name": "N Dentro St 5000 5098"}}, {"type": "Feature", "geometry": {"type": "LineString", "coordinates": [[24.855063, 36.08542], [24.855063, 36.08632]]}, "properties": {"name": "N Parla St 4600 4698"}}, {"type": "Feature", "geometry": {"type": "LineString", "coordinates": [[24.856263, 36.08542], [24.856363, 36.08652]]}, "properties": {"name": "N Limnou St 4600 4698"}}, {"type": "Feature", "geometry": {"type": "LineString", "coordinates": [[24.855063, 36.08452], [24.855063, 36.08542]]}, "properties": {"name": "N Parla St 4500 4598"}}, {"type": "Feature", "geometry": {"type": "LineString", "coordinates": [[24.856263, 36.08542], [24.855063, 36.08542]]}, "properties": {"name": "N Delfon St 5000 5098"}}, {"type": "Feature", "geometry": {"type": "LineString", "coordinates": [[24.855063, 36.08422], [24.855063, 36.08452]]}, "properties": {"name": "N Parla St 4424 4498"}}, {"type": "Feature", "geometry": {"type": "LineString", "coordinates": [[24.856363, 36.08422], [24.856263, 36.08542]]}, "properties": {"name": "N Limnou St 4500 4598"}}, {"type": "Feature", "geometry": {"type": "LineString", "coordinates": [[24.857663, 36.08542], [24.856263, 36.08542]]}, "properties": {"name": "N Delfon St 4900 4998"}}, {"type": "Feature", "geometry": {"type": "LineString", "coordinates": [[24.850965, 36.082703], [24.850963, 36.08362]]}, "properties": {"name": "N Finiatur St 4300 4398"}}, {"type": "Feature", "geometry": {"type": "LineString", "coordinates": [[24.852315, 36.083633], [24.850963, 36.08362]]}, "properties": {"name": "N Dafnidos St 5300 5398"}}, {"type": "Feature", "geometry": {"type": "LineString", "coordinates": [[24.850863, 36.08172], [24.850965, 36.082703]]}, "properties": {"name": "N Finiatur St 4200 4298"}}, {"type": "Feature", "geometry": {"type": "LineString", "coordinates": [[24.851363, 36.08172], [24.850863, 36.08172]]}, "properties": {"name": "N Carnero St 5400 5408"}}, {"type": "Feature", "geometry": {"type": "LineString", "coordinates": [[24.852263, 36.08172], [24.851363, 36.08172]]}, "properties": {"name": "N Carnero St 5350 5398"}}, {"type": "Feature", "geometry": {"type": "LineString", "coordinates": [[24.851337, 36.080789], [24.851363, 36.08172]]}, "properties": {"name": "N Finiatur St 4100 4198"}}, {"type": "Feature", "geometry": {"type": "LineString", "coordinates": [[24.852363, 36.08272], [24.852315, 36.083633]]}, "properties": {"name": "N Filis St 4300 4398"}}, {"type": "Feature", "geometry": {"type": "LineString", "coordinates": [[24.853769, 36.083605], [24.852315, 36.083633]]}, "properties": {"name": "N Dafnidos St 5200 5298"}}, {"type": "Feature", "geometry": {"type": "LineString", "coordinates": [[24.852363, 36.08272], [24.850965, 36.082703]]}, "properties": {"name": "N Carretera St 5300 5398"}}, {"type": "Feature", "geometry": {"type": "LineString", "coordinates": [[24.852263, 36.08172], [24.852363, 36.08272]]}, "properties": {"name": "N Filis St 4200 4298"}}, {"type": "Feature", "geometry": {"type": "LineString", "coordinates": [[24.853763, 36.08272], [24.852363, 36.08272]]}, "properties": {"name": "N Carretera St 5200 5298"}}, {"type": "Feature", "geometry": {"type": "LineString", "coordinates": [[24.852863, 36.08172], [24.852263, 36.08172]]}, "properties": {"name": "N Carnero St 5300 5348"}}, {"type": "Feature", "geometry": {"type": "LineString", "coordinates": [[24.853763, 36.08172], [24.852863, 36.08172]]}, "properties": {"name": "N Carnero St 5122 5298"}}, {"type": "Feature", "geometry": {"type": "LineString", "coordinates": [[24.851337, 36.080789], [24.850663, 36.08082]]}, "properties": {"name": "N Carden St 5400 5448"}}, {"type": "Feature", "geometry": {"type": "LineString", "coordinates": [[24.851163, 36.07992], [24.851337, 36.080789]]}, "properties": {"name": "N Finiatur St 4000 4098"}}, {"type": "Feature", "geometry": {"type": "LineString", "coordinates": [[24.851263, 36.07902], [24.851163, 36.07992]]}, "properties": {"name": "N Finiatur St 3820 3998"}}, {"type": "Feature", "geometry": {"type": "LineString", "coordinates": [[24.852763, 36.07992], [24.851163, 36.07992]]}, "properties": {"name": "N Camino St 5250 5398"}}, {"type": "Feature", "geometry": {"type": "LineString", "coordinates": [[24.852863, 36.07902], [24.851263, 36.07902]]}, "properties": {"name": "N Brada St 5300 5398"}}, {"type": "Feature", "geometry": {"type": "LineString", "coordinates": [[24.852763, 36.07992], [24.852863, 36.08082]]}, "properties": {"name": "N Filis St 4000 4098"}}, {"type": "Feature", "geometry": {"type": "LineString", "coordinates": [[24.852863, 36.07902], [24.852763, 36.07992]]}, "properties": {"name": "N Filis St 3900 3998"}}, {"type": "Feature", "geometry": {"type": "LineString", "coordinates": [[24.854864, 36.07992], [24.852763, 36.07992]]}, "properties": {"name": "N Camino St 5100 5248"}}, {"type": "Feature", "geometry": {"type": "LineString", "coordinates": [[24.852264, 36.07612], [24.852263, 36.07802]]}, "properties": {"name": "N Filis St 3700 3798"}}, {"type": "Feature", "geometry": {"type": "LineString", "coordinates": [[24.852864, 36.07812], [24.852863, 36.07902]]}, "properties": {"name": "N Filis St 3800 3898"}}, {"type": "Feature", "geometry": {"type": "LineString", "coordinates": [[24.854864, 36.07902], [24.852863, 36.07902]]}, "properties": {"name": "N Brada St 5100 5298"}}, {"type": "Feature", "geometry": {"type": "LineString", "coordinates": [[24.852864, 36.07812], [24.852263, 36.07802]]}, "properties": {"name": "N Blant St 5250 5298"}}, {"type": "Feature", "geometry": {"type": "LineString", "coordinates": [[24.853564, 36.07802], [24.852864, 36.07812]]}, "properties": {"name": "N Blant St 5200 5248"}}, {"type": "Feature", "geometry": {"type": "LineString", "coordinates": [[24.853763, 36.08272], [24.853769, 36.083605]]}, "properties": {"name": "N Tolleniau St 4300 4398"}}, {"type": "Feature", "geometry": {"type": "LineString", "coordinates": [[24.853763, 36.08172], [24.853763, 36.08272]]}, "properties": {"name": "N Tolleniau St 4200 4298"}}, {"type": "Feature", "geometry": {"type": "LineString", "coordinates": [[24.855063, 36.08262], [24.853763, 36.08272]]}, "properties": {"name": "N Carretera St 5100 5198"}}, {"type": "Feature", "geometry": {"type": "LineString", "coordinates": [[24.855063, 36.08362], [24.855063, 36.08422]]}, "properties": {"name": "N Parla St 4400 4422"}}, {"type": "Feature", "geometry": {"type": "LineString", "coordinates": [[24.856363, 36.08422], [24.855063, 36.08422]]}, "properties": {"name": "N Darluniau St 5000 5098"}}, {"type": "Feature", "geometry": {"type": "LineString", "coordinates": [[24.855063, 36.08362], [24.853769, 36.083605]]}, "properties": {"name": "N Dafnidos St 5100 5198"}}, {"type": "Feature", "geometry": {"type": "LineString", "coordinates": [[24.855063, 36.08302], [24.855063, 36.08362]]}, "properties": {"name": "N Parla St 4306 4398"}}, {"type": "Feature", "geometry": {"type": "LineString", "coordinates": [[24.856364, 36.08302], [24.855063, 36.08302]]}, "properties": {"name": "N Carretera St 5000 5098"}}, {"type": "Feature", "geometry": {"type": "LineString", "coordinates": [[24.855063, 36.08262], [24.855063, 36.08302]]}, "properties": {"name": "N Parla St 4300 4304"}}, {"type": "Feature", "geometry": {"type": "LineString", "coordinates": [[24.856364, 36.08302], [24.856363, 36.08422]]}, "properties": {"name": "N Limnou St 4300 4498"}}, {"type": "Feature", "geometry": {"type": "LineString", "coordinates": [[24.857564, 36.08422], [24.856363, 36.08422]]}, "properties": {"name": "N Darluniau St 4900 4998"}}, {"type": "Feature", "geometry": {"type": "LineString", "coordinates": [[24.856364, 36.08172], [24.856364, 36.08302]]}, "properties": {"name": "N Limnou St 4200 4298"}}, {"type": "Feature", "geometry": {"type": "LineString", "coordinates": [[24.857664, 36.08292], [24.856364, 36.08302]]}, "properties": {"name": "N Carretera St 4900 4998"}}, {"type": "Feature", "geometry": {"type": "LineString", "coordinates": [[24.855027, 36.081708], [24.855063, 36.08262]]}, "properties": {"name": "N Parla St 4200 4298"}}, {"type": "Feature", "geometry": {"type": "LineString", "coordinates": [[24.855027, 36.081708], [24.853763, 36.08172]]}, "properties": {"name": "N Carnero St 5100 5120"}}, {"type": "Feature", "geometry": {"type": "LineString", "coordinates": [[24.856364, 36.08172], [24.855027, 36.081708]]}, "properties": {"name": "N Carnero St 5000 5098"}}, {"type": "Feature", "geometry": {"type": "LineString", "coordinates": [[24.854839, 36.080857], [24.855027, 36.081708]]}, "properties": {"name": "N Parla St 4100 4198"}}, {"type": "Feature", "geometry": {"type": "LineString", "coordinates": [[24.857664, 36.08172], [24.856364, 36.08172]]}, "properties": {"name": "N Carnero St 4900 4998"}}, {"type": "Feature", "geometry": {"type": "LineString", "coordinates": [[24.854964, 36.07802], [24.853564, 36.07802]]}, "properties": {"name": "N Blant St 5100 5198"}}, {"type": "Feature", "geometry": {"type": "LineString", "coordinates": [[24.853364, 36.07612], [24.853564, 36.07802]]}, "properties": {"name": "N Tolleniau St 3700 3798"}}, {"type": "Feature", "geometry": {"type": "LineString", "coordinates": [[24.854839, 36.080728], [24.854839, 36.080857]]}, "properties": {"name": "N Parla St 4018 4098"}}, {"type": "Feature", "geometry": {"type": "LineString", "coordinates": [[24.854864, 36.07992], [24.854839, 36.080728]]}, "properties": {"name": "N Parla St 4000 4016"}}, {"type": "Feature", "geometry": {"type": "LineString", "coordinates": [[24.854964, 36.07932], [24.854864, 36.07992]]}, "properties": {"name": "N Parla St 3950 3998"}}, {"type": "Feature", "geometry": {"type": "LineString", "coordinates": [[24.854864, 36.07902], [24.854964, 36.07932]]}, "properties": {"name": "N Parla St 3900 3948"}}, {"type": "Feature", "geometry": {"type": "LineString", "coordinates": [[24.856264, 36.07932], [24.854964, 36.07932]]}, "properties": {"name": "N Brada St 5000 5098"}}, {"type": "Feature", "geometry": {"type": "LineString", "coordinates": [[24.854964, 36.07882], [24.854864, 36.07902]]}, "properties": {"name": "N Parla St 3874 3898"}}, {"type": "Feature", "geometry": {"type": "LineString", "coordinates": [[24.854964, 36.07802], [24.854964, 36.07882]]}, "properties": {"name": "N Parla St 3800 3872"}}, {"type": "Feature", "geometry": {"type": "LineString", "coordinates": [[24.854964, 36.07882], [24.856564, 36.07852]]}, "properties": {"name": "Nikomidias St 5099 5001"}}, {"type": "Feature", "geometry": {"type": "LineString", "coordinates": [[24.856264, 36.07802], [24.854964, 36.07802]]}, "properties": {"name": "N Blant St 5000 5098"}}, {"type": "Feature", "geometry": {"type": "LineString", "coordinates": [[24.855064, 36.07662], [24.854964, 36.07802]]}, "properties": {"name": "N Parla St 3700 3798"}}, {"type": "Feature", "geometry": {"type": "LineString", "coordinates": [[24.857364, 36.07932], [24.856264, 36.07932]]}, "properties": {"name": "N Brada St 4900 4998"}}, {"type": "Feature", "geometry": {"type": "LineString", "coordinates": [[24.857664, 36.07802], [24.856264, 36.07802]]}, "properties": {"name": "N Blant St 4900 4998"}}, {"type": "Feature", "geometry": {"type": "LineString", "coordinates": [[24.856264, 36.07672], [24.856264, 36.07802]]}, "properties": {"name": "N Limnou St 3700 3798"}}, {"type": "Feature", "geometry": {"type": "LineString", "coordinates": [[24.852863, 36.08082], [24.854839, 36.080857]]}, "properties": {"name": "N Carden St 5199 5101"}}, {"type": "Feature", "geometry": {"type": "LineString", "coordinates": [[24.857563, 36.08782], [24.857163, 36.08902], [24.857463, 36.08942]]}, "properties": {"name": "N Ithakis St 4800 4998"}}, {"type": "Feature", "geometry": {"type": "LineString", "coordinates": [[24.859063, 36.08772], [24.857563, 36.08782]]}, "properties": {"name": "N Derwen St 4800 4898"}}, {"type": "Feature", "geometry": {"type": "LineString", "coordinates": [[24.857563, 36.08662], [24.857563, 36.08782]]}, "properties": {"name": "N Ithakis St 4700 4798"}}, {"type": "Feature", "geometry": {"type": "LineString", "coordinates": [[24.860063, 36.08902], [24.859163, 36.08902]]}, "properties": {"name": "N Valmai St 4628 4668"}}, {"type": "Feature", "geometry": {"type": "LineString", "coordinates": [[24.859063, 36.08772], [24.859163, 36.08832]]}, "properties": {"name": "N Omirou St 4800 4898"}}, {"type": "Feature", "geometry": {"type": "LineString", "coordinates": [[24.858964, 36.08652], [24.859063, 36.08772]]}, "properties": {"name": "N Omirou St 4700 4798"}}, {"type": "Feature", "geometry": {"type": "LineString", "coordinates": [[24.860364, 36.08772], [24.859063, 36.08772]]}, "properties": {"name": "N Derwen St 4600 4798"}}, {"type": "Feature", "geometry": {"type": "LineString", "coordinates": [[24.857563, 36.08662], [24.856363, 36.08652]]}, "properties": {"name": "N Dentro St"}}, {"type": "Feature", "geometry": {"type": "LineString", "coordinates": [[24.857663, 36.08542], [24.857563, 36.08662]]}, "properties": {"name": "N Ithakis St 4600 4698"}}, {"type": "Feature", "geometry": {"type": "LineString", "coordinates": [[24.858964, 36.08652], [24.857563, 36.08662]]}, "properties": {"name": "N Dentro St"}}, {"type": "Feature", "geometry": {"type": "LineString", "coordinates": [[24.859064, 36.08542], [24.857663, 36.08542]]}, "properties": {"name": "N Delfon St 4800 4898"}}, {"type": "Feature", "geometry": {"type": "LineString", "coordinates": [[24.857564, 36.08422], [24.857663, 36.08542]]}, "properties": {"name": "N Ithakis St 4500 4598"}}, {"type": "Feature", "geometry": {"type": "LineString", "coordinates": [[24.859064, 36.08542], [24.858964, 36.08652]]}, "properties": {"name": "N Omirou St 4600 4698"}}, {"type": "Feature", "geometry": {"type": "LineString", "coordinates": [[24.859564, 36.08662], [24.858964, 36.08652]]}, "properties": {"name": "N Dentro St 4700 4798"}}, {"type": "Feature", "geometry": {"type": "LineString", "coordinates": [[24.860364, 36.08542], [24.859064, 36.08542]]}, "properties": {"name": "N Delfon St 4700 4798"}}, {"type": "Feature", "geometry": {"type": "LineString", "coordinates": [[24.858964, 36.08412], [24.859064, 36.08542]]}, "properties": {"name": "N Omirou St 4500 4598"}}, {"type": "Feature", "geometry": {"type": "LineString", "coordinates": [[24.860263, 36.08922], [24.860063, 36.08902]]}, "properties": {"name": "N Desafio St"}}, {"type": "Feature", "geometry": {"type": "LineString", "coordinates": [[24.860663, 36.08952], [24.860263, 36.08922]]}, "properties": {"name": "N Desafio St"}}, {"type": "Feature", "geometry": {"type": "LineString", "coordinates": [[24.860804, 36.089509], [24.860663, 36.08952]]}, "properties": {"name": "Rist Way"}}, {"type": "Feature", "geometry": {"type": "LineString", "coordinates": [[24.863918, 36.087884], [24.860804, 36.089509]]}, "properties": {"name": "Rist Way"}}, {"type": "Feature", "geometry": {"type": "LineString", "coordinates": [[24.860464, 36.08712], [24.860364, 36.08772]]}, "properties": {"name": "N Ketallinias St 4724 4800"}}, {"type": "Feature", "geometry": {"type": "LineString", "coordinates": [[24.860364, 36.08542], [24.860464, 36.08712]]}, "properties": {"name": "N Ketallinias St 4600 4650"}}, {"type": "Feature", "geometry": {"type": "LineString", "coordinates": [[24.861664, 36.08542], [24.860364, 36.08542]]}, "properties": {"name": "N Delfon St 4600 4698"}}, {"type": "Feature", "geometry": {"type": "LineString", "coordinates": [[24.860364, 36.08422], [24.860364, 36.08542]]}, "properties": {"name": "N Ketallinias St 4500 4598"}}, {"type": "Feature", "geometry": {"type": "LineString", "coordinates": [[24.861664, 36.08542], [24.861764, 36.08632], [24.860464, 36.08712]]}, "properties": {"name": "N Hacia St 4600 4700"}}, {"type": "Feature", "geometry": {"type": "LineString", "coordinates": [[24.861664, 36.08422], [24.861664, 36.08542]]}, "properties": {"name": "N Hacia St 4500 4598"}}, {"type": "Feature", "geometry": {"type": "LineString", "coordinates": [[24.862964, 36.08542], [24.861664, 36.08542]]}, "properties": {"name": "N Delfon St 4500 4598"}}, {"type": "Feature", "geometry": {"type": "LineString", "coordinates": [[24.857664, 36.08292], [24.857564, 36.08422]]}, "properties": {"name": "N Ithakis St 4300 4498"}}, {"type": "Feature", "geometry": {"type": "LineString", "coordinates": [[24.858964, 36.08412], [24.857564, 36.08422]]}, "properties": {"name": "N Darluniau St 4800 4898"}}, {"type": "Feature", "geometry": {"type": "LineString", "coordinates": [[24.857664, 36.08172], [24.857664, 36.08292]]}, "properties": {"name": "N Ithakis St 4200 4298"}}, {"type": "Feature", "geometry": {"type": "LineString", "coordinates": [[24.858964, 36.08292], [24.857664, 36.08292]]}, "properties": {"name": "N Carretera St 4800 4898"}}, {"type": "Feature", "geometry": {"type": "LineString", "coordinates": [[24.859064, 36.08172], [24.857664, 36.08172]]}, "properties": {"name": "N Carnero St 4800 4898"}}, {"type": "Feature", "geometry": {"type": "LineString", "coordinates": [[24.857664, 36.08042], [24.857664, 36.08172]]}, "properties": {"name": "N Ithakis St 4100 4198"}}, {"type": "Feature", "geometry": {"type": "LineString", "coordinates": [[24.858964, 36.08292], [24.858964, 36.08412]]}, "properties": {"name": "N Omirou St 4300 4498"}}, {"type": "Feature", "geometry": {"type": "LineString", "coordinates": [[24.859064, 36.08172], [24.858964, 36.08292]]}, "properties": {"name": "N Omirou St 4200 4298"}}, {"type": "Feature", "geometry": {"type": "LineString", "coordinates": [[24.860364, 36.08292], [24.858964, 36.08292]]}, "properties": {"name": "N Carretera St 4700 4798"}}, {"type": "Feature", "geometry": {"type": "LineString", "coordinates": [[24.858964, 36.08122], [24.859064, 36.08172]]}, "properties": {"name": "N Omirou St 4150 4198"}}, {"type": "Feature", "geometry": {"type": "LineString", "coordinates": [[24.860264, 36.08172], [24.859064, 36.08172]]}, "properties": {"name": "N Carnero St 4700 4798"}}, {"type": "Feature", "geometry": {"type": "LineString", "coordinates": [[24.859064, 36.08052], [24.858964, 36.08122]]}, "properties": {"name": "N Omirou St 4100 4148"}}, {"type": "Feature", "geometry": {"type": "LineString", "coordinates": [[24.856264, 36.07802], [24.856564, 36.07852]]}, "properties": {"name": "N Limnou St 3800 3848"}}, {"type": "Feature", "geometry": {"type": "LineString", "coordinates": [[24.857264, 36.07872], [24.857364, 36.07932]]}, "properties": {"name": "N Ithakis St"}}, {"type": "Feature", "geometry": {"type": "LineString", "coordinates": [[24.858964, 36.07932], [24.857364, 36.07932]]}, "properties": {"name": "N Brada St 4800 4898"}}, {"type": "Feature", "geometry": {"type": "LineString", "coordinates": [[24.856564, 36.07852], [24.857264, 36.07872]]}, "properties": {"name": "Nikomidias St 4999 4901"}}, {"type": "Feature", "geometry": {"type": "LineString", "coordinates": [[24.859064, 36.07872], [24.857264, 36.07872]]}, "properties": {"name": "N Nikomidias St 4800 4912"}}, {"type": "Feature", "geometry": {"type": "LineString", "coordinates": [[24.859064, 36.07802], [24.857664, 36.07802]]}, "properties": {"name": "N Blant St 4800 4898"}}, {"type": "Feature", "geometry": {"type": "LineString", "coordinates": [[24.857564, 36.07662], [24.857664, 36.07802]]}, "properties": {"name": "N Ithakis St 3700 3848"}}, {"type": "Feature", "geometry": {"type": "LineString", "coordinates": [[24.859064, 36.08052], [24.858664, 36.08022]]}, "properties": {"name": "N Carden St 4800 4848"}}, {"type": "Feature", "geometry": {"type": "LineString", "coordinates": [[24.858964, 36.07932], [24.859064, 36.08052]]}, "properties": {"name": "N Omirou St 3900 4098"}}, {"type": "Feature", "geometry": {"type": "LineString", "coordinates": [[24.860364, 36.08052], [24.859064, 36.08052]]}, "properties": {"name": "N Carden St 4700 4798"}}, {"type": "Feature", "geometry": {"type": "LineString", "coordinates": [[24.859064, 36.07872], [24.858964, 36.07932]]}, "properties": {"name": "N Omirou St 3850 3898"}}, {"type": "Feature", "geometry": {"type": "LineString", "coordinates": [[24.860364, 36.07932], [24.858964, 36.07932]]}, "properties": {"name": "N Brada St 4700 4798"}}, {"type": "Feature", "geometry": {"type": "LineString", "coordinates": [[24.859064, 36.07802], [24.859064, 36.07872]]}, "properties": {"name": "N Omirou St 3800 3848"}}, {"type": "Feature", "geometry": {"type": "LineString", "coordinates": [[24.860364, 36.07802], [24.859064, 36.07802]]}, "properties": {"name": "N Blant St 4700 4798"}}, {"type": "Feature", "geometry": {"type": "LineString", "coordinates": [[24.859064, 36.07662], [24.859064, 36.07802]]}, "properties": {"name": "N Omirou St 3700 3798"}}, {"type": "Feature", "geometry": {"type": "LineString", "coordinates": [[24.860364, 36.08422], [24.858964, 36.08412]]}, "properties": {"name": "N Darluniau St 4700 4798"}}, {"type": "Feature", "geometry": {"type": "LineString", "coordinates": [[24.860364, 36.08292], [24.860364, 36.08422]]}, "properties": {"name": "N Ketallinias St 4300 4498"}}, {"type": "Feature", "geometry": {"type": "LineString", "coordinates": [[24.861664, 36.08422], [24.860364, 36.08422]]}, "properties": {"name": "N Darluniau St 4600 4698"}}, {"type": "Feature", "geometry": {"type": "LineString", "coordinates": [[24.860264, 36.08172], [24.860364, 36.08292]]}, "properties": {"name": "N Ketallinias St 4200 4298"}}, {"type": "Feature", "geometry": {"type": "LineString", "coordinates": [[24.861664, 36.08292], [24.860364, 36.08292]]}, "properties": {"name": "N Carretera St 4600 4698"}}, {"type": "Feature", "geometry": {"type": "LineString", "coordinates": [[24.860264, 36.08122], [24.860264, 36.08172]]}, "properties": {"name": "N Ketallinias St 4118 4198"}}, {"type": "Feature", "geometry": {"type": "LineString", "coordinates": [[24.861664, 36.08172], [24.860264, 36.08172]]}, "properties": {"name": "N Carnero St 4600 4698"}}, {"type": "Feature", "geometry": {"type": "LineString", "coordinates": [[24.858964, 36.08122], [24.860264, 36.08122]]}, "properties": {"name": "Yale St 4748 4798"}}, {"type": "Feature", "geometry": {"type": "LineString", "coordinates": [[24.860364, 36.08052], [24.860264, 36.08122]]}, "properties": {"name": "N Ketallinias St 4100 4116"}}, {"type": "Feature", "geometry": {"type": "LineString", "coordinates": [[24.861664, 36.08292], [24.861664, 36.08422]]}, "properties": {"name": "N Hacia St 4300 4498"}}, {"type": "Feature", "geometry": {"type": "LineString", "coordinates": [[24.862964, 36.08412], [24.861664, 36.08422]]}, "properties": {"name": "N Darluniau St 4500 4598"}}, {"type": "Feature", "geometry": {"type": "LineString", "coordinates": [[24.861664, 36.08172], [24.861664, 36.08292]]}, "properties": {"name": "N Hacia St 4200 4298"}}, {"type": "Feature", "geometry": {"type": "LineString", "coordinates": [[24.862964, 36.08292], [24.861664, 36.08292]]}, "properties": {"name": "N Carretera St 4500 4598"}}, {"type": "Feature", "geometry": {"type": "LineString", "coordinates": [[24.861664, 36.08052], [24.861664, 36.08172]]}, "properties": {"name": "N Hacia St 4100 4198"}}, {"type": "Feature", "geometry": {"type": "LineString", "coordinates": [[24.862864, 36.08172], [24.861664, 36.08172]]}, "properties": {"name": "N Carnero St 4500 4598"}}, {"type": "Feature", "geometry": {"type": "LineString", "coordinates": [[24.860364, 36.07932], [24.860364, 36.08052]]}, "properties": {"name": "N Ketallinias St 3900 4098"}}, {"type": "Feature", "geometry": {"type": "LineString", "coordinates": [[24.861664, 36.08052], [24.860364, 36.08052]]}, "properties": {"name": "N Carden St 4600 4698"}}, {"type": "Feature", "geometry": {"type": "LineString", "coordinates": [[24.860364, 36.07872], [24.860364, 36.07932]]}, "properties": {"name": "N Ketallinias St 3850 3898"}}, {"type": "Feature", "geometry": {"type": "LineString", "coordinates": [[24.861664, 36.07932], [24.860364, 36.07932]]}, "properties": {"name": "N Brada St 4600 4698"}}, {"type": "Feature", "geometry": {"type": "LineString", "coordinates": [[24.860364, 36.07802], [24.860364, 36.07872]]}, "properties": {"name": "N Ketallinias St 3800 3848"}}, {"type": "Feature", "geometry": {"type": "LineString", "coordinates": [[24.861664, 36.07802], [24.860364, 36.07802]]}, "properties": {"name": "N Blant St 4600 4698"}}, {"type": "Feature", "geometry": {"type": "LineString", "coordinates": [[24.860364, 36.07662], [24.860364, 36.07802]]}, "properties": {"name": "N Ketallinias St 3700 3798"}}, {"type": "Feature", "geometry": {"type": "LineString", "coordinates": [[24.861664, 36.07932], [24.861664, 36.08052]]}, "properties": {"name": "N Hacia St 3900 4098"}}, {"type": "Feature", "geometry": {"type": "LineString", "coordinates": [[24.862964, 36.08052], [24.861664, 36.08052]]}, "properties": {"name": "N Carden St 4500 4598"}}, {"type": "Feature", "geometry": {"type": "LineString", "coordinates": [[24.861664, 36.07802], [24.861664, 36.07932]]}, "properties": {"name": "N Hacia St 3800 3898"}}, {"type": "Feature", "geometry": {"type": "LineString", "coordinates": [[24.862964, 36.07932], [24.861664, 36.07932]]}, "properties": {"name": "N Brada St 4500 4598"}}, {"type": "Feature", "geometry": {"type": "LineString", "coordinates": [[24.861664, 36.07662], [24.861664, 36.07802]]}, "properties": {"name": "N Hacia St 3700 3798"}}, {"type": "Feature", "geometry": {"type": "LineString", "coordinates": [[24.862964, 36.07802], [24.861664, 36.07802]]}, "properties": {"name": "N Blant St 4500 4598"}}, {"type": "Feature", "geometry": {"type": "LineString", "coordinates": [[24.837563, 36.07702], [24.835663, 36.07572], [24.835363, 36.07562]]}, "properties": {"name": "N Narkissou St 6400 6498"}}, {"type": "Feature", "geometry": {"type": "LineString", "coordinates": [[24.837563, 36.07622], [24.837563, 36.07702]]}, "properties": {"name": "N Wenna St 3500 3698"}}, {"type": "Feature", "geometry": {"type": "LineString", "coordinates": [[24.839163, 36.07692], [24.837563, 36.07702]]}, "properties": {"name": "N Bilar St 6300 6398"}}, {"type": "Feature", "geometry": {"type": "LineString", "coordinates": [[24.839687, 36.073503], [24.839863, 36.07412]]}, "properties": {"name": "N Thermopilon St 3450 3498"}}, {"type": "Feature", "geometry": {"type": "LineString", "coordinates": [[24.839687, 36.073503], [24.839579, 36.07351]]}, "properties": {"name": "N Thramvou Dr"}}, {"type": "Feature", "geometry": {"type": "LineString", "coordinates": [[24.839663, 36.07342], [24.839687, 36.073503]]}, "properties": {"name": "N Thermopilon St 3316 3448"}}, {"type": "Feature", "geometry": {"type": "LineString", "coordinates": [[24.841863, 36.07402], [24.839863, 36.07412]]}, "properties": {"name": "N Barwyn St 6200 6298"}}, {"type": "Feature", "geometry": {"type": "LineString", "coordinates": [[24.840662, 36.073442], [24.839687, 36.073503]]}, "properties": {"name": "N Thramvou Dr 6208 6234"}}, {"type": "Feature", "geometry": {"type": "LineString", "coordinates": [[24.838481, 36.056741], [24.838512, 36.05637], [24.838526, 36.056037], [24.838501, 36.055806], [24.838673, 36.055666]]}, "properties": {"name": "Thermopilon St 1199 1101"}}, {"type": "Feature", "geometry": {"type": "LineString", "coordinates": [[24.839686, 36.070359], [24.839884, 36.071725]]}, "properties": {"name": "N Thermopilon St"}}, {"type": "Feature", "geometry": {"type": "LineString", "coordinates": [[24.841486, 36.070512], [24.841242, 36.070977], [24.841059, 36.071244], [24.8408, 36.071549]]}, "properties": {"name": "N Hallanol Dr 3100 3198"}}, {"type": "Feature", "geometry": {"type": "LineString", "coordinates": [[24.844363, 36.07622], [24.842586, 36.07622]]}, "properties": {"name": "N Bilar St 5900 6032"}}, {"type": "Feature", "geometry": {"type": "LineString", "coordinates": [[24.841563, 36.07262], [24.840662, 36.073442]]}, "properties": {"name": "N Thramvou Dr 6200 6206"}}, {"type": "Feature", "geometry": {"type": "LineString", "coordinates": [[24.841563, 36.07262], [24.841863, 36.07402]]}, "properties": {"name": "N Gerantoni St 3300 3498"}}, {"type": "Feature", "geometry": {"type": "LineString", "coordinates": [[24.842963, 36.07392], [24.841863, 36.07402]]}, "properties": {"name": "N Barwyn St 6100 6198"}}, {"type": "Feature", "geometry": {"type": "LineString", "coordinates": [[24.842363, 36.07202], [24.842963, 36.07392]]}, "properties": {"name": "N Ionnanon St 3250 3498"}}, {"type": "Feature", "geometry": {"type": "LineString", "coordinates": [[24.842763, 36.07182], [24.842363, 36.07202]]}, "properties": {"name": "N Thramvou Dr 3250 6098"}}, {"type": "Feature", "geometry": {"type": "LineString", "coordinates": [[24.842963, 36.07132], [24.842763, 36.07182]]}, "properties": {"name": "N Thramvou Dr 3200 3248"}}, {"type": "Feature", "geometry": {"type": "LineString", "coordinates": [[24.838541, 36.070931], [24.837946, 36.070931]]}, "properties": {"name": "N Avionos St 6400 6498"}}, {"type": "Feature", "geometry": {"type": "LineString", "coordinates": [[24.837428, 36.070146], [24.838389, 36.069909]]}, "properties": {"name": "N Averof St 6499 6401"}}, {"type": "Feature", "geometry": {"type": "LineString", "coordinates": [[24.838389, 36.069909], [24.838465, 36.069352]]}, "properties": {"name": "N Wenna St 3099 3001"}}, {"type": "Feature", "geometry": {"type": "LineString", "coordinates": [[24.83639, 36.068826], [24.836909, 36.068955], [24.837168, 36.069139], [24.837367, 36.069314], [24.837885, 36.069352], [24.838465, 36.069352]]}, "properties": {"name": "N Aveny St 6499 6301"}}, {"type": "Feature", "geometry": {"type": "LineString", "coordinates": [[24.839686, 36.069268], [24.838465, 36.069352]]}, "properties": {"name": "N Aveny St 6300 6408"}}, {"type": "Feature", "geometry": {"type": "LineString", "coordinates": [[24.839686, 36.069268], [24.839686, 36.070359]]}, "properties": {"name": "N Thermopilon St 3000 3314"}}, {"type": "Feature", "geometry": {"type": "LineString", "coordinates": [[24.839686, 36.068559], [24.839686, 36.069268]]}, "properties": {"name": "N Thermopilon St 2800 2898"}}, {"type": "Feature", "geometry": {"type": "LineString", "coordinates": [[24.839686, 36.068559], [24.839991, 36.068009]]}, "properties": {"name": ""}}, {"type": "Feature", "geometry": {"type": "LineString", "coordinates": [[24.841263, 36.06762], [24.839991, 36.068009]]}, "properties": {"name": "N Artakis St 6010 6298"}}, {"type": "Feature", "geometry": {"type": "LineString", "coordinates": [[24.839763, 36.06582], [24.839263, 36.06602]]}, "properties": {"name": "N Arkadiou St 6252 6298"}}, {"type": "Feature", "geometry": {"type": "LineString", "coordinates": [[24.839163, 36.06412], [24.839263, 36.06602]]}, "properties": {"name": "N Thermopilon St 2514 2598"}}, {"type": "Feature", "geometry": {"type": "LineString", "coordinates": [[24.841163, 36.06562], [24.839763, 36.06582]]}, "properties": {"name": "N Arkadiou St 6200 6250"}}, {"type": "Feature", "geometry": {"type": "LineString", "coordinates": [[24.841963, 36.07072], [24.841563, 36.07152]]}, "properties": {"name": "N Handstil Pl 2800 3198"}}, {"type": "Feature", "geometry": {"type": "LineString", "coordinates": [[24.839686, 36.070359], [24.840281, 36.070405], [24.8408, 36.070405], [24.841059, 36.070497], [24.841242, 36.070581], [24.841486, 36.070512]]}, "properties": {"name": "N Averof St 6199 6001"}}, {"type": "Feature", "geometry": {"type": "LineString", "coordinates": [[24.842363, 36.06992], [24.841563, 36.07042]]}, "properties": {"name": "N Hallanol Dr"}}, {"type": "Feature", "geometry": {"type": "LineString", "coordinates": [[24.842963, 36.07072], [24.841963, 36.07072]]}, "properties": {"name": "N Averof St 5926 5998"}}, {"type": "Feature", "geometry": {"type": "LineString", "coordinates": [[24.842463, 36.06842], [24.841463, 36.06942]]}, "properties": {"name": "N Aveny St 6100 6198"}}, {"type": "Feature", "geometry": {"type": "LineString", "coordinates": [[24.841263, 36.06762], [24.841463, 36.06942]]}, "properties": {"name": "N Gerantoni St 2800 2830"}}, {"type": "Feature", "geometry": {"type": "LineString", "coordinates": [[24.842963, 36.07072], [24.842963, 36.07132]]}, "properties": {"name": "N Thramvou Dr 3100 3198"}}, {"type": "Feature", "geometry": {"type": "LineString", "coordinates": [[24.843563, 36.07142], [24.842963, 36.07132]]}, "properties": {"name": "N Avionos St 5900 5998"}}, {"type": "Feature", "geometry": {"type": "LineString", "coordinates": [[24.843663, 36.07072], [24.842963, 36.07072]]}, "properties": {"name": "N Averof St 5914 5924"}}, {"type": "Feature", "geometry": {"type": "LineString", "coordinates": [[24.841463, 36.06942], [24.842363, 36.06992]]}, "properties": {"name": "N Gerantoni St 2832 3098"}}, {"type": "Feature", "geometry": {"type": "LineString", "coordinates": [[24.843263, 36.06932], [24.842363, 36.06992]]}, "properties": {"name": "N Hallanol Dr 2842 3098"}}, {"type": "Feature", "geometry": {"type": "LineString", "coordinates": [[24.843263, 36.06932], [24.843501, 36.069718]]}, "properties": {"name": ""}}, {"type": "Feature", "geometry": {"type": "LineString", "coordinates": [[24.843363, 36.06782], [24.843263, 36.06932]]}, "properties": {"name": "N Hallanol Dr 2800 2840"}}, {"type": "Feature", "geometry": {"type": "LineString", "coordinates": [[24.841163, 36.06562], [24.841263, 36.06762]]}, "properties": {"name": "N Gerantoni St 2600 2798"}}, {"type": "Feature", "geometry": {"type": "LineString", "coordinates": [[24.843363, 36.06782], [24.841263, 36.06762]]}, "properties": {"name": "N Artakis St 6000 6008"}}, {"type": "Feature", "geometry": {"type": "LineString", "coordinates": [[24.844263, 36.06772], [24.843363, 36.06782]]}, "properties": {"name": "N Artakis St 5900 5998"}}, {"type": "Feature", "geometry": {"type": "LineString", "coordinates": [[24.844263, 36.07442], [24.844363, 36.07622]]}, "properties": {"name": "N Pilau St 3524 3698"}}, {"type": "Feature", "geometry": {"type": "LineString", "coordinates": [[24.844279, 36.07631], [24.849663, 36.07612]]}, "properties": {"name": "N Bilar St 5607 5601"}}, {"type": "Feature", "geometry": {"type": "LineString", "coordinates": [[24.843663, 36.07402], [24.843663, 36.07432]]}, "properties": {"name": "N Tzavella St 3500 3548"}}, {"type": "Feature", "geometry": {"type": "LineString", "coordinates": [[24.843663, 36.07402], [24.842963, 36.07392]]}, "properties": {"name": "N Barwyn St 6000 6098"}}, {"type": "Feature", "geometry": {"type": "LineString", "coordinates": [[24.844263, 36.07442], [24.843663, 36.07432]]}, "properties": {"name": "N Barwyn St 5900 5998"}}, {"type": "Feature", "geometry": {"type": "LineString", "coordinates": [[24.844263, 36.07242], [24.844263, 36.07402], [24.844263, 36.074349]]}, "properties": {"name": "N Pilau St 3300 3514"}}, {"type": "Feature", "geometry": {"type": "LineString", "coordinates": [[24.842763, 36.07182], [24.843663, 36.07272], [24.843663, 36.07402]]}, "properties": {"name": "N Tzavella St 3250 3498"}}, {"type": "Feature", "geometry": {"type": "LineString", "coordinates": [[24.844363, 36.07052], [24.844314, 36.071451]]}, "properties": {"name": "N Pilau St 3100 3196"}}, {"type": "Feature", "geometry": {"type": "LineString", "coordinates": [[24.849663, 36.07432], [24.849663, 36.07612]]}, "properties": {"name": "N Scarkeme St 3450 3698"}}, {"type": "Feature", "geometry": {"type": "LineString", "coordinates": [[24.850963, 36.07612], [24.849663, 36.07612]]}, "properties": {"name": "N Bilar St 5400 5498"}}, {"type": "Feature", "geometry": {"type": "LineString", "coordinates": [[24.849564, 36.07242], [24.849663, 36.07432]]}, "properties": {"name": "N Scarkeme St 3300 3448"}}, {"type": "Feature", "geometry": {"type": "LineString", "coordinates": [[24.850964, 36.07432], [24.849663, 36.07432]]}, "properties": {"name": "N Barwyn St 5400 5498"}}, {"type": "Feature", "geometry": {"type": "LineString", "coordinates": [[24.843863, 36.07022], [24.843663, 36.07072]]}, "properties": {"name": "N Thramvou Dr 3000 3098"}}, {"type": "Feature", "geometry": {"type": "LineString", "coordinates": [[24.844363, 36.07052], [24.843663, 36.07072]]}, "properties": {"name": "N Averof St 5900 5912"}}, {"type": "Feature", "geometry": {"type": "LineString", "coordinates": [[24.844363, 36.06872], [24.844363, 36.07022]]}, "properties": {"name": "N Pilau St 2950 3072"}}, {"type": "Feature", "geometry": {"type": "LineString", "coordinates": [[24.846164, 36.06872], [24.844363, 36.06872]]}, "properties": {"name": "N Aveny St 5750 5898"}}, {"type": "Feature", "geometry": {"type": "LineString", "coordinates": [[24.844263, 36.06772], [24.844363, 36.06872]]}, "properties": {"name": "N Pilau St 2800 2948"}}, {"type": "Feature", "geometry": {"type": "LineString", "coordinates": [[24.846164, 36.06872], [24.846263, 36.07052]]}, "properties": {"name": "N Leeno St 3000 3098"}}, {"type": "Feature", "geometry": {"type": "LineString", "coordinates": [[24.847164, 36.06862], [24.846164, 36.06872]]}, "properties": {"name": "N Aveny St 5700 5748"}}, {"type": "Feature", "geometry": {"type": "LineString", "coordinates": [[24.844364, 36.06572], [24.844263, 36.06772]]}, "properties": {"name": "N Pilau St 2600 2798"}}, {"type": "Feature", "geometry": {"type": "LineString", "coordinates": [[24.844364, 36.06572], [24.841163, 36.06562]]}, "properties": {"name": "N Arkadiou St 5900 6198"}}, {"type": "Feature", "geometry": {"type": "LineString", "coordinates": [[24.847164, 36.06562], [24.844364, 36.06572]]}, "properties": {"name": "N Arkadiou St 5700 5898"}}, {"type": "Feature", "geometry": {"type": "LineString", "coordinates": [[24.844264, 36.06172], [24.844364, 36.06572]]}, "properties": {"name": "N Pilau St 2100 2598"}}, {"type": "Feature", "geometry": {"type": "LineString", "coordinates": [[24.848364, 36.06862], [24.847164, 36.06862]]}, "properties": {"name": "N Aveny St 5600 5698"}}, {"type": "Feature", "geometry": {"type": "LineString", "coordinates": [[24.847164, 36.06562], [24.847164, 36.06862]]}, "properties": {"name": "N Leeno St 2600 2998"}}, {"type": "Feature", "geometry": {"type": "LineString", "coordinates": [[24.849664, 36.06862], [24.848364, 36.06862]]}, "properties": {"name": "N Aveny St 5500 5598"}}, {"type": "Feature", "geometry": {"type": "LineString", "coordinates": [[24.848464, 36.06582], [24.848364, 36.06862]]}, "properties": {"name": "N Yonille St 2600 2998"}}, {"type": "Feature", "geometry": {"type": "LineString", "coordinates": [[24.849664, 36.06862], [24.849564, 36.07062]]}, "properties": {"name": "N Scarkeme St 3000 3098"}}, {"type": "Feature", "geometry": {"type": "LineString", "coordinates": [[24.851064, 36.07062], [24.849564, 36.07062]]}, "properties": {"name": "N Averof St 5400 5498"}}, {"type": "Feature", "geometry": {"type": "LineString", "coordinates": [[24.849764, 36.06582], [24.849664, 36.06862]]}, "properties": {"name": "N Scarkeme St 2712 2998"}}, {"type": "Feature", "geometry": {"type": "LineString", "coordinates": [[24.847164, 36.06352], [24.847164, 36.06562]]}, "properties": {"name": "N Leeno St 2300 2598"}}, {"type": "Feature", "geometry": {"type": "LineString", "coordinates": [[24.848464, 36.06582], [24.847164, 36.06562]]}, "properties": {"name": "N Arkadiou St 5600 5698"}}, {"type": "Feature", "geometry": {"type": "LineString", "coordinates": [[24.849764, 36.06582], [24.848464, 36.06582]]}, "properties": {"name": "N Arkadiou St 5500 5598"}}, {"type": "Feature", "geometry": {"type": "LineString", "coordinates": [[24.848464, 36.06352], [24.848464, 36.06582]]}, "properties": {"name": "N Yonille St 2300 2598"}}, {"type": "Feature", "geometry": {"type": "LineString", "coordinates": [[24.849664, 36.06352], [24.849764, 36.06582]]}, "properties": {"name": "N Scarkeme St 2300 2598"}}, {"type": "Feature", "geometry": {"type": "LineString", "coordinates": [[24.850964, 36.06572], [24.849764, 36.06582]]}, "properties": {"name": "N Arkadiou St 5364 5498"}}, {"type": "Feature", "geometry": {"type": "LineString", "coordinates": [[24.839063, 36.06352], [24.837563, 36.06352]]}, "properties": {"name": "N Anrop St 6300 6398"}}, {"type": "Feature", "geometry": {"type": "LineString", "coordinates": [[24.837563, 36.06182], [24.837563, 36.06352]]}, "properties": {"name": "N Wenna St 1818 2298"}}, {"type": "Feature", "geometry": {"type": "LineString", "coordinates": [[24.839063, 36.06352], [24.839163, 36.06412]]}, "properties": {"name": "N Thermopilon St 2300 2512"}}, {"type": "Feature", "geometry": {"type": "LineString", "coordinates": [[24.841363, 36.06402], [24.839163, 36.06412]]}, "properties": {"name": "N Antoniadou St 6100 6298"}}, {"type": "Feature", "geometry": {"type": "LineString", "coordinates": [[24.839163, 36.06102], [24.839063, 36.06352]]}, "properties": {"name": "N Thermopilon St 1700 2298"}}, {"type": "Feature", "geometry": {"type": "LineString", "coordinates": [[24.840563, 36.06342], [24.839063, 36.06352]]}, "properties": {"name": "N Anrop St 6200 6298"}}, {"type": "Feature", "geometry": {"type": "LineString", "coordinates": [[24.839163, 36.06102], [24.837763, 36.06092], [24.836363, 36.06072]]}, "properties": {"name": "N Velestinou Blvd 6300 6498"}}, {"type": "Feature", "geometry": {"type": "LineString", "coordinates": [[24.840221, 36.057504], [24.839961, 36.05771], [24.839824, 36.057702], [24.839702, 36.058328], [24.839676, 36.058705]]}, "properties": {"name": ""}}, {"type": "Feature", "geometry": {"type": "LineString", "coordinates": [[24.841863, 36.06342], [24.841363, 36.06342]]}, "properties": {"name": "N Anrop St 6100 6136"}}, {"type": "Feature", "geometry": {"type": "LineString", "coordinates": [[24.840463, 36.06132], [24.840563, 36.06342]]}, "properties": {"name": "N Gerantoni St 1800 2298"}}, {"type": "Feature", "geometry": {"type": "LineString", "coordinates": [[24.841864, 36.06152], [24.841863, 36.06342]]}, "properties": {"name": "N Ionnanon St 1800 2298"}}, {"type": "Feature", "geometry": {"type": "LineString", "coordinates": [[24.840463, 36.06132], [24.839163, 36.06102]]}, "properties": {"name": "N Velestinou Blvd 6200 6298"}}, {"type": "Feature", "geometry": {"type": "LineString", "coordinates": [[24.841864, 36.06152], [24.840463, 36.06132]]}, "properties": {"name": "N Velestinou Blvd 6100 6198"}}, {"type": "Feature", "geometry": {"type": "LineString", "coordinates": [[24.842555, 36.059342], [24.842555, 36.05951]]}, "properties": {"name": "N Ionnanon St 1500 1598"}}, {"type": "Feature", "geometry": {"type": "LineString", "coordinates": [[24.841777, 36.058801], [24.842357, 36.058717], [24.842555, 36.058808]]}, "properties": {"name": "N Alamanas St 6105 6001"}}, {"type": "Feature", "geometry": {"type": "LineString", "coordinates": [[24.836207, 36.056092], [24.836527, 36.056214], [24.836864, 36.05626], [24.836986, 36.056397], [24.837306, 36.056649]]}, "properties": {"name": "Padarn St 1101 1199"}}, {"type": "Feature", "geometry": {"type": "LineString", "coordinates": [[24.837306, 36.056649], [24.837383, 36.056794]]}, "properties": {"name": "Padarn St 1201 1299"}}, {"type": "Feature", "geometry": {"type": "LineString", "coordinates": [[24.838481, 36.056741], [24.837383, 36.056794]]}, "properties": {"name": "Lakendra Pky 1298 1236"}}, {"type": "Feature", "geometry": {"type": "LineString", "coordinates": [[24.838985, 36.056893], [24.838481, 36.056741]]}, "properties": {"name": "Lakendra Pky 1398 1300"}}, {"type": "Feature", "geometry": {"type": "LineString", "coordinates": [[24.839244, 36.054406], [24.839763, 36.054505]]}, "properties": {"name": ""}}, {"type": "Feature", "geometry": {"type": "LineString", "coordinates": [[24.8399, 36.053536], [24.839763, 36.054505]]}, "properties": {"name": ""}}, {"type": "Feature", "geometry": {"type": "LineString", "coordinates": [[24.8399, 36.053536], [24.839382, 36.053536]]}, "properties": {"name": ""}}, {"type": "Feature", "geometry": {"type": "LineString", "coordinates": [[24.840602, 36.05877], [24.841777, 36.058801]]}, "properties": {"name": "N Alamanas St 6199 6107"}}, {"type": "Feature", "geometry": {"type": "LineString", "coordinates": [[24.842464, 36.05802], [24.842159, 36.058404], [24.84196, 36.058496], [24.841838, 36.058587], [24.841777, 36.058801]]}, "properties": {"name": "N Ionnanon St"}}, {"type": "Feature", "geometry": {"type": "LineString", "coordinates": [[24.83958, 36.055116], [24.839443, 36.055688], [24.840343, 36.055512], [24.840602, 36.05565]]}, "properties": {"name": ""}}, {"type": "Feature", "geometry": {"type": "LineString", "coordinates": [[24.840801, 36.054536], [24.840801, 36.05507], [24.84074, 36.055329], [24.840602, 36.05565]]}, "properties": {"name": ""}}, {"type": "Feature", "geometry": {"type": "LineString", "coordinates": [[24.840221, 36.057504], [24.842464, 36.05802]]}, "properties": {"name": "Lakendra Pky 1317 1399"}}, {"type": "Feature", "geometry": {"type": "LineString", "coordinates": [[24.839763, 36.054505], [24.840801, 36.054536]]}, "properties": {"name": ""}}, {"type": "Feature", "geometry": {"type": "LineString", "coordinates": [[24.84132, 36.053834], [24.840938, 36.05391], [24.84074, 36.054009], [24.84074, 36.054147], [24.840801, 36.054536]]}, "properties": {"name": ""}}, {"type": "Feature", "geometry": {"type": "LineString", "coordinates": [[24.84132, 36.053834], [24.840999, 36.053407], [24.8399, 36.053536]]}, "properties": {"name": ""}}, {"type": "Feature", "geometry": {"type": "LineString", "coordinates": [[24.844264, 36.06032], [24.844264, 36.06172]]}, "properties": {"name": "N Pilau St 1918 2098"}}, {"type": "Feature", "geometry": {"type": "LineString", "coordinates": [[24.844264, 36.06032], [24.844676, 36.060464]]}, "properties": {"name": "N Alm St 5799 5717"}}, {"type": "Feature", "geometry": {"type": "LineString", "coordinates": [[24.844676, 36.060464], [24.845764, 36.06032]]}, "properties": {"name": "N Alm St 5715 5705"}}, {"type": "Feature", "geometry": {"type": "LineString", "coordinates": [[24.844692, 36.057656], [24.844676, 36.060464]]}, "properties": {"name": ""}}, {"type": "Feature", "geometry": {"type": "LineString", "coordinates": [[24.844051, 36.059342], [24.844264, 36.06032]]}, "properties": {"name": "N Pilau St 1790 1916"}}, {"type": "Feature", "geometry": {"type": "LineString", "coordinates": [[24.847164, 36.06032], [24.845764, 36.06032]]}, "properties": {"name": "N Alm St 5618 5798"}}, {"type": "Feature", "geometry": {"type": "LineString", "coordinates": [[24.845864, 36.05752], [24.845764, 36.06032]]}, "properties": {"name": "N Zagoriou St 1400 1798"}}, {"type": "Feature", "geometry": {"type": "LineString", "coordinates": [[24.847064, 36.06202], [24.847164, 36.06352]]}, "properties": {"name": "N Leeno St 2100 2298"}}, {"type": "Feature", "geometry": {"type": "LineString", "coordinates": [[24.848464, 36.06352], [24.847164, 36.06352]]}, "properties": {"name": "N Anrop St 5600 5698"}}, {"type": "Feature", "geometry": {"type": "LineString", "coordinates": [[24.847064, 36.06202], [24.844264, 36.06172]]}, "properties": {"name": "N Androutsou St 5700 5898"}}, {"type": "Feature", "geometry": {"type": "LineString", "coordinates": [[24.847164, 36.06032], [24.847064, 36.06202]]}, "properties": {"name": "N Leeno St 1800 2098"}}, {"type": "Feature", "geometry": {"type": "LineString", "coordinates": [[24.848464, 36.06192], [24.847064, 36.06202]]}, "properties": {"name": "N Androutsou St 5600 5698"}}, {"type": "Feature", "geometry": {"type": "LineString", "coordinates": [[24.849664, 36.06352], [24.848464, 36.06352]]}, "properties": {"name": "N Anrop St 5500 5598"}}, {"type": "Feature", "geometry": {"type": "LineString", "coordinates": [[24.848464, 36.06192], [24.848464, 36.06352]]}, "properties": {"name": "N Yonille St 2100 2298"}}, {"type": "Feature", "geometry": {"type": "LineString", "coordinates": [[24.849664, 36.06202], [24.849664, 36.06352]]}, "properties": {"name": "N Scarkeme St 2100 2298"}}, {"type": "Feature", "geometry": {"type": "LineString", "coordinates": [[24.850964, 36.06342], [24.849664, 36.06352]]}, "properties": {"name": "N Anrop St 5400 5498"}}, {"type": "Feature", "geometry": {"type": "LineString", "coordinates": [[24.849664, 36.06202], [24.848464, 36.06192]]}, "properties": {"name": "N Androutsou St 5500 5598"}}, {"type": "Feature", "geometry": {"type": "LineString", "coordinates": [[24.849664, 36.06032], [24.849664, 36.06202]]}, "properties": {"name": "N Scarkeme St 1800 2098"}}, {"type": "Feature", "geometry": {"type": "LineString", "coordinates": [[24.850964, 36.06202], [24.849664, 36.06202]]}, "properties": {"name": "N Androutsou St 5400 5498"}}, {"type": "Feature", "geometry": {"type": "LineString", "coordinates": [[24.848464, 36.06032], [24.847164, 36.06032]]}, "properties": {"name": "N Alm St 5600 5616"}}, {"type": "Feature", "geometry": {"type": "LineString", "coordinates": [[24.847164, 36.05752], [24.847164, 36.06032]]}, "properties": {"name": "N Leeno St 1400 1798"}}, {"type": "Feature", "geometry": {"type": "LineString", "coordinates": [[24.848464, 36.06032], [24.848464, 36.06192]]}, "properties": {"name": "N Yonille St 1800 2098"}}, {"type": "Feature", "geometry": {"type": "LineString", "coordinates": [[24.849664, 36.06032], [24.848464, 36.06032]]}, "properties": {"name": "N Alm St 5500 5598"}}, {"type": "Feature", "geometry": {"type": "LineString", "coordinates": [[24.848364, 36.05752], [24.848464, 36.06032]]}, "properties": {"name": "N Yonille St 1400 1798"}}, {"type": "Feature", "geometry": {"type": "LineString", "coordinates": [[24.849764, 36.05752], [24.849664, 36.06032]]}, "properties": {"name": "N Scarkeme St 1400 1798"}}, {"type": "Feature", "geometry": {"type": "LineString", "coordinates": [[24.850964, 36.06032], [24.849664, 36.06032]]}, "properties": {"name": "N Alm St 5400 5498"}}, {"type": "Feature", "geometry": {"type": "LineString", "coordinates": [[24.844264, 36.05812], [24.842464, 36.05802]]}, "properties": {"name": "Lakendra Pky 5898 5800"}}, {"type": "Feature", "geometry": {"type": "LineString", "coordinates": [[24.844264, 36.05762], [24.844264, 36.05812]]}, "properties": {"name": "N Pilau St 1566 1628"}}, {"type": "Feature", "geometry": {"type": "LineString", "coordinates": [[24.844264, 36.05472], [24.844264, 36.05762]]}, "properties": {"name": "N Pilau St 1190 1564"}}, {"type": "Feature", "geometry": {"type": "LineString", "coordinates": [[24.844264, 36.05762], [24.844692, 36.057656]]}, "properties": {"name": "N Agisilaou St"}}, {"type": "Feature", "geometry": {"type": "LineString", "coordinates": [[24.844692, 36.057656], [24.845164, 36.05752]]}, "properties": {"name": "N Agisilaou St"}}, {"type": "Feature", "geometry": {"type": "LineString", "coordinates": [[24.845164, 36.05692], [24.845164, 36.05752]]}, "properties": {"name": "N Zagoriou St 1314 1398"}}, {"type": "Feature", "geometry": {"type": "LineString", "coordinates": [[24.845864, 36.05752], [24.845164, 36.05752]]}, "properties": {"name": "N Agisilaou St 5716 5848"}}, {"type": "Feature", "geometry": {"type": "LineString", "coordinates": [[24.845064, 36.05602], [24.845164, 36.05692]]}, "properties": {"name": "N Zagoriou St 1216 1312"}}, {"type": "Feature", "geometry": {"type": "LineString", "coordinates": [[24.847164, 36.05682], [24.845164, 36.05692]]}, "properties": {"name": "N Agiasou St 5700 5798"}}, {"type": "Feature", "geometry": {"type": "LineString", "coordinates": [[24.845064, 36.05542], [24.845064, 36.05602]]}, "properties": {"name": "N Zagoriou St 1148 1214"}}, {"type": "Feature", "geometry": {"type": "LineString", "coordinates": [[24.847064, 36.05602], [24.845064, 36.05602]]}, "properties": {"name": "N Agentes St 5700 5798"}}, {"type": "Feature", "geometry": {"type": "LineString", "coordinates": [[24.847164, 36.05752], [24.845864, 36.05752]]}, "properties": {"name": "N Agisilaou St 5700 5714"}}, {"type": "Feature", "geometry": {"type": "LineString", "coordinates": [[24.844036, 36.054223], [24.844264, 36.05472]]}, "properties": {"name": "N Pilau St 1120 1188"}}, {"type": "Feature", "geometry": {"type": "LineString", "coordinates": [[24.847164, 36.05472], [24.844264, 36.05472]]}, "properties": {"name": "N Achilleos St 5426 5898"}}, {"type": "Feature", "geometry": {"type": "LineString", "coordinates": [[24.844036, 36.054223], [24.843196, 36.053826], [24.842617, 36.053697], [24.842037, 36.053659], [24.841777, 36.053666], [24.84132, 36.053834]]}, "properties": {"name": ""}}, {"type": "Feature", "geometry": {"type": "LineString", "coordinates": [[24.847164, 36.05542], [24.845064, 36.05542]]}, "properties": {"name": "Leonidou St 5700 5798"}}, {"type": "Feature", "geometry": {"type": "LineString", "coordinates": [[24.844136, 36.052391], [24.844617, 36.052247], [24.844964, 36.052043], [24.845218, 36.051681], [24.845664, 36.05032]]}, "properties": {"name": "Skaldis"}}, {"type": "Feature", "geometry": {"type": "LineString", "coordinates": [[24.844036, 36.052201], [24.844136, 36.052391]]}, "properties": {"name": "N Pilau St 854 918"}}, {"type": "Feature", "geometry": {"type": "LineString", "coordinates": [[24.846752, 36.053132], [24.848264, 36.05292]]}, "properties": {"name": "N Ermou St 5613 5601"}}, {"type": "Feature", "geometry": {"type": "LineString", "coordinates": [[24.848364, 36.05752], [24.847164, 36.05752]]}, "properties": {"name": "N Agisilaou St 5600 5698"}}, {"type": "Feature", "geometry": {"type": "LineString", "coordinates": [[24.847164, 36.05682], [24.847164, 36.05752]]}, "properties": {"name": "N Leeno St 1300 1398"}}, {"type": "Feature", "geometry": {"type": "LineString", "coordinates": [[24.849764, 36.05752], [24.848364, 36.05752]]}, "properties": {"name": "N Agisilaou St 5500 5598"}}, {"type": "Feature", "geometry": {"type": "LineString", "coordinates": [[24.847064, 36.05602], [24.847164, 36.05682]]}, "properties": {"name": "N Leeno St 1148 1298"}}, {"type": "Feature", "geometry": {"type": "LineString", "coordinates": [[24.847164, 36.05542], [24.847064, 36.05602]]}, "properties": {"name": "N Leeno St 1034 1146"}}, {"type": "Feature", "geometry": {"type": "LineString", "coordinates": [[24.850964, 36.05752], [24.849764, 36.05752]]}, "properties": {"name": "N Agisilaou St 5400 5498"}}, {"type": "Feature", "geometry": {"type": "LineString", "coordinates": [[24.847164, 36.05472], [24.847164, 36.05542]]}, "properties": {"name": "N Leeno St 900 1032"}}, {"type": "Feature", "geometry": {"type": "LineString", "coordinates": [[24.855064, 36.05472], [24.847164, 36.05472]]}, "properties": {"name": "N Achilleos St 5100 5424"}}, {"type": "Feature", "geometry": {"type": "LineString", "coordinates": [[24.848264, 36.05292], [24.848264, 36.05422]]}, "properties": {"name": "N Yonille St 900 1024"}}, {"type": "Feature", "geometry": {"type": "LineString", "coordinates": [[24.851064, 36.05422], [24.848264, 36.05422]]}, "properties": {"name": "N Idris Dr 5400 5598"}}, {"type": "Feature", "geometry": {"type": "LineString", "coordinates": [[24.849364, 36.05292], [24.848264, 36.05292]]}, "properties": {"name": "N Ermou St 5300 5398"}}, {"type": "Feature", "geometry": {"type": "LineString", "coordinates": [[24.849364, 36.05292], [24.849364, 36.05352]]}, "properties": {"name": "N Scarkeme St 900 1098"}}, {"type": "Feature", "geometry": {"type": "LineString", "coordinates": [[24.850964, 36.05352], [24.849364, 36.05352]]}, "properties": {"name": "N Acera St 5350 5498"}}, {"type": "Feature", "geometry": {"type": "LineString", "coordinates": [[24.854064, 36.05292], [24.849364, 36.05292]]}, "properties": {"name": "N Ermou St 5200 5298"}}, {"type": "Feature", "geometry": {"type": "LineString", "coordinates": [[24.852264, 36.07612], [24.850963, 36.07612]]}, "properties": {"name": "N Bilar St 5300 5398"}}, {"type": "Feature", "geometry": {"type": "LineString", "coordinates": [[24.852364, 36.07472], [24.852264, 36.07612]]}, "properties": {"name": "N Filis St 3550 3698"}}, {"type": "Feature", "geometry": {"type": "LineString", "coordinates": [[24.853364, 36.07612], [24.852264, 36.07612]]}, "properties": {"name": "N Bilar St 5200 5298"}}, {"type": "Feature", "geometry": {"type": "LineString", "coordinates": [[24.850964, 36.07242], [24.850964, 36.07432]]}, "properties": {"name": "N Finiatur St 3300 3498"}}, {"type": "Feature", "geometry": {"type": "LineString", "coordinates": [[24.852364, 36.07432], [24.850964, 36.07432]]}, "properties": {"name": "N Barwyn St 5300 5398"}}, {"type": "Feature", "geometry": {"type": "LineString", "coordinates": [[24.852464, 36.07242], [24.850964, 36.07242]]}, "properties": {"name": "N Bairn St 5300 5412"}}, {"type": "Feature", "geometry": {"type": "LineString", "coordinates": [[24.851064, 36.07062], [24.850964, 36.07242]]}, "properties": {"name": "N Finiatur St 3100 3298"}}, {"type": "Feature", "geometry": {"type": "LineString", "coordinates": [[24.852364, 36.07432], [24.852364, 36.07472]]}, "properties": {"name": "N Filis St 3500 3548"}}, {"type": "Feature", "geometry": {"type": "LineString", "coordinates": [[24.852464, 36.07242], [24.852364, 36.07432]]}, "properties": {"name": "N Filis St 3300 3498"}}, {"type": "Feature", "geometry": {"type": "LineString", "coordinates": [[24.853364, 36.07432], [24.852364, 36.07432]]}, "properties": {"name": "N Barwyn St 5200 5298"}}, {"type": "Feature", "geometry": {"type": "LineString", "coordinates": [[24.852564, 36.07052], [24.852464, 36.07242]]}, "properties": {"name": "N Filis St 3100 3298"}}, {"type": "Feature", "geometry": {"type": "LineString", "coordinates": [[24.853464, 36.07492], [24.853364, 36.07612]]}, "properties": {"name": "N Tolleniau St 3510 3698"}}, {"type": "Feature", "geometry": {"type": "LineString", "coordinates": [[24.853464, 36.07492], [24.852364, 36.07472]]}, "properties": {"name": "Platser St 5200 5298"}}, {"type": "Feature", "geometry": {"type": "LineString", "coordinates": [[24.853364, 36.07432], [24.853464, 36.07492]]}, "properties": {"name": "N Tolleniau St 3500 3508"}}, {"type": "Feature", "geometry": {"type": "LineString", "coordinates": [[24.854964, 36.07522], [24.855064, 36.07662]]}, "properties": {"name": "N Parla St 3600 3698"}}, {"type": "Feature", "geometry": {"type": "LineString", "coordinates": [[24.856264, 36.07672], [24.855064, 36.07662]]}, "properties": {"name": "N Bilar St 5000 5098"}}, {"type": "Feature", "geometry": {"type": "LineString", "coordinates": [[24.856264, 36.07522], [24.856264, 36.07672]]}, "properties": {"name": "N Limnou St 3600 3698"}}, {"type": "Feature", "geometry": {"type": "LineString", "coordinates": [[24.857564, 36.07662], [24.856264, 36.07672]]}, "properties": {"name": "N Bilar St 4900 4998"}}, {"type": "Feature", "geometry": {"type": "LineString", "coordinates": [[24.856264, 36.07522], [24.854964, 36.07522]]}, "properties": {"name": "N Berlau St 5000 5098"}}, {"type": "Feature", "geometry": {"type": "LineString", "coordinates": [[24.855064, 36.07432], [24.854964, 36.07522]]}, "properties": {"name": "N Parla St 3500 3598"}}, {"type": "Feature", "geometry": {"type": "LineString", "coordinates": [[24.856264, 36.07432], [24.856264, 36.07522]]}, "properties": {"name": "N Limnou St 3500 3598"}}, {"type": "Feature", "geometry": {"type": "LineString", "coordinates": [[24.857564, 36.07522], [24.856264, 36.07522]]}, "properties": {"name": "N Berlau St 4900 4998"}}, {"type": "Feature", "geometry": {"type": "LineString", "coordinates": [[24.853864, 36.07432], [24.853364, 36.07432]]}, "properties": {"name": "N Barwyn St"}}, {"type": "Feature", "geometry": {"type": "LineString", "coordinates": [[24.853764, 36.07252], [24.853864, 36.07432]]}, "properties": {"name": "N Tolleniau St 3300 3498"}}, {"type": "Feature", "geometry": {"type": "LineString", "coordinates": [[24.855064, 36.07432], [24.853864, 36.07432]]}, "properties": {"name": "N Barwyn St 5100 5198"}}, {"type": "Feature", "geometry": {"type": "LineString", "coordinates": [[24.853764, 36.07252], [24.852464, 36.07242]]}, "properties": {"name": "N Bairn St 5200 5298"}}, {"type": "Feature", "geometry": {"type": "LineString", "coordinates": [[24.854964, 36.07242], [24.853764, 36.07252]]}, "properties": {"name": "N Bairn St 5100 5198"}}, {"type": "Feature", "geometry": {"type": "LineString", "coordinates": [[24.853764, 36.07062], [24.853764, 36.07252]]}, "properties": {"name": "N Tolleniau St 3100 3298"}}, {"type": "Feature", "geometry": {"type": "LineString", "coordinates": [[24.856264, 36.07432], [24.855064, 36.07432]]}, "properties": {"name": "N Barwyn St 5000 5098"}}, {"type": "Feature", "geometry": {"type": "LineString", "coordinates": [[24.854964, 36.07242], [24.855064, 36.07432]]}, "properties": {"name": "N Parla St 3300 3498"}}, {"type": "Feature", "geometry": {"type": "LineString", "coordinates": [[24.856264, 36.07252], [24.856264, 36.07432]]}, "properties": {"name": "N Limnou St 3300 3498"}}, {"type": "Feature", "geometry": {"type": "LineString", "coordinates": [[24.857564, 36.07432], [24.856264, 36.07432]]}, "properties": {"name": "N Barwyn St 4900 4998"}}, {"type": "Feature", "geometry": {"type": "LineString", "coordinates": [[24.854964, 36.07052], [24.854964, 36.07242]]}, "properties": {"name": "N Parla St 3100 3298"}}, {"type": "Feature", "geometry": {"type": "LineString", "coordinates": [[24.856264, 36.07252], [24.854964, 36.07242]]}, "properties": {"name": "N Bairn St 5000 5098"}}, {"type": "Feature", "geometry": {"type": "LineString", "coordinates": [[24.856264, 36.07052], [24.856264, 36.07252]]}, "properties": {"name": "N Limnou St 3100 3298"}}, {"type": "Feature", "geometry": {"type": "LineString", "coordinates": [[24.857564, 36.07242], [24.856264, 36.07252]]}, "properties": {"name": "N Bairn St 4900 4998"}}, {"type": "Feature", "geometry": {"type": "LineString", "coordinates": [[24.850864, 36.06882], [24.851064, 36.07062]]}, "properties": {"name": "N Finiatur St 3000 3098"}}, {"type": "Feature", "geometry": {"type": "LineString", "coordinates": [[24.852564, 36.07052], [24.851064, 36.07062]]}, "properties": {"name": "N Averof St 5300 5398"}}, {"type": "Feature", "geometry": {"type": "LineString", "coordinates": [[24.850864, 36.06882], [24.849664, 36.06862]]}, "properties": {"name": "N Aveny St 5400 5498"}}, {"type": "Feature", "geometry": {"type": "LineString", "coordinates": [[24.850964, 36.06572], [24.850864, 36.06882]]}, "properties": {"name": "N Finiatur St 2600 2998"}}, {"type": "Feature", "geometry": {"type": "LineString", "coordinates": [[24.852064, 36.06902], [24.851864, 36.06952], [24.852564, 36.07052]]}, "properties": {"name": "N Filis St 3000 3098"}}, {"type": "Feature", "geometry": {"type": "LineString", "coordinates": [[24.852064, 36.06902], [24.850864, 36.06882]]}, "properties": {"name": "N Aveny St 5300 5398"}}, {"type": "Feature", "geometry": {"type": "LineString", "coordinates": [[24.852364, 36.06832], [24.852064, 36.06902]]}, "properties": {"name": "N Filis St 2900 2998"}}, {"type": "Feature", "geometry": {"type": "LineString", "coordinates": [[24.852364, 36.06752], [24.852364, 36.06832]]}, "properties": {"name": "N Filis St 2800 2898"}}, {"type": "Feature", "geometry": {"type": "LineString", "coordinates": [[24.852464, 36.06662], [24.852364, 36.06752]]}, "properties": {"name": "N Filis St 2700 2798"}}, {"type": "Feature", "geometry": {"type": "LineString", "coordinates": [[24.852364, 36.06582], [24.850964, 36.06572]]}, "properties": {"name": "N Arkadiou St 5232 5362"}}, {"type": "Feature", "geometry": {"type": "LineString", "coordinates": [[24.854964, 36.06562], [24.852364, 36.06582]]}, "properties": {"name": "N Arkadiou St 5100 5230"}}, {"type": "Feature", "geometry": {"type": "LineString", "coordinates": [[24.852364, 36.06582], [24.852464, 36.06662]]}, "properties": {"name": "N Filis St 2600 2698"}}, {"type": "Feature", "geometry": {"type": "LineString", "coordinates": [[24.854964, 36.06652], [24.852464, 36.06662]]}, "properties": {"name": "N Arkadou St 5100 5298"}}, {"type": "Feature", "geometry": {"type": "LineString", "coordinates": [[24.853764, 36.07062], [24.852564, 36.07052]]}, "properties": {"name": "N Averof St 5200 5298"}}, {"type": "Feature", "geometry": {"type": "LineString", "coordinates": [[24.854964, 36.07052], [24.853764, 36.07062]]}, "properties": {"name": "N Averof St 5100 5198"}}, {"type": "Feature", "geometry": {"type": "LineString", "coordinates": [[24.854164, 36.06862], [24.852364, 36.06832]]}, "properties": {"name": "N Asiant St 5114 5298"}}, {"type": "Feature", "geometry": {"type": "LineString", "coordinates": [[24.855064, 36.06862], [24.854164, 36.06862]]}, "properties": {"name": "N Asiant St 5100 5112"}}, {"type": "Feature", "geometry": {"type": "LineString", "coordinates": [[24.854164, 36.06862], [24.854164, 36.06792], [24.853964, 36.06762], [24.852364, 36.06752]]}, "properties": {"name": "N Mpinari St 5100 5198"}}, {"type": "Feature", "geometry": {"type": "LineString", "coordinates": [[24.856264, 36.07052], [24.854964, 36.07052]]}, "properties": {"name": "N Averof St 5000 5098"}}, {"type": "Feature", "geometry": {"type": "LineString", "coordinates": [[24.854864, 36.06962], [24.854964, 36.07052]]}, "properties": {"name": "N Parla St 3000 3098"}}, {"type": "Feature", "geometry": {"type": "LineString", "coordinates": [[24.856364, 36.06962], [24.856264, 36.07052]]}, "properties": {"name": "N Limnou St 3000 3098"}}, {"type": "Feature", "geometry": {"type": "LineString", "coordinates": [[24.854864, 36.06962], [24.852064, 36.06902]]}, "properties": {"name": "N Aveny St 5100 5298"}}, {"type": "Feature", "geometry": {"type": "LineString", "coordinates": [[24.855064, 36.06862], [24.854864, 36.06962]]}, "properties": {"name": "N Parla St 2900 2998"}}, {"type": "Feature", "geometry": {"type": "LineString", "coordinates": [[24.856364, 36.06962], [24.854864, 36.06962]]}, "properties": {"name": "N Aveny St 5000 5098"}}, {"type": "Feature", "geometry": {"type": "LineString", "coordinates": [[24.856364, 36.06862], [24.855064, 36.06862]]}, "properties": {"name": "N Asiant St 5000 5098"}}, {"type": "Feature", "geometry": {"type": "LineString", "coordinates": [[24.855064, 36.06772], [24.855064, 36.06862]]}, "properties": {"name": "N Parla St 2712 2898"}}, {"type": "Feature", "geometry": {"type": "LineString", "coordinates": [[24.856364, 36.06862], [24.856364, 36.06962]]}, "properties": {"name": "N Limnou St 2900 2998"}}, {"type": "Feature", "geometry": {"type": "LineString", "coordinates": [[24.857864, 36.06952], [24.856364, 36.06962]]}, "properties": {"name": "N Aveny St 4900 4998"}}, {"type": "Feature", "geometry": {"type": "LineString", "coordinates": [[24.856364, 36.06772], [24.856364, 36.06862]]}, "properties": {"name": "N Limnou St 2800 2898"}}, {"type": "Feature", "geometry": {"type": "LineString", "coordinates": [[24.857864, 36.06862], [24.856364, 36.06862]]}, "properties": {"name": "N Asiant St 4900 4998"}}, {"type": "Feature", "geometry": {"type": "LineString", "coordinates": [[24.856364, 36.06772], [24.855064, 36.06772]]}, "properties": {"name": "N Artakis St 5000 5098"}}, {"type": "Feature", "geometry": {"type": "LineString", "coordinates": [[24.854964, 36.06652], [24.855064, 36.06772]]}, "properties": {"name": "N Parla St 2700 2710"}}, {"type": "Feature", "geometry": {"type": "LineString", "coordinates": [[24.856364, 36.06652], [24.856364, 36.06772]]}, "properties": {"name": "N Limnou St 2700 2798"}}, {"type": "Feature", "geometry": {"type": "LineString", "coordinates": [[24.857964, 36.06772], [24.856364, 36.06772]]}, "properties": {"name": "N Artakis St 4900 4998"}}, {"type": "Feature", "geometry": {"type": "LineString", "coordinates": [[24.854964, 36.06562], [24.854964, 36.06652]]}, "properties": {"name": "N Parla St 2600 2698"}}, {"type": "Feature", "geometry": {"type": "LineString", "coordinates": [[24.856364, 36.06652], [24.854964, 36.06652]]}, "properties": {"name": "N Arkadou St 5000 5098"}}, {"type": "Feature", "geometry": {"type": "LineString", "coordinates": [[24.855064, 36.06472], [24.854964, 36.06562]]}, "properties": {"name": "N Parla St 2472 2598"}}, {"type": "Feature", "geometry": {"type": "LineString", "coordinates": [[24.856364, 36.06572], [24.856364, 36.06652]]}, "properties": {"name": "N Limnou St 2600 2698"}}, {"type": "Feature", "geometry": {"type": "LineString", "coordinates": [[24.857964, 36.06652], [24.856364, 36.06652]]}, "properties": {"name": "N Arkadou St 4900 4998"}}, {"type": "Feature", "geometry": {"type": "LineString", "coordinates": [[24.856364, 36.06572], [24.854964, 36.06562]]}, "properties": {"name": "N Arkadiou St 5000 5098"}}, {"type": "Feature", "geometry": {"type": "LineString", "coordinates": [[24.857864, 36.06562], [24.856364, 36.06572]]}, "properties": {"name": "N Arkadiou St 4900 4998"}}, {"type": "Feature", "geometry": {"type": "LineString", "coordinates": [[24.856364, 36.06482], [24.856364, 36.06572]]}, "properties": {"name": "N Limnou St 2500 2598"}}, {"type": "Feature", "geometry": {"type": "LineString", "coordinates": [[24.857564, 36.07522], [24.857564, 36.07662]]}, "properties": {"name": "N Ithakis St 3600 3698"}}, {"type": "Feature", "geometry": {"type": "LineString", "coordinates": [[24.859064, 36.07662], [24.857564, 36.07662]]}, "properties": {"name": "N Bilar St 4800 4898"}}, {"type": "Feature", "geometry": {"type": "LineString", "coordinates": [[24.859064, 36.07522], [24.857564, 36.07522]]}, "properties": {"name": "N Berlau St 4800 4898"}}, {"type": "Feature", "geometry": {"type": "LineString", "coordinates": [[24.857564, 36.07432], [24.857564, 36.07522]]}, "properties": {"name": "N Ithakis St 3500 3598"}}, {"type": "Feature", "geometry": {"type": "LineString", "coordinates": [[24.859064, 36.07522], [24.859064, 36.07662]]}, "properties": {"name": "N Omirou St 3600 3698"}}, {"type": "Feature", "geometry": {"type": "LineString", "coordinates": [[24.860364, 36.07662], [24.859064, 36.07662]]}, "properties": {"name": "N Bilar St 4700 4798"}}, {"type": "Feature", "geometry": {"type": "LineString", "coordinates": [[24.859064, 36.07432], [24.859064, 36.07522]]}, "properties": {"name": "N Omirou St 3500 3598"}}, {"type": "Feature", "geometry": {"type": "LineString", "coordinates": [[24.860364, 36.07522], [24.859064, 36.07522]]}, "properties": {"name": "N Berlau St 4700 4798"}}, {"type": "Feature", "geometry": {"type": "LineString", "coordinates": [[24.857564, 36.07242], [24.857564, 36.07432]]}, "properties": {"name": "N Ithakis St 3300 3498"}}, {"type": "Feature", "geometry": {"type": "LineString", "coordinates": [[24.859064, 36.07432], [24.857564, 36.07432]]}, "properties": {"name": "N Barwyn St 4800 4898"}}, {"type": "Feature", "geometry": {"type": "LineString", "coordinates": [[24.858964, 36.07242], [24.857564, 36.07242]]}, "properties": {"name": "N Bairn St 4800 4898"}}, {"type": "Feature", "geometry": {"type": "LineString", "coordinates": [[24.857564, 36.07062], [24.857564, 36.07242]]}, "properties": {"name": "N Ithakis St 3100 3298"}}, {"type": "Feature", "geometry": {"type": "LineString", "coordinates": [[24.858964, 36.07242], [24.859064, 36.07432]]}, "properties": {"name": "N Omirou St 3300 3498"}}, {"type": "Feature", "geometry": {"type": "LineString", "coordinates": [[24.860364, 36.07432], [24.859064, 36.07432]]}, "properties": {"name": "N Barwyn St 4700 4798"}}, {"type": "Feature", "geometry": {"type": "LineString", "coordinates": [[24.860364, 36.07242], [24.858964, 36.07242]]}, "properties": {"name": "N Bairn St 4700 4798"}}, {"type": "Feature", "geometry": {"type": "LineString", "coordinates": [[24.859064, 36.07052], [24.858964, 36.07242]]}, "properties": {"name": "N Omirou St 3100 3298"}}, {"type": "Feature", "geometry": {"type": "LineString", "coordinates": [[24.860364, 36.07522], [24.860364, 36.07662]]}, "properties": {"name": "N Ketallinias St 3600 3698"}}, {"type": "Feature", "geometry": {"type": "LineString", "coordinates": [[24.861664, 36.07662], [24.860364, 36.07662]]}, "properties": {"name": "N Bilar St 4600 4698"}}, {"type": "Feature", "geometry": {"type": "LineString", "coordinates": [[24.861664, 36.07522], [24.860364, 36.07522]]}, "properties": {"name": "N Berlau St 4600 4698"}}, {"type": "Feature", "geometry": {"type": "LineString", "coordinates": [[24.860364, 36.07432], [24.860364, 36.07522]]}, "properties": {"name": "N Ketallinias St 3500 3598"}}, {"type": "Feature", "geometry": {"type": "LineString", "coordinates": [[24.861664, 36.07522], [24.861664, 36.07662]]}, "properties": {"name": "N Hacia St 3600 3698"}}, {"type": "Feature", "geometry": {"type": "LineString", "coordinates": [[24.862864, 36.07662], [24.861664, 36.07662]]}, "properties": {"name": "N Bilar St 4500 4598"}}, {"type": "Feature", "geometry": {"type": "LineString", "coordinates": [[24.861664, 36.07432], [24.861664, 36.07522]]}, "properties": {"name": "N Hacia St 3500 3598"}}, {"type": "Feature", "geometry": {"type": "LineString", "coordinates": [[24.862864, 36.07522], [24.861664, 36.07522]]}, "properties": {"name": "N Berlau St 4500 4598"}}, {"type": "Feature", "geometry": {"type": "LineString", "coordinates": [[24.860364, 36.07242], [24.860364, 36.07432]]}, "properties": {"name": "N Ketallinias St 3300 3498"}}, {"type": "Feature", "geometry": {"type": "LineString", "coordinates": [[24.861664, 36.07432], [24.860364, 36.07432]]}, "properties": {"name": "N Barwyn St 4600 4698"}}, {"type": "Feature", "geometry": {"type": "LineString", "coordinates": [[24.861664, 36.07242], [24.860364, 36.07242]]}, "properties": {"name": "N Bairn St 4600 4698"}}, {"type": "Feature", "geometry": {"type": "LineString", "coordinates": [[24.860264, 36.07052], [24.860364, 36.07242]]}, "properties": {"name": "N Ketallinias St 3100 3298"}}, {"type": "Feature", "geometry": {"type": "LineString", "coordinates": [[24.861664, 36.07332], [24.861664, 36.07432]]}, "properties": {"name": "N Hacia St 3400 3498"}}, {"type": "Feature", "geometry": {"type": "LineString", "coordinates": [[24.862964, 36.07432], [24.861664, 36.07432]]}, "properties": {"name": "N Barwyn St 4500 4598"}}, {"type": "Feature", "geometry": {"type": "LineString", "coordinates": [[24.861664, 36.07242], [24.861664, 36.07332]]}, "properties": {"name": "N Hacia St 3300 3398"}}, {"type": "Feature", "geometry": {"type": "LineString", "coordinates": [[24.862864, 36.07332], [24.861664, 36.07332]]}, "properties": {"name": "N Barabla St 4500 4598"}}, {"type": "Feature", "geometry": {"type": "LineString", "coordinates": [[24.861664, 36.07062], [24.861664, 36.07242]]}, "properties": {"name": "N Hacia St 3100 3298"}}, {"type": "Feature", "geometry": {"type": "LineString", "coordinates": [[24.862964, 36.07242], [24.861664, 36.07242]]}, "properties": {"name": "N Bairn St 4500 4598"}}, {"type": "Feature", "geometry": {"type": "LineString", "coordinates": [[24.857564, 36.07062], [24.856264, 36.07052]]}, "properties": {"name": "N Averof St 4910 4998"}}, {"type": "Feature", "geometry": {"type": "LineString", "coordinates": [[24.857964, 36.07062], [24.857564, 36.07062]]}, "properties": {"name": "N Averof St 4900 4908"}}, {"type": "Feature", "geometry": {"type": "LineString", "coordinates": [[24.857864, 36.06952], [24.857964, 36.07062]]}, "properties": {"name": "N Ithakis St 3000 3098"}}, {"type": "Feature", "geometry": {"type": "LineString", "coordinates": [[24.859064, 36.07052], [24.857964, 36.07062]]}, "properties": {"name": "N Averof St 4810 4898"}}, {"type": "Feature", "geometry": {"type": "LineString", "coordinates": [[24.857864, 36.06862], [24.857864, 36.06952]]}, "properties": {"name": "N Ithakis St 2900 2998"}}, {"type": "Feature", "geometry": {"type": "LineString", "coordinates": [[24.859564, 36.06952], [24.857864, 36.06952]]}, "properties": {"name": "N Aveny St 4800 4898"}}, {"type": "Feature", "geometry": {"type": "LineString", "coordinates": [[24.859564, 36.06862], [24.857864, 36.06862]]}, "properties": {"name": "N Asiant St 4800 4898"}}, {"type": "Feature", "geometry": {"type": "LineString", "coordinates": [[24.857964, 36.06772], [24.857864, 36.06862]]}, "properties": {"name": "N Ithakis St 2800 2898"}}, {"type": "Feature", "geometry": {"type": "LineString", "coordinates": [[24.859464, 36.07052], [24.859064, 36.07052]]}, "properties": {"name": "N Averof St 4800 4808"}}, {"type": "Feature", "geometry": {"type": "LineString", "coordinates": [[24.859564, 36.06952], [24.859464, 36.07052]]}, "properties": {"name": "N Omirou St 3000 3098"}}, {"type": "Feature", "geometry": {"type": "LineString", "coordinates": [[24.860264, 36.07052], [24.859464, 36.07052]]}, "properties": {"name": "N Averof St 4700 4798"}}, {"type": "Feature", "geometry": {"type": "LineString", "coordinates": [[24.859564, 36.06862], [24.859564, 36.06952]]}, "properties": {"name": "N Omirou St 2900 2998"}}, {"type": "Feature", "geometry": {"type": "LineString", "coordinates": [[24.861064, 36.06952], [24.859564, 36.06952]]}, "properties": {"name": "N Aveny St 4600 4798"}}, {"type": "Feature", "geometry": {"type": "LineString", "coordinates": [[24.859464, 36.06772], [24.859564, 36.06862]]}, "properties": {"name": "N Omirou St 2800 2898"}}, {"type": "Feature", "geometry": {"type": "LineString", "coordinates": [[24.860964, 36.06862], [24.859564, 36.06862]]}, "properties": {"name": "N Asiant St 4600 4798"}}, {"type": "Feature", "geometry": {"type": "LineString", "coordinates": [[24.857964, 36.06652], [24.857964, 36.06772]]}, "properties": {"name": "N Ithakis St 2700 2798"}}, {"type": "Feature", "geometry": {"type": "LineString", "coordinates": [[24.859464, 36.06772], [24.857964, 36.06772]]}, "properties": {"name": "N Artakis St 4800 4898"}}, {"type": "Feature", "geometry": {"type": "LineString", "coordinates": [[24.857864, 36.06562], [24.857964, 36.06652]]}, "properties": {"name": "N Ithakis St 2600 2698"}}, {"type": "Feature", "geometry": {"type": "LineString", "coordinates": [[24.859464, 36.06562], [24.857864, 36.06562]]}, "properties": {"name": "N Arkadiou St 4800 4898"}}, {"type": "Feature", "geometry": {"type": "LineString", "coordinates": [[24.857864, 36.06482], [24.857864, 36.06562]]}, "properties": {"name": "N Ithakis St 2500 2598"}}, {"type": "Feature", "geometry": {"type": "LineString", "coordinates": [[24.861064, 36.06772], [24.859464, 36.06772]]}, "properties": {"name": "N Artakis St 4600 4798"}}, {"type": "Feature", "geometry": {"type": "LineString", "coordinates": [[24.859564, 36.06662], [24.857964, 36.06652]]}, "properties": {"name": "N Arkadou St 4800 4898"}}, {"type": "Feature", "geometry": {"type": "LineString", "coordinates": [[24.859464, 36.06562], [24.859564, 36.06662]]}, "properties": {"name": "N Omirou St 2600 2798"}}, {"type": "Feature", "geometry": {"type": "LineString", "coordinates": [[24.861064, 36.06662], [24.859564, 36.06662]]}, "properties": {"name": "N Arkadou St 4600 4798"}}, {"type": "Feature", "geometry": {"type": "LineString", "coordinates": [[24.859464, 36.06472], [24.859464, 36.06562]]}, "properties": {"name": "N Omirou St 2500 2598"}}, {"type": "Feature", "geometry": {"type": "LineString", "coordinates": [[24.861064, 36.07052], [24.860264, 36.07052]]}, "properties": {"name": "N Averof St 4600 4698"}}, {"type": "Feature", "geometry": {"type": "LineString", "coordinates": [[24.861064, 36.06952], [24.861064, 36.07052]]}, "properties": {"name": "N Hacia St 3000 3098"}}, {"type": "Feature", "geometry": {"type": "LineString", "coordinates": [[24.860964, 36.06862], [24.861064, 36.06952]]}, "properties": {"name": "N Hacia St 2900 2998"}}, {"type": "Feature", "geometry": {"type": "LineString", "coordinates": [[24.862564, 36.06862], [24.860964, 36.06862]]}, "properties": {"name": "N Asiant St 4500 4598"}}, {"type": "Feature", "geometry": {"type": "LineString", "coordinates": [[24.861064, 36.06772], [24.860964, 36.06862]]}, "properties": {"name": "N Hacia St 2800 2898"}}, {"type": "Feature", "geometry": {"type": "LineString", "coordinates": [[24.861664, 36.07062], [24.861064, 36.07052]]}, "properties": {"name": "N Averof St 4514 4598"}}, {"type": "Feature", "geometry": {"type": "LineString", "coordinates": [[24.862464, 36.07042], [24.861664, 36.07062]]}, "properties": {"name": "N Averof St 4500 4512"}}, {"type": "Feature", "geometry": {"type": "LineString", "coordinates": [[24.862464, 36.06962], [24.862464, 36.07042]]}, "properties": {"name": "N Thessalias St 3000 3098"}}, {"type": "Feature", "geometry": {"type": "LineString", "coordinates": [[24.862464, 36.06962], [24.861064, 36.06952]]}, "properties": {"name": "N Aveny St 4500 4598"}}, {"type": "Feature", "geometry": {"type": "LineString", "coordinates": [[24.862564, 36.06862], [24.862464, 36.06962]]}, "properties": {"name": "N Thessalias St 2900 2998"}}, {"type": "Feature", "geometry": {"type": "LineString", "coordinates": [[24.864164, 36.06962], [24.862464, 36.06962]]}, "properties": {"name": "N Aveny St 4400 4498"}}, {"type": "Feature", "geometry": {"type": "LineString", "coordinates": [[24.864164, 36.06862], [24.862564, 36.06862]]}, "properties": {"name": "N Asiant St 4400 4498"}}, {"type": "Feature", "geometry": {"type": "LineString", "coordinates": [[24.861064, 36.06662], [24.861064, 36.06772]]}, "properties": {"name": "N Hacia St 2700 2798"}}, {"type": "Feature", "geometry": {"type": "LineString", "coordinates": [[24.862564, 36.06772], [24.861064, 36.06772]]}, "properties": {"name": "N Artakis St 4500 4598"}}, {"type": "Feature", "geometry": {"type": "LineString", "coordinates": [[24.861064, 36.06572], [24.861064, 36.06662]]}, "properties": {"name": "N Hacia St 2600 2698"}}, {"type": "Feature", "geometry": {"type": "LineString", "coordinates": [[24.861064, 36.06572], [24.859464, 36.06562]]}, "properties": {"name": "N Arkadiou St 4600 4798"}}, {"type": "Feature", "geometry": {"type": "LineString", "coordinates": [[24.862564, 36.06572], [24.861064, 36.06572]]}, "properties": {"name": "N Arkadiou St 4500 4598"}}, {"type": "Feature", "geometry": {"type": "LineString", "coordinates": [[24.860964, 36.06482], [24.861064, 36.06572]]}, "properties": {"name": "N Hacia St 2500 2598"}}, {"type": "Feature", "geometry": {"type": "LineString", "coordinates": [[24.864164, 36.06772], [24.862564, 36.06772]]}, "properties": {"name": "N Artakis St 4400 4498"}}, {"type": "Feature", "geometry": {"type": "LineString", "coordinates": [[24.862464, 36.06672], [24.861064, 36.06662]]}, "properties": {"name": "N Arkadou St 4500 4598"}}, {"type": "Feature", "geometry": {"type": "LineString", "coordinates": [[24.862564, 36.06572], [24.862464, 36.06672]]}, "properties": {"name": "N Thessalias St 2600 2698"}}, {"type": "Feature", "geometry": {"type": "LineString", "coordinates": [[24.864157, 36.066716], [24.862464, 36.06672]]}, "properties": {"name": "N Arkadou St 4400 4498"}}, {"type": "Feature", "geometry": {"type": "LineString", "coordinates": [[24.864164, 36.06572], [24.862564, 36.06572]]}, "properties": {"name": "N Arkadiou St 4400 4498"}}, {"type": "Feature", "geometry": {"type": "LineString", "coordinates": [[24.850964, 36.06202], [24.850964, 36.06342]]}, "properties": {"name": "Finiatur St 2100 2298"}}, {"type": "Feature", "geometry": {"type": "LineString", "coordinates": [[24.852264, 36.06202], [24.850964, 36.06202]]}, "properties": {"name": "N Androutsou St 5300 5398"}}, {"type": "Feature", "geometry": {"type": "LineString", "coordinates": [[24.850964, 36.06032], [24.850964, 36.06202]]}, "properties": {"name": "Finiatur St 1800 2098"}}, {"type": "Feature", "geometry": {"type": "LineString", "coordinates": [[24.853664, 36.06202], [24.852264, 36.06202]]}, "properties": {"name": "N Androutsou St 5200 5298"}}, {"type": "Feature", "geometry": {"type": "LineString", "coordinates": [[24.852364, 36.06032], [24.850964, 36.06032]]}, "properties": {"name": "N Alm St 5300 5398"}}, {"type": "Feature", "geometry": {"type": "LineString", "coordinates": [[24.850964, 36.05752], [24.850964, 36.06032]]}, "properties": {"name": "Finiatur St 1400 1798"}}, {"type": "Feature", "geometry": {"type": "LineString", "coordinates": [[24.852364, 36.06032], [24.852364, 36.06082]]}, "properties": {"name": "Filis St 1800 1898"}}, {"type": "Feature", "geometry": {"type": "LineString", "coordinates": [[24.852364, 36.05752], [24.852364, 36.06032]]}, "properties": {"name": "Filis St 1200 1798"}}, {"type": "Feature", "geometry": {"type": "LineString", "coordinates": [[24.855064, 36.06202], [24.853664, 36.06202]]}, "properties": {"name": "N Androutsou St 5100 5198"}}, {"type": "Feature", "geometry": {"type": "LineString", "coordinates": [[24.853662, 36.060329], [24.853664, 36.06202]]}, "properties": {"name": "N Tolleniau St 1800 2098"}}, {"type": "Feature", "geometry": {"type": "LineString", "coordinates": [[24.855064, 36.06382], [24.855064, 36.06472]]}, "properties": {"name": "N Parla St 2348 2470"}}, {"type": "Feature", "geometry": {"type": "LineString", "coordinates": [[24.856364, 36.06382], [24.855064, 36.06382]]}, "properties": {"name": "N Antoniadou St 5000 5098"}}, {"type": "Feature", "geometry": {"type": "LineString", "coordinates": [[24.855064, 36.06292], [24.855064, 36.06382]]}, "properties": {"name": "N Parla St 2224 2346"}}, {"type": "Feature", "geometry": {"type": "LineString", "coordinates": [[24.856364, 36.06482], [24.855064, 36.06472]]}, "properties": {"name": "N Arbete St 5000 5098"}}, {"type": "Feature", "geometry": {"type": "LineString", "coordinates": [[24.856364, 36.06382], [24.856364, 36.06482]]}, "properties": {"name": "N Limnou St 2400 2498"}}, {"type": "Feature", "geometry": {"type": "LineString", "coordinates": [[24.857864, 36.06482], [24.856364, 36.06482]]}, "properties": {"name": "N Arbete St 4900 4998"}}, {"type": "Feature", "geometry": {"type": "LineString", "coordinates": [[24.856364, 36.06292], [24.856364, 36.06382]]}, "properties": {"name": "N Limnou St 2200 2398"}}, {"type": "Feature", "geometry": {"type": "LineString", "coordinates": [[24.855064, 36.06202], [24.855064, 36.06292]]}, "properties": {"name": "N Parla St 2100 2222"}}, {"type": "Feature", "geometry": {"type": "LineString", "coordinates": [[24.856364, 36.06292], [24.855064, 36.06292]]}, "properties": {"name": "N Anntigonou St 5000 5098"}}, {"type": "Feature", "geometry": {"type": "LineString", "coordinates": [[24.856364, 36.06202], [24.855064, 36.06202]]}, "properties": {"name": "N Androutsou St 5000 5098"}}, {"type": "Feature", "geometry": {"type": "LineString", "coordinates": [[24.855064, 36.06122], [24.855064, 36.06202]]}, "properties": {"name": "N Parla St 1900 2098"}}, {"type": "Feature", "geometry": {"type": "LineString", "coordinates": [[24.856364, 36.06202], [24.856364, 36.06292]]}, "properties": {"name": "N Limnou St 2100 2198"}}, {"type": "Feature", "geometry": {"type": "LineString", "coordinates": [[24.857916, 36.062908], [24.856364, 36.06292]]}, "properties": {"name": "N Anntigonou St 4900 4998"}}, {"type": "Feature", "geometry": {"type": "LineString", "coordinates": [[24.856464, 36.06122], [24.856364, 36.06202]]}, "properties": {"name": "N Limnou St 1900 2098"}}, {"type": "Feature", "geometry": {"type": "LineString", "coordinates": [[24.857894, 36.061982], [24.856364, 36.06202]]}, "properties": {"name": "N Androutsou St 4900 4998"}}, {"type": "Feature", "geometry": {"type": "LineString", "coordinates": [[24.853662, 36.060329], [24.852364, 36.06032]]}, "properties": {"name": "N Alm St 5200 5298"}}, {"type": "Feature", "geometry": {"type": "LineString", "coordinates": [[24.855064, 36.06032], [24.853662, 36.060329]]}, "properties": {"name": "N Alm St 5100 5198"}}, {"type": "Feature", "geometry": {"type": "LineString", "coordinates": [[24.853764, 36.05752], [24.853662, 36.060329]]}, "properties": {"name": "N Tolleniau St 1400 1798"}}, {"type": "Feature", "geometry": {"type": "LineString", "coordinates": [[24.855064, 36.06032], [24.855064, 36.06122]]}, "properties": {"name": "N Parla St 1800 1898"}}, {"type": "Feature", "geometry": {"type": "LineString", "coordinates": [[24.856464, 36.06122], [24.855064, 36.06122]]}, "properties": {"name": "N Amfitris St 5000 5098"}}, {"type": "Feature", "geometry": {"type": "LineString", "coordinates": [[24.855064, 36.05942], [24.855064, 36.06032]]}, "properties": {"name": "N Parla St 1664 1798"}}, {"type": "Feature", "geometry": {"type": "LineString", "coordinates": [[24.856464, 36.06032], [24.855064, 36.06032]]}, "properties": {"name": "N Alm St 5000 5098"}}, {"type": "Feature", "geometry": {"type": "LineString", "coordinates": [[24.855072, 36.05851], [24.855064, 36.05942]]}, "properties": {"name": "N Parla St 1532 1662"}}, {"type": "Feature", "geometry": {"type": "LineString", "coordinates": [[24.856464, 36.05942], [24.855064, 36.05942]]}, "properties": {"name": "N Alexandrias St 5000 5098"}}, {"type": "Feature", "geometry": {"type": "LineString", "coordinates": [[24.852364, 36.05752], [24.850964, 36.05752]]}, "properties": {"name": "N Agisilaou St 5300 5398"}}, {"type": "Feature", "geometry": {"type": "LineString", "coordinates": [[24.853764, 36.05752], [24.852364, 36.05752]]}, "properties": {"name": "N Agisilaou St 5200 5298"}}, {"type": "Feature", "geometry": {"type": "LineString", "coordinates": [[24.850964, 36.05352], [24.851064, 36.05422]]}, "properties": {"name": "N Finiatur St 1000 1024"}}, {"type": "Feature", "geometry": {"type": "LineString", "coordinates": [[24.854064, 36.05422], [24.851064, 36.05422]]}, "properties": {"name": "N Idris Dr 5200 5398"}}, {"type": "Feature", "geometry": {"type": "LineString", "coordinates": [[24.854164, 36.05352], [24.850964, 36.05352]]}, "properties": {"name": "N Acera St 5200 5348"}}, {"type": "Feature", "geometry": {"type": "LineString", "coordinates": [[24.855064, 36.05752], [24.853764, 36.05752]]}, "properties": {"name": "N Agisilaou St 5100 5198"}}, {"type": "Feature", "geometry": {"type": "LineString", "coordinates": [[24.855064, 36.05752], [24.855072, 36.05851]]}, "properties": {"name": "N Parla St 1400 1530"}}, {"type": "Feature", "geometry": {"type": "LineString", "coordinates": [[24.855064, 36.05662], [24.855064, 36.05752]]}, "properties": {"name": "N Parla St 1300 1398"}}, {"type": "Feature", "geometry": {"type": "LineString", "coordinates": [[24.856464, 36.05752], [24.855064, 36.05752]]}, "properties": {"name": "N Agisilaou St 5000 5098"}}, {"type": "Feature", "geometry": {"type": "LineString", "coordinates": [[24.855064, 36.05562], [24.855064, 36.05662]]}, "properties": {"name": "N Parla St 1200 1298"}}, {"type": "Feature", "geometry": {"type": "LineString", "coordinates": [[24.856468, 36.056596], [24.855064, 36.05662]]}, "properties": {"name": "N Agiasou St 5000 5098"}}, {"type": "Feature", "geometry": {"type": "LineString", "coordinates": [[24.855064, 36.05472], [24.855064, 36.05562]]}, "properties": {"name": "N Parla St 1100 1198"}}, {"type": "Feature", "geometry": {"type": "LineString", "coordinates": [[24.856464, 36.05562], [24.855064, 36.05562]]}, "properties": {"name": "N Agentes St 5000 5098"}}, {"type": "Feature", "geometry": {"type": "LineString", "coordinates": [[24.856464, 36.05562], [24.856468, 36.056596]]}, "properties": {"name": "N Limnou St 1200 1298"}}, {"type": "Feature", "geometry": {"type": "LineString", "coordinates": [[24.854164, 36.05352], [24.854064, 36.05422]]}, "properties": {"name": "N Tolleniau St 1000 1024"}}, {"type": "Feature", "geometry": {"type": "LineString", "coordinates": [[24.854064, 36.05292], [24.854164, 36.05352]]}, "properties": {"name": "N Tolleniau St 900 998"}}, {"type": "Feature", "geometry": {"type": "LineString", "coordinates": [[24.855164, 36.05292], [24.854064, 36.05292]]}, "properties": {"name": "N Ermou St 5100 5198"}}, {"type": "Feature", "geometry": {"type": "LineString", "coordinates": [[24.855164, 36.05382], [24.855064, 36.05472]]}, "properties": {"name": "N Parla St 1000 1098"}}, {"type": "Feature", "geometry": {"type": "LineString", "coordinates": [[24.856464, 36.05472], [24.855064, 36.05472]]}, "properties": {"name": "N Achilleos St 5000 5098"}}, {"type": "Feature", "geometry": {"type": "LineString", "coordinates": [[24.855164, 36.05292], [24.855164, 36.05382]]}, "properties": {"name": "N Parla St 898 998"}}, {"type": "Feature", "geometry": {"type": "LineString", "coordinates": [[24.856464, 36.05382], [24.855164, 36.05382]]}, "properties": {"name": "N Acera St 5000 5098"}}, {"type": "Feature", "geometry": {"type": "LineString", "coordinates": [[24.856464, 36.05292], [24.855164, 36.05292]]}, "properties": {"name": "N Ermou St 5000 5098"}}, {"type": "Feature", "geometry": {"type": "LineString", "coordinates": [[24.855364, 36.05192], [24.855164, 36.05292]]}, "properties": {"name": "N Parla St 846 896"}}, {"type": "Feature", "geometry": {"type": "LineString", "coordinates": [[24.857894, 36.063843], [24.857864, 36.06482]]}, "properties": {"name": "N Ithakis St 2400 2498"}}, {"type": "Feature", "geometry": {"type": "LineString", "coordinates": [[24.859464, 36.06472], [24.857864, 36.06482]]}, "properties": {"name": "N Arbete St 4800 4898"}}, {"type": "Feature", "geometry": {"type": "LineString", "coordinates": [[24.857894, 36.063843], [24.856364, 36.06382]]}, "properties": {"name": "N Antoniadou St 4900 4998"}}, {"type": "Feature", "geometry": {"type": "LineString", "coordinates": [[24.857916, 36.062908], [24.857894, 36.063843]]}, "properties": {"name": "N Ithakis St 2200 2398"}}, {"type": "Feature", "geometry": {"type": "LineString", "coordinates": [[24.859464, 36.06382], [24.857894, 36.063843]]}, "properties": {"name": "N Antoniadou St 4800 4898"}}, {"type": "Feature", "geometry": {"type": "LineString", "coordinates": [[24.857894, 36.061982], [24.857916, 36.062908]]}, "properties": {"name": "N Ithakis St 2100 2198"}}, {"type": "Feature", "geometry": {"type": "LineString", "coordinates": [[24.859464, 36.06382], [24.859464, 36.06472]]}, "properties": {"name": "N Omirou St 2400 2498"}}, {"type": "Feature", "geometry": {"type": "LineString", "coordinates": [[24.859464, 36.06292], [24.859464, 36.06382]]}, "properties": {"name": "N Omirou St 2200 2398"}}, {"type": "Feature", "geometry": {"type": "LineString", "coordinates": [[24.860964, 36.06382], [24.859464, 36.06382]]}, "properties": {"name": "N Antoniadou St 4600 4798"}}, {"type": "Feature", "geometry": {"type": "LineString", "coordinates": [[24.859464, 36.06292], [24.857916, 36.062908]]}, "properties": {"name": "N Anntigonou St 4800 4898"}}, {"type": "Feature", "geometry": {"type": "LineString", "coordinates": [[24.859464, 36.06192], [24.859464, 36.06292]]}, "properties": {"name": "N Omirou St 2100 2198"}}, {"type": "Feature", "geometry": {"type": "LineString", "coordinates": [[24.861064, 36.06292], [24.859464, 36.06292]]}, "properties": {"name": "N Anntigonou St 4600 4798"}}, {"type": "Feature", "geometry": {"type": "LineString", "coordinates": [[24.857964, 36.06122], [24.856464, 36.06122]]}, "properties": {"name": "N Amfitris St 4900 4998"}}, {"type": "Feature", "geometry": {"type": "LineString", "coordinates": [[24.856464, 36.06032], [24.856464, 36.06122]]}, "properties": {"name": "N Limnou St 1800 1898"}}, {"type": "Feature", "geometry": {"type": "LineString", "coordinates": [[24.857964, 36.06122], [24.857894, 36.061982]]}, "properties": {"name": "N Ithakis St 1900 2098"}}, {"type": "Feature", "geometry": {"type": "LineString", "coordinates": [[24.859464, 36.06192], [24.857894, 36.061982]]}, "properties": {"name": "N Androutsou St 4800 4898"}}, {"type": "Feature", "geometry": {"type": "LineString", "coordinates": [[24.857964, 36.06032], [24.857964, 36.06122]]}, "properties": {"name": "N Ithakis St 1800 1898"}}, {"type": "Feature", "geometry": {"type": "LineString", "coordinates": [[24.859464, 36.06122], [24.857964, 36.06122]]}, "properties": {"name": "N Amfitris St 4750 4898"}}, {"type": "Feature", "geometry": {"type": "LineString", "coordinates": [[24.856464, 36.05942], [24.856464, 36.06032]]}, "properties": {"name": "N Limnou St 1600 1798"}}, {"type": "Feature", "geometry": {"type": "LineString", "coordinates": [[24.857964, 36.06032], [24.856464, 36.06032]]}, "properties": {"name": "N Alm St 4900 4998"}}, {"type": "Feature", "geometry": {"type": "LineString", "coordinates": [[24.856466, 36.058526], [24.856464, 36.05942]]}, "properties": {"name": "N Limnou St 1500 1598"}}, {"type": "Feature", "geometry": {"type": "LineString", "coordinates": [[24.859464, 36.06032], [24.857964, 36.06032]]}, "properties": {"name": "N Alm St 4800 4898"}}, {"type": "Feature", "geometry": {"type": "LineString", "coordinates": [[24.859464, 36.06122], [24.859464, 36.06192]]}, "properties": {"name": "N Omirou St 1900 2098"}}, {"type": "Feature", "geometry": {"type": "LineString", "coordinates": [[24.860964, 36.06192], [24.859464, 36.06192]]}, "properties": {"name": "N Androutsou St 4600 4798"}}, {"type": "Feature", "geometry": {"type": "LineString", "coordinates": [[24.860964, 36.06122], [24.859464, 36.06122]]}, "properties": {"name": "N Amfitris St 4600 4748"}}, {"type": "Feature", "geometry": {"type": "LineString", "coordinates": [[24.860964, 36.06032], [24.859464, 36.06032]]}, "properties": {"name": "N Alm St 4600 4798"}}, {"type": "Feature", "geometry": {"type": "LineString", "coordinates": [[24.860964, 36.05942], [24.859364, 36.05942]]}, "properties": {"name": "N Alexandrias St 4600 4798"}}, {"type": "Feature", "geometry": {"type": "LineString", "coordinates": [[24.859364, 36.05842], [24.859364, 36.05942]]}, "properties": {"name": "N Omirou St 1500 1612"}}, {"type": "Feature", "geometry": {"type": "LineString", "coordinates": [[24.860964, 36.06482], [24.859464, 36.06472]]}, "properties": {"name": "N Arbete St 4600 4798"}}, {"type": "Feature", "geometry": {"type": "LineString", "coordinates": [[24.860964, 36.06382], [24.860964, 36.06482]]}, "properties": {"name": "N Hacia St 2400 2498"}}, {"type": "Feature", "geometry": {"type": "LineString", "coordinates": [[24.862564, 36.06482], [24.860964, 36.06482]]}, "properties": {"name": "N Arbete St 4500 4598"}}, {"type": "Feature", "geometry": {"type": "LineString", "coordinates": [[24.861064, 36.06292], [24.860964, 36.06382]]}, "properties": {"name": "N Hacia St 2200 2398"}}, {"type": "Feature", "geometry": {"type": "LineString", "coordinates": [[24.862564, 36.06382], [24.860964, 36.06382]]}, "properties": {"name": "N Antoniadou St 4500 4598"}}, {"type": "Feature", "geometry": {"type": "LineString", "coordinates": [[24.862564, 36.06292], [24.861064, 36.06292]]}, "properties": {"name": "N Anntigonou St 4500 4598"}}, {"type": "Feature", "geometry": {"type": "LineString", "coordinates": [[24.860964, 36.06192], [24.861064, 36.06292]]}, "properties": {"name": "N Hacia St 2100 2198"}}, {"type": "Feature", "geometry": {"type": "LineString", "coordinates": [[24.864164, 36.06472], [24.862564, 36.06482]]}, "properties": {"name": "N Arbete St 4400 4498"}}, {"type": "Feature", "geometry": {"type": "LineString", "coordinates": [[24.862564, 36.06292], [24.862564, 36.06382]]}, "properties": {"name": "N Thessalias St 2200 2398"}}, {"type": "Feature", "geometry": {"type": "LineString", "coordinates": [[24.864164, 36.06382], [24.862564, 36.06382]]}, "properties": {"name": "N Antoniadou St 4400 4498"}}, {"type": "Feature", "geometry": {"type": "LineString", "coordinates": [[24.864164, 36.06292], [24.862564, 36.06292]]}, "properties": {"name": "N Anntigonou St 4400 4498"}}, {"type": "Feature", "geometry": {"type": "LineString", "coordinates": [[24.860964, 36.06122], [24.860964, 36.06192]]}, "properties": {"name": "N Hacia St 1900 2098"}}, {"type": "Feature", "geometry": {"type": "LineString", "coordinates": [[24.862464, 36.06192], [24.860964, 36.06192]]}, "properties": {"name": "N Androutsou St 4500 4598"}}, {"type": "Feature", "geometry": {"type": "LineString", "coordinates": [[24.860964, 36.06032], [24.860964, 36.06122]]}, "properties": {"name": "N Hacia St 1800 1898"}}, {"type": "Feature", "geometry": {"type": "LineString", "coordinates": [[24.862464, 36.06122], [24.860964, 36.06122]]}, "properties": {"name": "N Amfitris St 4500 4598"}}, {"type": "Feature", "geometry": {"type": "LineString", "coordinates": [[24.860964, 36.05942], [24.860964, 36.06032]]}, "properties": {"name": "N Hacia St 1600 1798"}}, {"type": "Feature", "geometry": {"type": "LineString", "coordinates": [[24.862464, 36.06032], [24.860964, 36.06032]]}, "properties": {"name": "N Alm St 4500 4598"}}, {"type": "Feature", "geometry": {"type": "LineString", "coordinates": [[24.862464, 36.05942], [24.860964, 36.05942]]}, "properties": {"name": "N Alexandrias St 4500 4598"}}, {"type": "Feature", "geometry": {"type": "LineString", "coordinates": [[24.860964, 36.05842], [24.860964, 36.05942]]}, "properties": {"name": "N Hacia St 1500 1598"}}, {"type": "Feature", "geometry": {"type": "LineString", "coordinates": [[24.862464, 36.06122], [24.862464, 36.06192]]}, "properties": {"name": "N Thessalias St 1900 2198"}}, {"type": "Feature", "geometry": {"type": "LineString", "coordinates": [[24.864064, 36.06192], [24.862464, 36.06192]]}, "properties": {"name": "N Androutsou St 4400 4498"}}, {"type": "Feature", "geometry": {"type": "LineString", "coordinates": [[24.862464, 36.06032], [24.862464, 36.06122]]}, "properties": {"name": "N Thessalias St 1800 1898"}}, {"type": "Feature", "geometry": {"type": "LineString", "coordinates": [[24.864064, 36.06122], [24.862464, 36.06122]]}, "properties": {"name": "N Amfitris St 4400 4498"}}, {"type": "Feature", "geometry": {"type": "LineString", "coordinates": [[24.862464, 36.05942], [24.862464, 36.06032]]}, "properties": {"name": "N Thessalias St 1600 1798"}}, {"type": "Feature", "geometry": {"type": "LineString", "coordinates": [[24.864064, 36.06032], [24.862464, 36.06032]]}, "properties": {"name": "N Alm St 4400 4498"}}, {"type": "Feature", "geometry": {"type": "LineString", "coordinates": [[24.862464, 36.05852], [24.862464, 36.05942]]}, "properties": {"name": "N Thessalias St 1500 1598"}}, {"type": "Feature", "geometry": {"type": "LineString", "coordinates": [[24.864064, 36.05942], [24.862464, 36.05942]]}, "properties": {"name": "N Alexandrias St 4400 4498"}}, {"type": "Feature", "geometry": {"type": "LineString", "coordinates": [[24.856466, 36.058526], [24.855072, 36.05851]]}, "properties": {"name": "N Alamanas St 5000 5098"}}, {"type": "Feature", "geometry": {"type": "LineString", "coordinates": [[24.856464, 36.05752], [24.856466, 36.058526]]}, "properties": {"name": "N Limnou St 1400 1498"}}, {"type": "Feature", "geometry": {"type": "LineString", "coordinates": [[24.856468, 36.056596], [24.856464, 36.05752]]}, "properties": {"name": "N Limnou St 1300 1398"}}, {"type": "Feature", "geometry": {"type": "LineString", "coordinates": [[24.857964, 36.05752], [24.856464, 36.05752]]}, "properties": {"name": "N Agisilaou St 4900 4998"}}, {"type": "Feature", "geometry": {"type": "LineString", "coordinates": [[24.857964, 36.05662], [24.857964, 36.05752]]}, "properties": {"name": "N Ithakis St 1300 1398"}}, {"type": "Feature", "geometry": {"type": "LineString", "coordinates": [[24.859464, 36.05752], [24.857964, 36.05752]]}, "properties": {"name": "N Agisilaou St 4800 4898"}}, {"type": "Feature", "geometry": {"type": "LineString", "coordinates": [[24.857964, 36.05562], [24.856464, 36.05562]]}, "properties": {"name": "N Agentes St 4900 4998"}}, {"type": "Feature", "geometry": {"type": "LineString", "coordinates": [[24.856464, 36.05472], [24.856464, 36.05562]]}, "properties": {"name": "N Limnou St 1100 1198"}}, {"type": "Feature", "geometry": {"type": "LineString", "coordinates": [[24.857964, 36.05662], [24.856468, 36.056596]]}, "properties": {"name": "N Agiasou St 4900 4998"}}, {"type": "Feature", "geometry": {"type": "LineString", "coordinates": [[24.857964, 36.05562], [24.857964, 36.05662]]}, "properties": {"name": "N Ithakis St 1200 1298"}}, {"type": "Feature", "geometry": {"type": "LineString", "coordinates": [[24.859464, 36.05662], [24.857964, 36.05662]]}, "properties": {"name": "N Agiasou St 4800 4898"}}, {"type": "Feature", "geometry": {"type": "LineString", "coordinates": [[24.857964, 36.05472], [24.857964, 36.05562]]}, "properties": {"name": "N Ithakis St 1100 1198"}}, {"type": "Feature", "geometry": {"type": "LineString", "coordinates": [[24.859464, 36.05752], [24.859364, 36.05842]]}, "properties": {"name": "N Omirou St 1400 1498"}}, {"type": "Feature", "geometry": {"type": "LineString", "coordinates": [[24.860964, 36.05842], [24.859364, 36.05842]]}, "properties": {"name": "N Alamanas St 4600 4798"}}, {"type": "Feature", "geometry": {"type": "LineString", "coordinates": [[24.859464, 36.05662], [24.859464, 36.05752]]}, "properties": {"name": "N Omirou St 1300 1398"}}, {"type": "Feature", "geometry": {"type": "LineString", "coordinates": [[24.860975, 36.057531], [24.859464, 36.05752]]}, "properties": {"name": "N Agisilaou St 4600 4798"}}, {"type": "Feature", "geometry": {"type": "LineString", "coordinates": [[24.859483, 36.055662], [24.859464, 36.05662]]}, "properties": {"name": "N Omirou St 1200 1298"}}, {"type": "Feature", "geometry": {"type": "LineString", "coordinates": [[24.860964, 36.05662], [24.859464, 36.05662]]}, "properties": {"name": "N Agiasou St 4600 4798"}}, {"type": "Feature", "geometry": {"type": "LineString", "coordinates": [[24.859483, 36.055662], [24.857964, 36.05562]]}, "properties": {"name": "N Agentes St 4800 4898"}}, {"type": "Feature", "geometry": {"type": "LineString", "coordinates": [[24.859451, 36.054716], [24.859483, 36.055662]]}, "properties": {"name": "N Omirou St 1100 1198"}}, {"type": "Feature", "geometry": {"type": "LineString", "coordinates": [[24.860991, 36.055716], [24.859483, 36.055662]]}, "properties": {"name": "N Agentes St 4600 4798"}}, {"type": "Feature", "geometry": {"type": "LineString", "coordinates": [[24.857964, 36.05472], [24.856464, 36.05472]]}, "properties": {"name": "N Achilleos St 4900 4998"}}, {"type": "Feature", "geometry": {"type": "LineString", "coordinates": [[24.856464, 36.05382], [24.856464, 36.05472]]}, "properties": {"name": "N Limnou St 1000 1098"}}, {"type": "Feature", "geometry": {"type": "LineString", "coordinates": [[24.857964, 36.05382], [24.857964, 36.05472]]}, "properties": {"name": "N Ithakis St 1000 1098"}}, {"type": "Feature", "geometry": {"type": "LineString", "coordinates": [[24.856464, 36.05292], [24.856464, 36.05382]]}, "properties": {"name": "N Limnou St 900 998"}}, {"type": "Feature", "geometry": {"type": "LineString", "coordinates": [[24.857964, 36.05382], [24.856464, 36.05382]]}, "properties": {"name": "N Acera St 4900 4998"}}, {"type": "Feature", "geometry": {"type": "LineString", "coordinates": [[24.859464, 36.05292], [24.856464, 36.05292]]}, "properties": {"name": "N Ermou St 4800 4998"}}, {"type": "Feature", "geometry": {"type": "LineString", "coordinates": [[24.856464, 36.05192], [24.856464, 36.05292]]}, "properties": {"name": "N Limnou St 800 898"}}, {"type": "Feature", "geometry": {"type": "LineString", "coordinates": [[24.859464, 36.05382], [24.857964, 36.05382]]}, "properties": {"name": "N Acera St 4800 4898"}}, {"type": "Feature", "geometry": {"type": "LineString", "coordinates": [[24.859451, 36.054716], [24.857964, 36.05472]]}, "properties": {"name": "N Achilleos St 4800 4898"}}, {"type": "Feature", "geometry": {"type": "LineString", "coordinates": [[24.859464, 36.05382], [24.859451, 36.054716]]}, "properties": {"name": "N Omirou St 1000 1098"}}, {"type": "Feature", "geometry": {"type": "LineString", "coordinates": [[24.860964, 36.05472], [24.859451, 36.054716]]}, "properties": {"name": "N Achilleos St 4600 4798"}}, {"type": "Feature", "geometry": {"type": "LineString", "coordinates": [[24.859464, 36.05292], [24.859464, 36.05382]]}, "properties": {"name": "N Omirou St 900 998"}}, {"type": "Feature", "geometry": {"type": "LineString", "coordinates": [[24.860964, 36.05382], [24.859464, 36.05382]]}, "properties": {"name": "N Acera St 4600 4798"}}, {"type": "Feature", "geometry": {"type": "LineString", "coordinates": [[24.861064, 36.05292], [24.859464, 36.05292]]}, "properties": {"name": "N Ermou St 4600 4798"}}, {"type": "Feature", "geometry": {"type": "LineString", "coordinates": [[24.859464, 36.05192], [24.859464, 36.05292]]}, "properties": {"name": "N Omirou St 800 898"}}, {"type": "Feature", "geometry": {"type": "LineString", "coordinates": [[24.860975, 36.057531], [24.860964, 36.05842]]}, "properties": {"name": "N Hacia St 1400 1498"}}, {"type": "Feature", "geometry": {"type": "LineString", "coordinates": [[24.860964, 36.05662], [24.860975, 36.057531]]}, "properties": {"name": "N Hacia St 1300 1398"}}, {"type": "Feature", "geometry": {"type": "LineString", "coordinates": [[24.862464, 36.05752], [24.860975, 36.057531]]}, "properties": {"name": "N Agisilaou St 4500 4598"}}, {"type": "Feature", "geometry": {"type": "LineString", "coordinates": [[24.860991, 36.055716], [24.860964, 36.05662]]}, "properties": {"name": "N Hacia St 1200 1298"}}, {"type": "Feature", "geometry": {"type": "LineString", "coordinates": [[24.862464, 36.05662], [24.860964, 36.05662]]}, "properties": {"name": "N Agiasou St 4500 4598"}}, {"type": "Feature", "geometry": {"type": "LineString", "coordinates": [[24.862464, 36.05572], [24.860991, 36.055716]]}, "properties": {"name": "N Agentes St 4500 4598"}}, {"type": "Feature", "geometry": {"type": "LineString", "coordinates": [[24.860964, 36.05472], [24.860991, 36.055716]]}, "properties": {"name": "N Hacia St 1100 1198"}}, {"type": "Feature", "geometry": {"type": "LineString", "coordinates": [[24.862464, 36.05852], [24.860964, 36.05842]]}, "properties": {"name": "N Alamanas St 4500 4598"}}, {"type": "Feature", "geometry": {"type": "LineString", "coordinates": [[24.862464, 36.05752], [24.862464, 36.05852]]}, "properties": {"name": "N Thessalias St 1400 1498"}}, {"type": "Feature", "geometry": {"type": "LineString", "coordinates": [[24.864064, 36.05852], [24.862464, 36.05852]]}, "properties": {"name": "N Alamanas St 4400 4498"}}, {"type": "Feature", "geometry": {"type": "LineString", "coordinates": [[24.862464, 36.05662], [24.862464, 36.05752]]}, "properties": {"name": "N Thessalias St 1300 1398"}}, {"type": "Feature", "geometry": {"type": "LineString", "coordinates": [[24.862464, 36.05572], [24.862464, 36.05662]]}, "properties": {"name": "N Thessalias St 1200 1298"}}, {"type": "Feature", "geometry": {"type": "LineString", "coordinates": [[24.864064, 36.05662], [24.862464, 36.05662]]}, "properties": {"name": "N Agiasou St 4400 4498"}}, {"type": "Feature", "geometry": {"type": "LineString", "coordinates": [[24.862464, 36.05472], [24.862464, 36.05572]]}, "properties": {"name": "N Thessalias St 1100 1198"}}, {"type": "Feature", "geometry": {"type": "LineString", "coordinates": [[24.864064, 36.05572], [24.862464, 36.05572]]}, "properties": {"name": "N Agentes St 4400 4498"}}, {"type": "Feature", "geometry": {"type": "LineString", "coordinates": [[24.860964, 36.05382], [24.860964, 36.05472]]}, "properties": {"name": "N Hacia St 1000 1098"}}, {"type": "Feature", "geometry": {"type": "LineString", "coordinates": [[24.862464, 36.05472], [24.860964, 36.05472]]}, "properties": {"name": "N Achilleos St 4500 4598"}}, {"type": "Feature", "geometry": {"type": "LineString", "coordinates": [[24.861064, 36.05292], [24.860964, 36.05382]]}, "properties": {"name": "N Hacia St 900 998"}}, {"type": "Feature", "geometry": {"type": "LineString", "coordinates": [[24.862464, 36.05382], [24.860964, 36.05382]]}, "properties": {"name": "N Acera St 4500 4598"}}, {"type": "Feature", "geometry": {"type": "LineString", "coordinates": [[24.861064, 36.05292], [24.860851, 36.052514]]}, "properties": {"name": "N Hacia St"}}, {"type": "Feature", "geometry": {"type": "LineString", "coordinates": [[24.862564, 36.05292], [24.861064, 36.05292]]}, "properties": {"name": "N Ermou St 4500 4598"}}, {"type": "Feature", "geometry": {"type": "LineString", "coordinates": [[24.862464, 36.05382], [24.862464, 36.05472]]}, "properties": {"name": "N Thessalias St 1000 1098"}}, {"type": "Feature", "geometry": {"type": "LineString", "coordinates": [[24.864064, 36.05472], [24.862464, 36.05472]]}, "properties": {"name": "N Achilleos St 4400 4498"}}, {"type": "Feature", "geometry": {"type": "LineString", "coordinates": [[24.862564, 36.05292], [24.862464, 36.05382]]}, "properties": {"name": "N Thessalias St 900 998"}}, {"type": "Feature", "geometry": {"type": "LineString", "coordinates": [[24.864164, 36.05382], [24.862464, 36.05382]]}, "properties": {"name": "N Acera St 4400 4498"}}, {"type": "Feature", "geometry": {"type": "LineString", "coordinates": [[24.862464, 36.05242], [24.862564, 36.05292]]}, "properties": {"name": "N Thessalias St 800 898"}}, {"type": "Feature", "geometry": {"type": "LineString", "coordinates": [[24.864064, 36.05292], [24.862564, 36.05292]]}, "properties": {"name": "N Ermou St 4400 4498"}}, {"type": "Feature", "geometry": {"type": "LineString", "coordinates": [[24.862964, 36.08542], [24.862964, 36.08622]]}, "properties": {"name": "N Thessalias St 4600 4698"}}, {"type": "Feature", "geometry": {"type": "LineString", "coordinates": [[24.863064, 36.08442], [24.862964, 36.08542]]}, "properties": {"name": "N Thessalias St 4550 4598"}}, {"type": "Feature", "geometry": {"type": "LineString", "coordinates": [[24.863764, 36.08542], [24.862964, 36.08542]]}, "properties": {"name": "N Delfon St 4400 4498"}}, {"type": "Feature", "geometry": {"type": "LineString", "coordinates": [[24.864164, 36.08442], [24.863064, 36.08442]]}, "properties": {"name": "N Darluniau St 4400 4498"}}, {"type": "Feature", "geometry": {"type": "LineString", "coordinates": [[24.862964, 36.08412], [24.863064, 36.08442]]}, "properties": {"name": "N Thessalias St 4500 4548"}}, {"type": "Feature", "geometry": {"type": "LineString", "coordinates": [[24.864164, 36.08442], [24.864164, 36.08502], [24.863764, 36.08542]]}, "properties": {"name": "N Spetson St 4500 4598"}}, {"type": "Feature", "geometry": {"type": "LineString", "coordinates": [[24.864264, 36.08352], [24.864164, 36.08442]]}, "properties": {"name": "N Spetson St 4400 4498"}}, {"type": "Feature", "geometry": {"type": "LineString", "coordinates": [[24.862964, 36.08352], [24.862964, 36.08412]]}, "properties": {"name": "N Thessalias St 4318 4498"}}, {"type": "Feature", "geometry": {"type": "LineString", "coordinates": [[24.862964, 36.08292], [24.862964, 36.08352]]}, "properties": {"name": "N Thessalias St 4300 4316"}}, {"type": "Feature", "geometry": {"type": "LineString", "coordinates": [[24.864264, 36.08352], [24.862964, 36.08352]]}, "properties": {"name": "N Dafnidos St 4400 4498"}}, {"type": "Feature", "geometry": {"type": "LineString", "coordinates": [[24.864264, 36.08292], [24.862964, 36.08292]]}, "properties": {"name": "N Carretera St 4400 4498"}}, {"type": "Feature", "geometry": {"type": "LineString", "coordinates": [[24.862864, 36.08172], [24.862964, 36.08292]]}, "properties": {"name": "N Thessalias St 4200 4298"}}, {"type": "Feature", "geometry": {"type": "LineString", "coordinates": [[24.864264, 36.08292], [24.864264, 36.08352]]}, "properties": {"name": "N Spetson St 4300 4398"}}, {"type": "Feature", "geometry": {"type": "LineString", "coordinates": [[24.864264, 36.08272], [24.864264, 36.08292]]}, "properties": {"name": "N Spetson St 4222 4298"}}, {"type": "Feature", "geometry": {"type": "LineString", "coordinates": [[24.864164, 36.08172], [24.862864, 36.08172]]}, "properties": {"name": "N Carnero St 4400 4498"}}, {"type": "Feature", "geometry": {"type": "LineString", "coordinates": [[24.862964, 36.08052], [24.862864, 36.08172]]}, "properties": {"name": "N Thessalias St 4100 4198"}}, {"type": "Feature", "geometry": {"type": "LineString", "coordinates": [[24.864164, 36.08172], [24.864264, 36.08272]]}, "properties": {"name": "N Spetson St 4200 4220"}}, {"type": "Feature", "geometry": {"type": "LineString", "coordinates": [[24.865564, 36.08272], [24.864264, 36.08272]]}, "properties": {"name": "N Carretera St 4300 4398"}}, {"type": "Feature", "geometry": {"type": "LineString", "coordinates": [[24.865664, 36.08162], [24.864164, 36.08172]]}, "properties": {"name": "N Carnero St 4300 4398"}}, {"type": "Feature", "geometry": {"type": "LineString", "coordinates": [[24.864264, 36.08052], [24.864164, 36.08172]]}, "properties": {"name": "N Spetson St 4100 4198"}}, {"type": "Feature", "geometry": {"type": "LineString", "coordinates": [[24.865664, 36.08162], [24.865564, 36.08272]]}, "properties": {"name": "N Nia Ave 4200 4298"}}, {"type": "Feature", "geometry": {"type": "LineString", "coordinates": [[24.86558, 36.080695], [24.865664, 36.08162]]}, "properties": {"name": "N Nia Ave 4102 4198"}}, {"type": "Feature", "geometry": {"type": "LineString", "coordinates": [[24.865564, 36.08052], [24.86558, 36.080695]]}, "properties": {"name": "N Nia Ave"}}, {"type": "Feature", "geometry": {"type": "LineString", "coordinates": [[24.864264, 36.08052], [24.862964, 36.08052]]}, "properties": {"name": "N Carden St 4400 4498"}}, {"type": "Feature", "geometry": {"type": "LineString", "coordinates": [[24.862964, 36.07932], [24.862964, 36.08052]]}, "properties": {"name": "N Thessalias St 3900 4098"}}, {"type": "Feature", "geometry": {"type": "LineString", "coordinates": [[24.864164, 36.07932], [24.864264, 36.08052]]}, "properties": {"name": "N Spetson St 3900 4098"}}, {"type": "Feature", "geometry": {"type": "LineString", "coordinates": [[24.864164, 36.07932], [24.862964, 36.07932]]}, "properties": {"name": "N Brada St 4400 4498"}}, {"type": "Feature", "geometry": {"type": "LineString", "coordinates": [[24.863664, 36.07802], [24.862964, 36.07802]]}, "properties": {"name": "N Blant St 4400 4498"}}, {"type": "Feature", "geometry": {"type": "LineString", "coordinates": [[24.862864, 36.07662], [24.862964, 36.07802]]}, "properties": {"name": "N Thessalias St 3700 3798"}}, {"type": "Feature", "geometry": {"type": "LineString", "coordinates": [[24.864164, 36.07872], [24.864164, 36.07932]]}, "properties": {"name": "N Spetson St 3820 3898"}}, {"type": "Feature", "geometry": {"type": "LineString", "coordinates": [[24.864764, 36.07932], [24.864164, 36.07932]]}, "properties": {"name": "N Brada St 4300 4398"}}, {"type": "Feature", "geometry": {"type": "LineString", "coordinates": [[24.864064, 36.07702], [24.863664, 36.07802]]}, "properties": {"name": "N Spetson St 3718 3798"}}, {"type": "Feature", "geometry": {"type": "LineString", "coordinates": [[24.863664, 36.07802], [24.864164, 36.07872]]}, "properties": {"name": "N Spetson St 3800 3818"}}, {"type": "Feature", "geometry": {"type": "LineString", "coordinates": [[24.864164, 36.07872], [24.864764, 36.07932]]}, "properties": {"name": "N Nia Ave 3850 3898"}}, {"type": "Feature", "geometry": {"type": "LineString", "coordinates": [[24.867164, 36.08122], [24.866064, 36.08232], [24.865564, 36.08272]]}, "properties": {"name": "N Far St 4200 4298"}}, {"type": "Feature", "geometry": {"type": "LineString", "coordinates": [[24.865564, 36.08052], [24.865761, 36.080636]]}, "properties": {"name": "Minnel Way 4100 4148"}}, {"type": "Feature", "geometry": {"type": "LineString", "coordinates": [[24.872164, 36.08022], [24.87083, 36.081269]]}, "properties": {"name": "N Valmai St 3824 3914"}}, {"type": "Feature", "geometry": {"type": "LineString", "coordinates": [[24.87083, 36.081269], [24.871089, 36.081399]]}, "properties": {"name": "Vissaraki St"}}, {"type": "Feature", "geometry": {"type": "LineString", "coordinates": [[24.871089, 36.081399], [24.871486, 36.081658]]}, "properties": {"name": "Vissaraki St"}}, {"type": "Feature", "geometry": {"type": "LineString", "coordinates": [[24.882564, 36.07542], [24.871486, 36.081658]]}, "properties": {"name": "Rist Way 3200 4098"}}, {"type": "Feature", "geometry": {"type": "LineString", "coordinates": [[24.871164, 36.07952], [24.872164, 36.08022]]}, "properties": {"name": "N Imvrou St 4000 4098"}}, {"type": "Feature", "geometry": {"type": "LineString", "coordinates": [[24.872864, 36.07972], [24.872164, 36.08022]]}, "properties": {"name": "N Valmai St 3778 3822"}}, {"type": "Feature", "geometry": {"type": "LineString", "coordinates": [[24.865761, 36.080636], [24.867164, 36.08122]]}, "properties": {"name": "Minnel Way 4150 4198"}}, {"type": "Feature", "geometry": {"type": "LineString", "coordinates": [[24.872264, 36.07932], [24.872864, 36.07972]]}, "properties": {"name": "N Tsimiski St 3900 3998"}}, {"type": "Feature", "geometry": {"type": "LineString", "coordinates": [[24.874264, 36.07882], [24.872864, 36.07972]]}, "properties": {"name": "N Valmai St 3692 3776"}}, {"type": "Feature", "geometry": {"type": "LineString", "coordinates": [[24.873064, 36.07712], [24.873164, 36.07802]]}, "properties": {"name": "N Estos St 3800 3898"}}, {"type": "Feature", "geometry": {"type": "LineString", "coordinates": [[24.85938, 36.04932], [24.856464, 36.04932]]}, "properties": {"name": "S Eleftherias St 4800 4998"}}, {"type": "Feature", "geometry": {"type": "LineString", "coordinates": [[24.874764, 36.07712], [24.874764, 36.07772]]}, "properties": {"name": "N Utmana St 3800 3806"}}, {"type": "Feature", "geometry": {"type": "LineString", "coordinates": [[24.875664, 36.07802], [24.875064, 36.07832]]}, "properties": {"name": "N Valmai St 3600 3642"}}, {"type": "Feature", "geometry": {"type": "LineString", "coordinates": [[24.875364, 36.07772], [24.875664, 36.07802]]}, "properties": {"name": "N Taxiarchon Ave 3600 3724"}}, {"type": "Feature", "geometry": {"type": "LineString", "coordinates": [[24.864064, 36.07662], [24.862864, 36.07662]]}, "properties": {"name": "N Bilar St 4400 4498"}}, {"type": "Feature", "geometry": {"type": "LineString", "coordinates": [[24.862864, 36.07522], [24.862864, 36.07662]]}, "properties": {"name": "N Thessalias St 3600 3698"}}, {"type": "Feature", "geometry": {"type": "LineString", "coordinates": [[24.864064, 36.07662], [24.864064, 36.07702]]}, "properties": {"name": "N Spetson St 3700 3716"}}, {"type": "Feature", "geometry": {"type": "LineString", "coordinates": [[24.864364, 36.07672], [24.864064, 36.07702]]}, "properties": {"name": ""}}, {"type": "Feature", "geometry": {"type": "LineString", "coordinates": [[24.864064, 36.07522], [24.864064, 36.07662]]}, "properties": {"name": "N Spetson St 3600 3698"}}, {"type": "Feature", "geometry": {"type": "LineString", "coordinates": [[24.864364, 36.07672], [24.864064, 36.07662]]}, "properties": {"name": "N Bilar St 4314 4398"}}, {"type": "Feature", "geometry": {"type": "LineString", "coordinates": [[24.865764, 36.07612], [24.864364, 36.07672]]}, "properties": {"name": "N Bilar St 4300 4312"}}, {"type": "Feature", "geometry": {"type": "LineString", "coordinates": [[24.864064, 36.07522], [24.862864, 36.07522]]}, "properties": {"name": "N Berlau St 4400 4498"}}, {"type": "Feature", "geometry": {"type": "LineString", "coordinates": [[24.862964, 36.07432], [24.862864, 36.07522]]}, "properties": {"name": "N Thessalias St 3500 3598"}}, {"type": "Feature", "geometry": {"type": "LineString", "coordinates": [[24.865764, 36.07522], [24.864064, 36.07522]]}, "properties": {"name": "N Berlau St 4300 4398"}}, {"type": "Feature", "geometry": {"type": "LineString", "coordinates": [[24.864164, 36.07432], [24.864064, 36.07522]]}, "properties": {"name": "N Spetson St 3500 3598"}}, {"type": "Feature", "geometry": {"type": "LineString", "coordinates": [[24.865764, 36.07612], [24.865864, 36.07682]]}, "properties": {"name": "N Nia Ave 3700 3798"}}, {"type": "Feature", "geometry": {"type": "LineString", "coordinates": [[24.865764, 36.07522], [24.865764, 36.07612]]}, "properties": {"name": "N Nia Ave 3600 3698"}}, {"type": "Feature", "geometry": {"type": "LineString", "coordinates": [[24.867664, 36.07612], [24.865764, 36.07612]]}, "properties": {"name": "N Bilar St 4200 4298"}}, {"type": "Feature", "geometry": {"type": "LineString", "coordinates": [[24.865664, 36.07422], [24.865764, 36.07522]]}, "properties": {"name": "N Nia Ave 3500 3598"}}, {"type": "Feature", "geometry": {"type": "LineString", "coordinates": [[24.868164, 36.07522], [24.865764, 36.07522]]}, "properties": {"name": "N Berlau St 4100 4298"}}, {"type": "Feature", "geometry": {"type": "LineString", "coordinates": [[24.862864, 36.07332], [24.862964, 36.07432]]}, "properties": {"name": "N Thessalias St 3400 3498"}}, {"type": "Feature", "geometry": {"type": "LineString", "coordinates": [[24.864164, 36.07432], [24.862964, 36.07432]]}, "properties": {"name": "N Barwyn St 4400 4498"}}, {"type": "Feature", "geometry": {"type": "LineString", "coordinates": [[24.864164, 36.07332], [24.862864, 36.07332]]}, "properties": {"name": "N Barabla St 4400 4498"}}, {"type": "Feature", "geometry": {"type": "LineString", "coordinates": [[24.862964, 36.07242], [24.862864, 36.07332]]}, "properties": {"name": "N Thessalias St 3300 3398"}}, {"type": "Feature", "geometry": {"type": "LineString", "coordinates": [[24.864164, 36.07332], [24.864164, 36.07432]]}, "properties": {"name": "N Spetson St 3400 3498"}}, {"type": "Feature", "geometry": {"type": "LineString", "coordinates": [[24.865664, 36.07422], [24.864164, 36.07432]]}, "properties": {"name": "N Barwyn St 4300 4398"}}, {"type": "Feature", "geometry": {"type": "LineString", "coordinates": [[24.864164, 36.07242], [24.864164, 36.07332]]}, "properties": {"name": "N Spetson St 3300 3398"}}, {"type": "Feature", "geometry": {"type": "LineString", "coordinates": [[24.865764, 36.07332], [24.864164, 36.07332]]}, "properties": {"name": "N Barabla St 4300 4398"}}, {"type": "Feature", "geometry": {"type": "LineString", "coordinates": [[24.864164, 36.07242], [24.862964, 36.07242]]}, "properties": {"name": "N Bairn St 4400 4498"}}, {"type": "Feature", "geometry": {"type": "LineString", "coordinates": [[24.862864, 36.07152], [24.862964, 36.07242]]}, "properties": {"name": "N Thessalias St 3120 3298"}}, {"type": "Feature", "geometry": {"type": "LineString", "coordinates": [[24.865664, 36.07242], [24.864164, 36.07242]]}, "properties": {"name": "N Bairn St 4300 4398"}}, {"type": "Feature", "geometry": {"type": "LineString", "coordinates": [[24.864264, 36.07152], [24.864164, 36.07242]]}, "properties": {"name": "N Spetson St 3200 3298"}}, {"type": "Feature", "geometry": {"type": "LineString", "coordinates": [[24.865764, 36.07332], [24.865664, 36.07422]]}, "properties": {"name": "N Nia Ave 3400 3498"}}, {"type": "Feature", "geometry": {"type": "LineString", "coordinates": [[24.866664, 36.07422], [24.865664, 36.07422]]}, "properties": {"name": "N Barwyn St 4200 4298"}}, {"type": "Feature", "geometry": {"type": "LineString", "coordinates": [[24.865664, 36.07242], [24.865764, 36.07332]]}, "properties": {"name": "N Nia Ave 3300 3398"}}, {"type": "Feature", "geometry": {"type": "LineString", "coordinates": [[24.866664, 36.07332], [24.865764, 36.07332]]}, "properties": {"name": "N Barabla St 4200 4298"}}, {"type": "Feature", "geometry": {"type": "LineString", "coordinates": [[24.866664, 36.07242], [24.865664, 36.07242]]}, "properties": {"name": "N Bairn St 4200 4298"}}, {"type": "Feature", "geometry": {"type": "LineString", "coordinates": [[24.865664, 36.07142], [24.865664, 36.07242]]}, "properties": {"name": "N Nia Ave 3200 3298"}}, {"type": "Feature", "geometry": {"type": "LineString", "coordinates": [[24.868364, 36.07782], [24.867664, 36.07752]]}, "properties": {"name": "N Brada St 4100 4198"}}, {"type": "Feature", "geometry": {"type": "LineString", "coordinates": [[24.869264, 36.07722], [24.868364, 36.07782]]}, "properties": {"name": "N Oddisseos St 3850 3898"}}, {"type": "Feature", "geometry": {"type": "LineString", "coordinates": [[24.867664, 36.07692], [24.865864, 36.07682]]}, "properties": {"name": "N Blant St 4200 4398"}}, {"type": "Feature", "geometry": {"type": "LineString", "coordinates": [[24.869164, 36.07692], [24.867664, 36.07692]]}, "properties": {"name": "N Blant St 4100 4198"}}, {"type": "Feature", "geometry": {"type": "LineString", "coordinates": [[24.867664, 36.07612], [24.867664, 36.07692]]}, "properties": {"name": "N Tavla St 3700 3798"}}, {"type": "Feature", "geometry": {"type": "LineString", "coordinates": [[24.869164, 36.07612], [24.869164, 36.07692]]}, "properties": {"name": "N Oddisseos St 3700 3798"}}, {"type": "Feature", "geometry": {"type": "LineString", "coordinates": [[24.868264, 36.07612], [24.867664, 36.07612]]}, "properties": {"name": "N Bilar St 4100 4198"}}, {"type": "Feature", "geometry": {"type": "LineString", "coordinates": [[24.868164, 36.07522], [24.868264, 36.07612]]}, "properties": {"name": "N Oddisseos St 3600 3698"}}, {"type": "Feature", "geometry": {"type": "LineString", "coordinates": [[24.869164, 36.07612], [24.868264, 36.07612]]}, "properties": {"name": "N Bilar St 4010 4098"}}, {"type": "Feature", "geometry": {"type": "LineString", "coordinates": [[24.868164, 36.07432], [24.868164, 36.07522]]}, "properties": {"name": "N Oddisseos St 3500 3598"}}, {"type": "Feature", "geometry": {"type": "LineString", "coordinates": [[24.869764, 36.07522], [24.868164, 36.07522]]}, "properties": {"name": "N Berlau St 4000 4098"}}, {"type": "Feature", "geometry": {"type": "LineString", "coordinates": [[24.869964, 36.07612], [24.869164, 36.07612]]}, "properties": {"name": "N Bilar St 4000 4008"}}, {"type": "Feature", "geometry": {"type": "LineString", "coordinates": [[24.866664, 36.07332], [24.866664, 36.07422]]}, "properties": {"name": "N Tavla St 3400 3498"}}, {"type": "Feature", "geometry": {"type": "LineString", "coordinates": [[24.866664, 36.07242], [24.866664, 36.07332]]}, "properties": {"name": "N Tavla St 3300 3398"}}, {"type": "Feature", "geometry": {"type": "LineString", "coordinates": [[24.868164, 36.07332], [24.866664, 36.07332]]}, "properties": {"name": "N Barabla St 4100 4198"}}, {"type": "Feature", "geometry": {"type": "LineString", "coordinates": [[24.868064, 36.07232], [24.866664, 36.07242]]}, "properties": {"name": "N Bairn St 4100 4198"}}, {"type": "Feature", "geometry": {"type": "LineString", "coordinates": [[24.866564, 36.07142], [24.866664, 36.07242]]}, "properties": {"name": "N Tavla St 3200 3298"}}, {"type": "Feature", "geometry": {"type": "LineString", "coordinates": [[24.868164, 36.07432], [24.866664, 36.07422]]}, "properties": {"name": "N Barwyn St 4100 4198"}}, {"type": "Feature", "geometry": {"type": "LineString", "coordinates": [[24.868164, 36.07332], [24.868164, 36.07432]]}, "properties": {"name": "N Oddisseos St 3400 3498"}}, {"type": "Feature", "geometry": {"type": "LineString", "coordinates": [[24.869764, 36.07422], [24.868164, 36.07432]]}, "properties": {"name": "N Barwyn St 4000 4098"}}, {"type": "Feature", "geometry": {"type": "LineString", "coordinates": [[24.868164, 36.07292], [24.868164, 36.07332]]}, "properties": {"name": "N Oddisseos St 3300 3398"}}, {"type": "Feature", "geometry": {"type": "LineString", "coordinates": [[24.869764, 36.07332], [24.868164, 36.07332]]}, "properties": {"name": "N Barabla St 4000 4098"}}, {"type": "Feature", "geometry": {"type": "LineString", "coordinates": [[24.868164, 36.07152], [24.868064, 36.07232]]}, "properties": {"name": "N Oddisseos St 3200 3298"}}, {"type": "Feature", "geometry": {"type": "LineString", "coordinates": [[24.862864, 36.07052], [24.862864, 36.07152]]}, "properties": {"name": "N Thessalias St 3100 3118"}}, {"type": "Feature", "geometry": {"type": "LineString", "coordinates": [[24.864264, 36.07152], [24.862864, 36.07152]]}, "properties": {"name": "N Avionos St 4400 4498"}}, {"type": "Feature", "geometry": {"type": "LineString", "coordinates": [[24.862864, 36.07052], [24.862464, 36.07042]]}, "properties": {"name": "N Averof St 4450 4498"}}, {"type": "Feature", "geometry": {"type": "LineString", "coordinates": [[24.864164, 36.07052], [24.862864, 36.07052]]}, "properties": {"name": "N Averof St 4400 4448"}}, {"type": "Feature", "geometry": {"type": "LineString", "coordinates": [[24.864164, 36.07052], [24.864264, 36.07152]]}, "properties": {"name": "N Spetson St 3100 3198"}}, {"type": "Feature", "geometry": {"type": "LineString", "coordinates": [[24.865664, 36.07142], [24.864264, 36.07152]]}, "properties": {"name": "N Avionos St 4300 4398"}}, {"type": "Feature", "geometry": {"type": "LineString", "coordinates": [[24.864164, 36.06962], [24.864164, 36.07052]]}, "properties": {"name": "N Spetson St 3000 3098"}}, {"type": "Feature", "geometry": {"type": "LineString", "coordinates": [[24.865564, 36.07052], [24.864164, 36.07052]]}, "properties": {"name": "N Averof St 4300 4398"}}, {"type": "Feature", "geometry": {"type": "LineString", "coordinates": [[24.864164, 36.06862], [24.864164, 36.06962]]}, "properties": {"name": "N Spetson St 2900 2998"}}, {"type": "Feature", "geometry": {"type": "LineString", "coordinates": [[24.865664, 36.06962], [24.864164, 36.06962]]}, "properties": {"name": "N Aveny St 4300 4398"}}, {"type": "Feature", "geometry": {"type": "LineString", "coordinates": [[24.865664, 36.06862], [24.864164, 36.06862]]}, "properties": {"name": "N Asiant St 4300 4398"}}, {"type": "Feature", "geometry": {"type": "LineString", "coordinates": [[24.864164, 36.06772], [24.864164, 36.06862]]}, "properties": {"name": "N Spetson St 2800 2898"}}, {"type": "Feature", "geometry": {"type": "LineString", "coordinates": [[24.865564, 36.07052], [24.865664, 36.07142]]}, "properties": {"name": "N Nia Ave 3100 3198"}}, {"type": "Feature", "geometry": {"type": "LineString", "coordinates": [[24.866564, 36.07142], [24.865664, 36.07142]]}, "properties": {"name": "N Avionos St 4200 4298"}}, {"type": "Feature", "geometry": {"type": "LineString", "coordinates": [[24.865664, 36.06962], [24.865564, 36.07052]]}, "properties": {"name": "N Nia Ave 3000 3098"}}, {"type": "Feature", "geometry": {"type": "LineString", "coordinates": [[24.866564, 36.07052], [24.865564, 36.07052]]}, "properties": {"name": "N Averof St 4200 4298"}}, {"type": "Feature", "geometry": {"type": "LineString", "coordinates": [[24.865664, 36.06862], [24.865664, 36.06962]]}, "properties": {"name": "N Nia Ave 2900 2998"}}, {"type": "Feature", "geometry": {"type": "LineString", "coordinates": [[24.868564, 36.06962], [24.865664, 36.06962]]}, "properties": {"name": "N Aveny St 4100 4298"}}, {"type": "Feature", "geometry": {"type": "LineString", "coordinates": [[24.865664, 36.06772], [24.865664, 36.06862]]}, "properties": {"name": "N Nia Ave 2800 2898"}}, {"type": "Feature", "geometry": {"type": "LineString", "coordinates": [[24.868564, 36.06862], [24.865664, 36.06862]]}, "properties": {"name": "N Asiant St 4100 4298"}}, {"type": "Feature", "geometry": {"type": "LineString", "coordinates": [[24.864157, 36.066716], [24.864164, 36.06772]]}, "properties": {"name": "N Spetson St 2700 2798"}}, {"type": "Feature", "geometry": {"type": "LineString", "coordinates": [[24.865664, 36.06772], [24.864164, 36.06772]]}, "properties": {"name": "N Artakis St 4300 4398"}}, {"type": "Feature", "geometry": {"type": "LineString", "coordinates": [[24.864164, 36.06572], [24.864157, 36.066716]]}, "properties": {"name": "N Spetson St 2600 2698"}}, {"type": "Feature", "geometry": {"type": "LineString", "coordinates": [[24.865662, 36.066716], [24.864157, 36.066716]]}, "properties": {"name": "N Arkadou St 4300 4398"}}, {"type": "Feature", "geometry": {"type": "LineString", "coordinates": [[24.864164, 36.06472], [24.864164, 36.06572]]}, "properties": {"name": "N Spetson St 2500 2598"}}, {"type": "Feature", "geometry": {"type": "LineString", "coordinates": [[24.865662, 36.066716], [24.865664, 36.06772]]}, "properties": {"name": "N Nia Ave 2700 2798"}}, {"type": "Feature", "geometry": {"type": "LineString", "coordinates": [[24.867064, 36.06772], [24.865664, 36.06772]]}, "properties": {"name": "N Artakis St 4200 4298"}}, {"type": "Feature", "geometry": {"type": "LineString", "coordinates": [[24.865615, 36.065752], [24.865662, 36.066716]]}, "properties": {"name": "N Nia Ave 2600 2698"}}, {"type": "Feature", "geometry": {"type": "LineString", "coordinates": [[24.865615, 36.065752], [24.864164, 36.06572]]}, "properties": {"name": "N Arkadiou St 4300 4398"}}, {"type": "Feature", "geometry": {"type": "LineString", "coordinates": [[24.867131, 36.065752], [24.865615, 36.065752]]}, "properties": {"name": "N Arkadiou St 4200 4298"}}, {"type": "Feature", "geometry": {"type": "LineString", "coordinates": [[24.865664, 36.06482], [24.865615, 36.065752]]}, "properties": {"name": "N Nia Ave 2500 2598"}}, {"type": "Feature", "geometry": {"type": "LineString", "coordinates": [[24.866564, 36.07052], [24.866564, 36.07142]]}, "properties": {"name": "N Tavla St 3100 3198"}}, {"type": "Feature", "geometry": {"type": "LineString", "coordinates": [[24.868164, 36.07052], [24.866564, 36.07052]]}, "properties": {"name": "N Averof St 4150 4198"}}, {"type": "Feature", "geometry": {"type": "LineString", "coordinates": [[24.868164, 36.07152], [24.866564, 36.07142]]}, "properties": {"name": "N Avionos St 4150 4198"}}, {"type": "Feature", "geometry": {"type": "LineString", "coordinates": [[24.868164, 36.07052], [24.868164, 36.07152]]}, "properties": {"name": "N Oddisseos St 3100 3198"}}, {"type": "Feature", "geometry": {"type": "LineString", "coordinates": [[24.868564, 36.07042], [24.868164, 36.07052]]}, "properties": {"name": "N Averof St 4100 4148"}}, {"type": "Feature", "geometry": {"type": "LineString", "coordinates": [[24.868564, 36.06962], [24.868564, 36.07042]]}, "properties": {"name": "N Oddisseos St 3000 3098"}}, {"type": "Feature", "geometry": {"type": "LineString", "coordinates": [[24.869964, 36.07022], [24.868564, 36.07042]]}, "properties": {"name": "N Averof St 3926 4098"}}, {"type": "Feature", "geometry": {"type": "LineString", "coordinates": [[24.868564, 36.06862], [24.868564, 36.06962]]}, "properties": {"name": "N Oddisseos St 2900 2998"}}, {"type": "Feature", "geometry": {"type": "LineString", "coordinates": [[24.871386, 36.069614], [24.868564, 36.06962]]}, "properties": {"name": "N Aveny St 3900 4098"}}, {"type": "Feature", "geometry": {"type": "LineString", "coordinates": [[24.871364, 36.06862], [24.868564, 36.06862]]}, "properties": {"name": "N Asiant St 3900 4098"}}, {"type": "Feature", "geometry": {"type": "LineString", "coordinates": [[24.867064, 36.06672], [24.867064, 36.06772]]}, "properties": {"name": "N Tavla St 2700 2798"}}, {"type": "Feature", "geometry": {"type": "LineString", "coordinates": [[24.868564, 36.06772], [24.867064, 36.06772]]}, "properties": {"name": "N Artakis St 4100 4198"}}, {"type": "Feature", "geometry": {"type": "LineString", "coordinates": [[24.867064, 36.06672], [24.865662, 36.066716]]}, "properties": {"name": "N Arkadou St 4200 4298"}}, {"type": "Feature", "geometry": {"type": "LineString", "coordinates": [[24.867131, 36.065752], [24.867064, 36.06672]]}, "properties": {"name": "N Tavla St 2600 2698"}}, {"type": "Feature", "geometry": {"type": "LineString", "coordinates": [[24.868554, 36.066712], [24.867064, 36.06672]]}, "properties": {"name": "N Arkadou St 4100 4198"}}, {"type": "Feature", "geometry": {"type": "LineString", "coordinates": [[24.868564, 36.06572], [24.867131, 36.065752]]}, "properties": {"name": "N Arkadiou St 4100 4198"}}, {"type": "Feature", "geometry": {"type": "LineString", "coordinates": [[24.867164, 36.06482], [24.867131, 36.065752]]}, "properties": {"name": "N Tavla St 2500 2598"}}, {"type": "Feature", "geometry": {"type": "LineString", "coordinates": [[24.868554, 36.066712], [24.868564, 36.06772]]}, "properties": {"name": "N Oddisseos St 2700 2798"}}, {"type": "Feature", "geometry": {"type": "LineString", "coordinates": [[24.869857, 36.067701], [24.868564, 36.06772]]}, "properties": {"name": "N Artakis St 4000 4098"}}, {"type": "Feature", "geometry": {"type": "LineString", "coordinates": [[24.868564, 36.06572], [24.868554, 36.066712]]}, "properties": {"name": "N Oddisseos St 2600 2698"}}, {"type": "Feature", "geometry": {"type": "LineString", "coordinates": [[24.869869, 36.066704], [24.868554, 36.066712]]}, "properties": {"name": "N Arkadou St 4000 4098"}}, {"type": "Feature", "geometry": {"type": "LineString", "coordinates": [[24.869964, 36.06572], [24.868564, 36.06572]]}, "properties": {"name": "N Arkadiou St 4000 4098"}}, {"type": "Feature", "geometry": {"type": "LineString", "coordinates": [[24.868564, 36.06482], [24.868564, 36.06572]]}, "properties": {"name": "N Oddisseos St 2500 2598"}}, {"type": "Feature", "geometry": {"type": "LineString", "coordinates": [[24.869164, 36.07692], [24.869264, 36.07722]]}, "properties": {"name": "N Oddisseos St 3800 3848"}}, {"type": "Feature", "geometry": {"type": "LineString", "coordinates": [[24.870264, 36.07712], [24.869264, 36.07722]]}, "properties": {"name": "N Blant St 4000 4098"}}, {"type": "Feature", "geometry": {"type": "LineString", "coordinates": [[24.870264, 36.07712], [24.870264, 36.07772]]}, "properties": {"name": "N Mikonou St 3800 3898"}}, {"type": "Feature", "geometry": {"type": "LineString", "coordinates": [[24.870364, 36.07612], [24.870264, 36.07712]]}, "properties": {"name": "N Mikonou St 3700 3798"}}, {"type": "Feature", "geometry": {"type": "LineString", "coordinates": [[24.871464, 36.07712], [24.870264, 36.07712]]}, "properties": {"name": "N Blant St 3900 3998"}}, {"type": "Feature", "geometry": {"type": "LineString", "coordinates": [[24.869764, 36.07522], [24.869964, 36.07612]]}, "properties": {"name": "N Mikonou St 3600 3698"}}, {"type": "Feature", "geometry": {"type": "LineString", "coordinates": [[24.870364, 36.07612], [24.869964, 36.07612]]}, "properties": {"name": "N Bilar St 3920 3998"}}, {"type": "Feature", "geometry": {"type": "LineString", "coordinates": [[24.871364, 36.07522], [24.869764, 36.07522]]}, "properties": {"name": "N Berlau St 3900 3998"}}, {"type": "Feature", "geometry": {"type": "LineString", "coordinates": [[24.869764, 36.07422], [24.869764, 36.07522]]}, "properties": {"name": "N Mikonou St 3500 3598"}}, {"type": "Feature", "geometry": {"type": "LineString", "coordinates": [[24.871364, 36.07612], [24.870364, 36.07612]]}, "properties": {"name": "N Bilar St 3900 3918"}}, {"type": "Feature", "geometry": {"type": "LineString", "coordinates": [[24.871364, 36.07612], [24.871464, 36.07712]]}, "properties": {"name": "N Polvo St 3700 3798"}}, {"type": "Feature", "geometry": {"type": "LineString", "coordinates": [[24.873064, 36.07712], [24.871464, 36.07712]]}, "properties": {"name": "N Blant St 3800 3898"}}, {"type": "Feature", "geometry": {"type": "LineString", "coordinates": [[24.871364, 36.07522], [24.871364, 36.07612]]}, "properties": {"name": "N Polvo St 3600 3698"}}, {"type": "Feature", "geometry": {"type": "LineString", "coordinates": [[24.873164, 36.07612], [24.871364, 36.07612]]}, "properties": {"name": "N Bilar St 3800 3898"}}, {"type": "Feature", "geometry": {"type": "LineString", "coordinates": [[24.871364, 36.07422], [24.871364, 36.07522]]}, "properties": {"name": "N Polvo St 3500 3598"}}, {"type": "Feature", "geometry": {"type": "LineString", "coordinates": [[24.873064, 36.07522], [24.871364, 36.07522]]}, "properties": {"name": "N Berlau St 3800 3898"}}, {"type": "Feature", "geometry": {"type": "LineString", "coordinates": [[24.869764, 36.07332], [24.869764, 36.07422]]}, "properties": {"name": "N Mikonou St 3400 3498"}}, {"type": "Feature", "geometry": {"type": "LineString", "coordinates": [[24.871364, 36.07422], [24.869764, 36.07422]]}, "properties": {"name": "N Barwyn St 3900 3998"}}, {"type": "Feature", "geometry": {"type": "LineString", "coordinates": [[24.871264, 36.07332], [24.869764, 36.07332]]}, "properties": {"name": "N Barabla St 3900 3998"}}, {"type": "Feature", "geometry": {"type": "LineString", "coordinates": [[24.871264, 36.07332], [24.871364, 36.07422]]}, "properties": {"name": "N Polvo St 3400 3498"}}, {"type": "Feature", "geometry": {"type": "LineString", "coordinates": [[24.873064, 36.07422], [24.871364, 36.07422]]}, "properties": {"name": "N Barwyn St 3800 3898"}}, {"type": "Feature", "geometry": {"type": "LineString", "coordinates": [[24.871464, 36.07242], [24.871264, 36.07332]]}, "properties": {"name": "N Polvo St 3250 3398"}}, {"type": "Feature", "geometry": {"type": "LineString", "coordinates": [[24.872964, 36.07332], [24.871264, 36.07332]]}, "properties": {"name": "N Barabla St 3800 3898"}}, {"type": "Feature", "geometry": {"type": "LineString", "coordinates": [[24.872964, 36.07242], [24.871464, 36.07242]]}, "properties": {"name": "N Bairn St 3800 3898"}}, {"type": "Feature", "geometry": {"type": "LineString", "coordinates": [[24.871364, 36.07052], [24.871399, 36.071185]]}, "properties": {"name": "N Polvo St 3100 3152"}}, {"type": "Feature", "geometry": {"type": "LineString", "coordinates": [[24.873164, 36.07612], [24.873064, 36.07712]]}, "properties": {"name": "N Estos St 3700 3798"}}, {"type": "Feature", "geometry": {"type": "LineString", "coordinates": [[24.874764, 36.07712], [24.873064, 36.07712]]}, "properties": {"name": "N Blant St 3700 3798"}}, {"type": "Feature", "geometry": {"type": "LineString", "coordinates": [[24.873064, 36.07522], [24.873164, 36.07612]]}, "properties": {"name": "N Estos St 3600 3698"}}, {"type": "Feature", "geometry": {"type": "LineString", "coordinates": [[24.874664, 36.07522], [24.873064, 36.07522]]}, "properties": {"name": "N Berlau St 3700 3798"}}, {"type": "Feature", "geometry": {"type": "LineString", "coordinates": [[24.873064, 36.07422], [24.873064, 36.07522]]}, "properties": {"name": "N Estos St 3500 3598"}}, {"type": "Feature", "geometry": {"type": "LineString", "coordinates": [[24.875364, 36.07712], [24.874764, 36.07712]]}, "properties": {"name": "N Blant St 3600 3698"}}, {"type": "Feature", "geometry": {"type": "LineString", "coordinates": [[24.874664, 36.07622], [24.874764, 36.07712]]}, "properties": {"name": "N Utmana St 3700 3798"}}, {"type": "Feature", "geometry": {"type": "LineString", "coordinates": [[24.874664, 36.07622], [24.873164, 36.07612]]}, "properties": {"name": "N Bilar St 3700 3798"}}, {"type": "Feature", "geometry": {"type": "LineString", "coordinates": [[24.874664, 36.07522], [24.874664, 36.07622]]}, "properties": {"name": "N Utmana St 3600 3698"}}, {"type": "Feature", "geometry": {"type": "LineString", "coordinates": [[24.874664, 36.07422], [24.874664, 36.07522]]}, "properties": {"name": "N Utmana St 3500 3598"}}, {"type": "Feature", "geometry": {"type": "LineString", "coordinates": [[24.876164, 36.07522], [24.874664, 36.07522]]}, "properties": {"name": "N Berlau St 3600 3698"}}, {"type": "Feature", "geometry": {"type": "LineString", "coordinates": [[24.872964, 36.07332], [24.873064, 36.07422]]}, "properties": {"name": "N Estos St 3400 3498"}}, {"type": "Feature", "geometry": {"type": "LineString", "coordinates": [[24.874664, 36.07422], [24.873064, 36.07422]]}, "properties": {"name": "N Barwyn St 3700 3798"}}, {"type": "Feature", "geometry": {"type": "LineString", "coordinates": [[24.872964, 36.07242], [24.872964, 36.07332]]}, "properties": {"name": "N Estos St 3300 3398"}}, {"type": "Feature", "geometry": {"type": "LineString", "coordinates": [[24.874664, 36.07332], [24.872964, 36.07332]]}, "properties": {"name": "N Barabla St 3700 3798"}}, {"type": "Feature", "geometry": {"type": "LineString", "coordinates": [[24.874664, 36.07242], [24.872964, 36.07242]]}, "properties": {"name": "N Bairn St 3700 3798"}}, {"type": "Feature", "geometry": {"type": "LineString", "coordinates": [[24.874664, 36.07332], [24.874664, 36.07422]]}, "properties": {"name": "N Utmana St 3400 3498"}}, {"type": "Feature", "geometry": {"type": "LineString", "coordinates": [[24.876164, 36.07422], [24.874664, 36.07422]]}, "properties": {"name": "N Barwyn St 3600 3698"}}, {"type": "Feature", "geometry": {"type": "LineString", "coordinates": [[24.874664, 36.07242], [24.874664, 36.07332]]}, "properties": {"name": "N Utmana St 3300 3398"}}, {"type": "Feature", "geometry": {"type": "LineString", "coordinates": [[24.876164, 36.07332], [24.874664, 36.07332]]}, "properties": {"name": "N Barabla St 3600 3698"}}, {"type": "Feature", "geometry": {"type": "LineString", "coordinates": [[24.874584, 36.072114], [24.874664, 36.07242]]}, "properties": {"name": "N Utmana St 3100 3198"}}, {"type": "Feature", "geometry": {"type": "LineString", "coordinates": [[24.876264, 36.07242], [24.874664, 36.07242]]}, "properties": {"name": "N Bairn St 3616 3698"}}, {"type": "Feature", "geometry": {"type": "LineString", "coordinates": [[24.869964, 36.07022], [24.869964, 36.07132]]}, "properties": {"name": "N Mikonou St 3100 3198"}}, {"type": "Feature", "geometry": {"type": "LineString", "coordinates": [[24.871364, 36.07052], [24.869964, 36.07022]]}, "properties": {"name": "N Averof St 3900 3924"}}, {"type": "Feature", "geometry": {"type": "LineString", "coordinates": [[24.871386, 36.069614], [24.871364, 36.07052]]}, "properties": {"name": "N Polvo St 3000 3098"}}, {"type": "Feature", "geometry": {"type": "LineString", "coordinates": [[24.871364, 36.06862], [24.871386, 36.069614]]}, "properties": {"name": "N Polvo St 2900 2998"}}, {"type": "Feature", "geometry": {"type": "LineString", "coordinates": [[24.874664, 36.06922], [24.871386, 36.069614]]}, "properties": {"name": "N Aveny St 3700 3898"}}, {"type": "Feature", "geometry": {"type": "LineString", "coordinates": [[24.871464, 36.06772], [24.871364, 36.06862]]}, "properties": {"name": "N Polvo St 2800 2898"}}, {"type": "Feature", "geometry": {"type": "LineString", "coordinates": [[24.874764, 36.06832], [24.871364, 36.06862]]}, "properties": {"name": "N Asiant St 3700 3898"}}, {"type": "Feature", "geometry": {"type": "LineString", "coordinates": [[24.869869, 36.066704], [24.869857, 36.067701]]}, "properties": {"name": "N Mikonou St 2700 2898"}}, {"type": "Feature", "geometry": {"type": "LineString", "coordinates": [[24.869964, 36.06572], [24.869869, 36.066704]]}, "properties": {"name": "N Mikonou St 2600 2698"}}, {"type": "Feature", "geometry": {"type": "LineString", "coordinates": [[24.869964, 36.06482], [24.869964, 36.06572]]}, "properties": {"name": "N Mikonou St 2500 2598"}}, {"type": "Feature", "geometry": {"type": "LineString", "coordinates": [[24.871464, 36.06772], [24.869857, 36.067701]]}, "properties": {"name": "N Artakis St 3900 3998"}}, {"type": "Feature", "geometry": {"type": "LineString", "coordinates": [[24.871464, 36.06672], [24.871464, 36.06772]]}, "properties": {"name": "N Polvo St 2700 2798"}}, {"type": "Feature", "geometry": {"type": "LineString", "coordinates": [[24.874764, 36.06732], [24.87331, 36.067496]]}, "properties": {"name": "N Artakis St 3700 3724"}}, {"type": "Feature", "geometry": {"type": "LineString", "coordinates": [[24.871464, 36.06672], [24.869869, 36.066704]]}, "properties": {"name": "N Arkadou St 3900 3998"}}, {"type": "Feature", "geometry": {"type": "LineString", "coordinates": [[24.871488, 36.065711], [24.871464, 36.06672]]}, "properties": {"name": "N Polvo St 2600 2698"}}, {"type": "Feature", "geometry": {"type": "LineString", "coordinates": [[24.873164, 36.06642], [24.871464, 36.06672]]}, "properties": {"name": "N Arkadou St 3800 3898"}}, {"type": "Feature", "geometry": {"type": "LineString", "coordinates": [[24.871488, 36.065711], [24.869964, 36.06572]]}, "properties": {"name": "N Arkadiou St 3900 3998"}}, {"type": "Feature", "geometry": {"type": "LineString", "coordinates": [[24.873164, 36.06552], [24.871488, 36.065711]]}, "properties": {"name": "N Arkadiou St 3800 3898"}}, {"type": "Feature", "geometry": {"type": "LineString", "coordinates": [[24.871464, 36.06482], [24.871488, 36.065711]]}, "properties": {"name": "N Polvo St 2500 2598"}}, {"type": "Feature", "geometry": {"type": "LineString", "coordinates": [[24.874664, 36.06922], [24.874764, 36.07022]]}, "properties": {"name": "N Utmana St 3000 3098"}}, {"type": "Feature", "geometry": {"type": "LineString", "coordinates": [[24.874764, 36.06832], [24.874664, 36.06922]]}, "properties": {"name": "N Utmana St 2900 2998"}}, {"type": "Feature", "geometry": {"type": "LineString", "coordinates": [[24.873164, 36.06642], [24.873264, 36.06712]]}, "properties": {"name": "N Estos St 2700 2780"}}, {"type": "Feature", "geometry": {"type": "LineString", "coordinates": [[24.873164, 36.06552], [24.873164, 36.06642]]}, "properties": {"name": "N Estos St 2600 2698"}}, {"type": "Feature", "geometry": {"type": "LineString", "coordinates": [[24.874764, 36.06642], [24.873164, 36.06642]]}, "properties": {"name": "N Arkadou St 3700 3798"}}, {"type": "Feature", "geometry": {"type": "LineString", "coordinates": [[24.874684, 36.065494], [24.873164, 36.06552]]}, "properties": {"name": "N Arkadiou St 3700 3798"}}, {"type": "Feature", "geometry": {"type": "LineString", "coordinates": [[24.873264, 36.06452], [24.873164, 36.06552]]}, "properties": {"name": "N Estos St 2500 2598"}}, {"type": "Feature", "geometry": {"type": "LineString", "coordinates": [[24.874764, 36.06732], [24.874764, 36.06832]]}, "properties": {"name": "N Utmana St 2800 2898"}}, {"type": "Feature", "geometry": {"type": "LineString", "coordinates": [[24.876264, 36.06832], [24.874764, 36.06832]]}, "properties": {"name": "N Asiant St 3600 3698"}}, {"type": "Feature", "geometry": {"type": "LineString", "coordinates": [[24.874764, 36.06642], [24.874764, 36.06732]]}, "properties": {"name": "N Utmana St 2700 2798"}}, {"type": "Feature", "geometry": {"type": "LineString", "coordinates": [[24.876308, 36.067321], [24.874764, 36.06732]]}, "properties": {"name": "N Artakis St 3600 3698"}}, {"type": "Feature", "geometry": {"type": "LineString", "coordinates": [[24.874684, 36.065494], [24.874764, 36.06642]]}, "properties": {"name": "N Utmana St 2600 2698"}}, {"type": "Feature", "geometry": {"type": "LineString", "coordinates": [[24.876364, 36.06642], [24.874764, 36.06642]]}, "properties": {"name": "N Arkadou St 3600 3698"}}, {"type": "Feature", "geometry": {"type": "LineString", "coordinates": [[24.874697, 36.064527], [24.874684, 36.065494]]}, "properties": {"name": "N Utmana St 2500 2598"}}, {"type": "Feature", "geometry": {"type": "LineString", "coordinates": [[24.864164, 36.06382], [24.864164, 36.06472]]}, "properties": {"name": "N Spetson St 2400 2498"}}, {"type": "Feature", "geometry": {"type": "LineString", "coordinates": [[24.864164, 36.06292], [24.864164, 36.06382]]}, "properties": {"name": "N Spetson St 2200 2398"}}, {"type": "Feature", "geometry": {"type": "LineString", "coordinates": [[24.865664, 36.06292], [24.864164, 36.06292]]}, "properties": {"name": "N Anntigonou St 4300 4398"}}, {"type": "Feature", "geometry": {"type": "LineString", "coordinates": [[24.864064, 36.06192], [24.864164, 36.06292]]}, "properties": {"name": "N Spetson St 2100 2198"}}, {"type": "Feature", "geometry": {"type": "LineString", "coordinates": [[24.865664, 36.06482], [24.864164, 36.06472]]}, "properties": {"name": "N Arbete St 4300 4398"}}, {"type": "Feature", "geometry": {"type": "LineString", "coordinates": [[24.865664, 36.06392], [24.865664, 36.06482]]}, "properties": {"name": "N Nia Ave 2400 2498"}}, {"type": "Feature", "geometry": {"type": "LineString", "coordinates": [[24.867164, 36.06482], [24.865664, 36.06482]]}, "properties": {"name": "N Arbete St 4200 4298"}}, {"type": "Feature", "geometry": {"type": "LineString", "coordinates": [[24.865664, 36.06392], [24.864164, 36.06382]]}, "properties": {"name": "N Antoniadou St 4300 4398"}}, {"type": "Feature", "geometry": {"type": "LineString", "coordinates": [[24.865664, 36.06292], [24.865664, 36.06392]]}, "properties": {"name": "N Nia Ave 2200 2398"}}, {"type": "Feature", "geometry": {"type": "LineString", "coordinates": [[24.867138, 36.063929], [24.865664, 36.06392]]}, "properties": {"name": "N Antoniadou St 4200 4298"}}, {"type": "Feature", "geometry": {"type": "LineString", "coordinates": [[24.865664, 36.06202], [24.865664, 36.06292]]}, "properties": {"name": "N Nia Ave 2100 2198"}}, {"type": "Feature", "geometry": {"type": "LineString", "coordinates": [[24.867064, 36.06292], [24.865664, 36.06292]]}, "properties": {"name": "N Anntigonou St 4200 4298"}}, {"type": "Feature", "geometry": {"type": "LineString", "coordinates": [[24.865664, 36.06202], [24.864064, 36.06192]]}, "properties": {"name": "N Androutsou St 4300 4398"}}, {"type": "Feature", "geometry": {"type": "LineString", "coordinates": [[24.865664, 36.06122], [24.865664, 36.06202]]}, "properties": {"name": "N Nia Ave 1900 2098"}}, {"type": "Feature", "geometry": {"type": "LineString", "coordinates": [[24.867026, 36.06203], [24.865664, 36.06202]]}, "properties": {"name": "N Androutsou St 4200 4298"}}, {"type": "Feature", "geometry": {"type": "LineString", "coordinates": [[24.864064, 36.06122], [24.864064, 36.06192]]}, "properties": {"name": "N Spetson St 1900 2098"}}, {"type": "Feature", "geometry": {"type": "LineString", "coordinates": [[24.864064, 36.06032], [24.864064, 36.06122]]}, "properties": {"name": "N Spetson St 1800 1898"}}, {"type": "Feature", "geometry": {"type": "LineString", "coordinates": [[24.865664, 36.06122], [24.864064, 36.06122]]}, "properties": {"name": "N Amfitris St 4300 4398"}}, {"type": "Feature", "geometry": {"type": "LineString", "coordinates": [[24.864064, 36.05942], [24.864064, 36.06032]]}, "properties": {"name": "N Spetson St 1600 1798"}}, {"type": "Feature", "geometry": {"type": "LineString", "coordinates": [[24.865564, 36.06032], [24.864064, 36.06032]]}, "properties": {"name": "N Alm St 4300 4398"}}, {"type": "Feature", "geometry": {"type": "LineString", "coordinates": [[24.865564, 36.05942], [24.864064, 36.05942]]}, "properties": {"name": "N Alexandrias St 4300 4398"}}, {"type": "Feature", "geometry": {"type": "LineString", "coordinates": [[24.864064, 36.05852], [24.864064, 36.05942]]}, "properties": {"name": "N Spetson St 1500 1598"}}, {"type": "Feature", "geometry": {"type": "LineString", "coordinates": [[24.865564, 36.06032], [24.865664, 36.06122]]}, "properties": {"name": "N Nia Ave 1800 1898"}}, {"type": "Feature", "geometry": {"type": "LineString", "coordinates": [[24.867064, 36.06122], [24.865664, 36.06122]]}, "properties": {"name": "N Amfitris St 4200 4298"}}, {"type": "Feature", "geometry": {"type": "LineString", "coordinates": [[24.865564, 36.05942], [24.865564, 36.06032]]}, "properties": {"name": "N Nia Ave 1600 1798"}}, {"type": "Feature", "geometry": {"type": "LineString", "coordinates": [[24.867064, 36.06032], [24.865564, 36.06032]]}, "properties": {"name": "N Alm St 4200 4298"}}, {"type": "Feature", "geometry": {"type": "LineString", "coordinates": [[24.867064, 36.05942], [24.865564, 36.05942]]}, "properties": {"name": "N Alexandrias St 4200 4298"}}, {"type": "Feature", "geometry": {"type": "LineString", "coordinates": [[24.865564, 36.05842], [24.865564, 36.05942]]}, "properties": {"name": "N Nia Ave 1500 1598"}}, {"type": "Feature", "geometry": {"type": "LineString", "coordinates": [[24.867138, 36.063929], [24.867164, 36.06482]]}, "properties": {"name": "N Tavla St 2400 2498"}}, {"type": "Feature", "geometry": {"type": "LineString", "coordinates": [[24.868564, 36.06482], [24.867164, 36.06482]]}, "properties": {"name": "N Arbete St 4100 4198"}}, {"type": "Feature", "geometry": {"type": "LineString", "coordinates": [[24.867064, 36.06292], [24.867138, 36.063929]]}, "properties": {"name": "N Tavla St 2200 2398"}}, {"type": "Feature", "geometry": {"type": "LineString", "coordinates": [[24.86857, 36.063929], [24.867138, 36.063929]]}, "properties": {"name": "N Antoniadou St 4100 4198"}}, {"type": "Feature", "geometry": {"type": "LineString", "coordinates": [[24.868564, 36.06292], [24.867064, 36.06292]]}, "properties": {"name": "N Anntigonou St 4100 4198"}}, {"type": "Feature", "geometry": {"type": "LineString", "coordinates": [[24.867026, 36.06203], [24.867064, 36.06292]]}, "properties": {"name": "N Tavla St 2100 2198"}}, {"type": "Feature", "geometry": {"type": "LineString", "coordinates": [[24.86857, 36.063929], [24.868564, 36.06482]]}, "properties": {"name": "N Oddisseos St 2400 2498"}}, {"type": "Feature", "geometry": {"type": "LineString", "coordinates": [[24.869964, 36.06482], [24.868564, 36.06482]]}, "properties": {"name": "N Arbete St 4000 4098"}}, {"type": "Feature", "geometry": {"type": "LineString", "coordinates": [[24.868564, 36.06292], [24.86857, 36.063929]]}, "properties": {"name": "N Oddisseos St 2200 2398"}}, {"type": "Feature", "geometry": {"type": "LineString", "coordinates": [[24.868528, 36.06203], [24.868564, 36.06292]]}, "properties": {"name": "N Oddisseos St 2100 2198"}}, {"type": "Feature", "geometry": {"type": "LineString", "coordinates": [[24.870064, 36.06292], [24.868564, 36.06292]]}, "properties": {"name": "N Anntigonou St 4000 4098"}}, {"type": "Feature", "geometry": {"type": "LineString", "coordinates": [[24.867064, 36.06122], [24.867026, 36.06203]]}, "properties": {"name": "N Tavla St 1900 2098"}}, {"type": "Feature", "geometry": {"type": "LineString", "coordinates": [[24.867064, 36.06032], [24.867064, 36.06122]]}, "properties": {"name": "N Tavla St 1800 1898"}}, {"type": "Feature", "geometry": {"type": "LineString", "coordinates": [[24.868564, 36.06122], [24.867064, 36.06122]]}, "properties": {"name": "N Amfitris St 4100 4198"}}, {"type": "Feature", "geometry": {"type": "LineString", "coordinates": [[24.867064, 36.05942], [24.867064, 36.06032]]}, "properties": {"name": "N Tavla St 1600 1798"}}, {"type": "Feature", "geometry": {"type": "LineString", "coordinates": [[24.868555, 36.060325], [24.867064, 36.06032]]}, "properties": {"name": "N Alm St 4100 4198"}}, {"type": "Feature", "geometry": {"type": "LineString", "coordinates": [[24.868564, 36.05942], [24.867064, 36.05942]]}, "properties": {"name": "N Alexandrias St 4100 4198"}}, {"type": "Feature", "geometry": {"type": "LineString", "coordinates": [[24.867064, 36.05842], [24.867064, 36.05942]]}, "properties": {"name": "N Tavla St 1500 1598"}}, {"type": "Feature", "geometry": {"type": "LineString", "coordinates": [[24.868528, 36.06203], [24.867026, 36.06203]]}, "properties": {"name": "N Androutsou St 4100 4198"}}, {"type": "Feature", "geometry": {"type": "LineString", "coordinates": [[24.868564, 36.06122], [24.868528, 36.06203]]}, "properties": {"name": "N Oddisseos St 1900 2098"}}, {"type": "Feature", "geometry": {"type": "LineString", "coordinates": [[24.869975, 36.061999], [24.868528, 36.06203]]}, "properties": {"name": "N Androutsou St 4000 4098"}}, {"type": "Feature", "geometry": {"type": "LineString", "coordinates": [[24.868555, 36.060325], [24.868564, 36.06122]]}, "properties": {"name": "N Oddisseos St 1800 1898"}}, {"type": "Feature", "geometry": {"type": "LineString", "coordinates": [[24.869964, 36.06122], [24.868564, 36.06122]]}, "properties": {"name": "N Amfitris St 4000 4098"}}, {"type": "Feature", "geometry": {"type": "LineString", "coordinates": [[24.868564, 36.05942], [24.868555, 36.060325]]}, "properties": {"name": "N Oddisseos St 1600 1798"}}, {"type": "Feature", "geometry": {"type": "LineString", "coordinates": [[24.869966, 36.060331], [24.868555, 36.060325]]}, "properties": {"name": "N Alm St 4000 4098"}}, {"type": "Feature", "geometry": {"type": "LineString", "coordinates": [[24.868572, 36.05844], [24.868564, 36.05942]]}, "properties": {"name": "N Oddisseos St 1500 1598"}}, {"type": "Feature", "geometry": {"type": "LineString", "coordinates": [[24.869964, 36.05942], [24.868564, 36.05942]]}, "properties": {"name": "N Alexandrias St 4000 4098"}}, {"type": "Feature", "geometry": {"type": "LineString", "coordinates": [[24.864064, 36.05762], [24.864064, 36.05852]]}, "properties": {"name": "N Spetson St 1400 1498"}}, {"type": "Feature", "geometry": {"type": "LineString", "coordinates": [[24.865564, 36.05842], [24.864064, 36.05852]]}, "properties": {"name": "N Alamanas St 4300 4398"}}, {"type": "Feature", "geometry": {"type": "LineString", "coordinates": [[24.864064, 36.05762], [24.862464, 36.05752]]}, "properties": {"name": "N Agisilaou St 4400 4498"}}, {"type": "Feature", "geometry": {"type": "LineString", "coordinates": [[24.864064, 36.05662], [24.864064, 36.05762]]}, "properties": {"name": "N Spetson St 1300 1398"}}, {"type": "Feature", "geometry": {"type": "LineString", "coordinates": [[24.865564, 36.05752], [24.864064, 36.05762]]}, "properties": {"name": "N Agisilaou St 4300 4398"}}, {"type": "Feature", "geometry": {"type": "LineString", "coordinates": [[24.864064, 36.05572], [24.864064, 36.05662]]}, "properties": {"name": "N Spetson St 1200 1298"}}, {"type": "Feature", "geometry": {"type": "LineString", "coordinates": [[24.865564, 36.05662], [24.864064, 36.05662]]}, "properties": {"name": "N Agiasou St 4300 4398"}}, {"type": "Feature", "geometry": {"type": "LineString", "coordinates": [[24.864064, 36.05472], [24.864064, 36.05572]]}, "properties": {"name": "N Spetson St 1100 1198"}}, {"type": "Feature", "geometry": {"type": "LineString", "coordinates": [[24.865564, 36.05752], [24.865564, 36.05842]]}, "properties": {"name": "N Nia Ave 1400 1498"}}, {"type": "Feature", "geometry": {"type": "LineString", "coordinates": [[24.867064, 36.05842], [24.865564, 36.05842]]}, "properties": {"name": "N Alamanas St 4200 4298"}}, {"type": "Feature", "geometry": {"type": "LineString", "coordinates": [[24.865564, 36.05662], [24.865564, 36.05752]]}, "properties": {"name": "N Nia Ave 1300 1398"}}, {"type": "Feature", "geometry": {"type": "LineString", "coordinates": [[24.867064, 36.05752], [24.865564, 36.05752]]}, "properties": {"name": "N Agisilaou St 4200 4298"}}, {"type": "Feature", "geometry": {"type": "LineString", "coordinates": [[24.865664, 36.05572], [24.865564, 36.05662]]}, "properties": {"name": "N Nia Ave 1200 1298"}}, {"type": "Feature", "geometry": {"type": "LineString", "coordinates": [[24.867064, 36.05662], [24.865564, 36.05662]]}, "properties": {"name": "N Agiasou St 4200 4298"}}, {"type": "Feature", "geometry": {"type": "LineString", "coordinates": [[24.865664, 36.05472], [24.865664, 36.05572]]}, "properties": {"name": "N Nia Ave 1100 1198"}}, {"type": "Feature", "geometry": {"type": "LineString", "coordinates": [[24.867064, 36.05572], [24.865664, 36.05572]]}, "properties": {"name": "N Agentes St 4200 4298"}}, {"type": "Feature", "geometry": {"type": "LineString", "coordinates": [[24.864164, 36.05382], [24.864064, 36.05472]]}, "properties": {"name": "N Spetson St 1000 1098"}}, {"type": "Feature", "geometry": {"type": "LineString", "coordinates": [[24.865664, 36.05472], [24.864064, 36.05472]]}, "properties": {"name": "N Achilleos St 4300 4398"}}, {"type": "Feature", "geometry": {"type": "LineString", "coordinates": [[24.864064, 36.05292], [24.864164, 36.05382]]}, "properties": {"name": "N Spetson St 900 998"}}, {"type": "Feature", "geometry": {"type": "LineString", "coordinates": [[24.865564, 36.05382], [24.864164, 36.05382]]}, "properties": {"name": "N Acera St 4300 4398"}}, {"type": "Feature", "geometry": {"type": "LineString", "coordinates": [[24.865564, 36.05282], [24.864064, 36.05292]]}, "properties": {"name": "N Ermou St 4350 4398"}}, {"type": "Feature", "geometry": {"type": "LineString", "coordinates": [[24.864164, 36.05192], [24.864064, 36.05292]]}, "properties": {"name": "N Spetson St 800 898"}}, {"type": "Feature", "geometry": {"type": "LineString", "coordinates": [[24.865564, 36.05382], [24.865664, 36.05472]]}, "properties": {"name": "N Nia Ave 1000 1098"}}, {"type": "Feature", "geometry": {"type": "LineString", "coordinates": [[24.867064, 36.05472], [24.865664, 36.05472]]}, "properties": {"name": "N Achilleos St 4200 4298"}}, {"type": "Feature", "geometry": {"type": "LineString", "coordinates": [[24.865564, 36.05282], [24.865564, 36.05382]]}, "properties": {"name": "N Nia Ave 900 998"}}, {"type": "Feature", "geometry": {"type": "LineString", "coordinates": [[24.867064, 36.05382], [24.865564, 36.05382]]}, "properties": {"name": "N Acera St 4200 4298"}}, {"type": "Feature", "geometry": {"type": "LineString", "coordinates": [[24.865964, 36.05282], [24.865564, 36.05282]]}, "properties": {"name": "N Ermou St 4300 4348"}}, {"type": "Feature", "geometry": {"type": "LineString", "coordinates": [[24.867164, 36.05282], [24.865964, 36.05282]]}, "properties": {"name": "N Ermou St 3914 4298"}}, {"type": "Feature", "geometry": {"type": "LineString", "coordinates": [[24.865964, 36.05192], [24.865964, 36.05282]]}, "properties": {"name": "N Nia Ave 800 898"}}, {"type": "Feature", "geometry": {"type": "LineString", "coordinates": [[24.867064, 36.05752], [24.867064, 36.05842]]}, "properties": {"name": "N Tavla St 1400 1498"}}, {"type": "Feature", "geometry": {"type": "LineString", "coordinates": [[24.867064, 36.05662], [24.867064, 36.05752]]}, "properties": {"name": "N Tavla St 1300 1398"}}, {"type": "Feature", "geometry": {"type": "LineString", "coordinates": [[24.868564, 36.05752], [24.867064, 36.05752]]}, "properties": {"name": "N Agisilaou St 4100 4198"}}, {"type": "Feature", "geometry": {"type": "LineString", "coordinates": [[24.867064, 36.05572], [24.867064, 36.05662]]}, "properties": {"name": "N Tavla St 1200 1298"}}, {"type": "Feature", "geometry": {"type": "LineString", "coordinates": [[24.868564, 36.05662], [24.867064, 36.05662]]}, "properties": {"name": "N Agiasou St 4100 4198"}}, {"type": "Feature", "geometry": {"type": "LineString", "coordinates": [[24.868564, 36.05572], [24.867064, 36.05572]]}, "properties": {"name": "N Agentes St 4100 4198"}}, {"type": "Feature", "geometry": {"type": "LineString", "coordinates": [[24.867064, 36.05472], [24.867064, 36.05572]]}, "properties": {"name": "N Tavla St 1100 1198"}}, {"type": "Feature", "geometry": {"type": "LineString", "coordinates": [[24.868572, 36.05844], [24.867064, 36.05842]]}, "properties": {"name": "N Alamanas St 4100 4198"}}, {"type": "Feature", "geometry": {"type": "LineString", "coordinates": [[24.868564, 36.05752], [24.868572, 36.05844]]}, "properties": {"name": "N Oddisseos St 1400 1498"}}, {"type": "Feature", "geometry": {"type": "LineString", "coordinates": [[24.869959, 36.058456], [24.868572, 36.05844]]}, "properties": {"name": "N Alamanas St 4000 4098"}}, {"type": "Feature", "geometry": {"type": "LineString", "coordinates": [[24.868564, 36.05662], [24.868564, 36.05752]]}, "properties": {"name": "N Oddisseos St 1300 1398"}}, {"type": "Feature", "geometry": {"type": "LineString", "coordinates": [[24.869964, 36.05752], [24.868564, 36.05752]]}, "properties": {"name": "N Agisilaou St 4000 4098"}}, {"type": "Feature", "geometry": {"type": "LineString", "coordinates": [[24.868564, 36.05572], [24.868564, 36.05662]]}, "properties": {"name": "N Oddisseos St 1200 1298"}}, {"type": "Feature", "geometry": {"type": "LineString", "coordinates": [[24.869964, 36.05662], [24.868564, 36.05662]]}, "properties": {"name": "N Agiasou St 4000 4098"}}, {"type": "Feature", "geometry": {"type": "LineString", "coordinates": [[24.868564, 36.05472], [24.868564, 36.05572]]}, "properties": {"name": "N Oddisseos St 1100 1198"}}, {"type": "Feature", "geometry": {"type": "LineString", "coordinates": [[24.869964, 36.05572], [24.868564, 36.05572]]}, "properties": {"name": "N Agentes St 4000 4098"}}, {"type": "Feature", "geometry": {"type": "LineString", "coordinates": [[24.867064, 36.05382], [24.867064, 36.05472]]}, "properties": {"name": "N Tavla St 1000 1098"}}, {"type": "Feature", "geometry": {"type": "LineString", "coordinates": [[24.868564, 36.05472], [24.867064, 36.05472]]}, "properties": {"name": "N Achilleos St 4100 4198"}}, {"type": "Feature", "geometry": {"type": "LineString", "coordinates": [[24.867164, 36.05282], [24.867064, 36.05382]]}, "properties": {"name": "N Tavla St 900 998"}}, {"type": "Feature", "geometry": {"type": "LineString", "coordinates": [[24.868564, 36.05382], [24.867064, 36.05382]]}, "properties": {"name": "N Acera St 4100 4198"}}, {"type": "Feature", "geometry": {"type": "LineString", "coordinates": [[24.868564, 36.05282], [24.867164, 36.05282]]}, "properties": {"name": "N Ermou St"}}, {"type": "Feature", "geometry": {"type": "LineString", "coordinates": [[24.868564, 36.05382], [24.868564, 36.05472]]}, "properties": {"name": "N Oddisseos St 1000 1098"}}, {"type": "Feature", "geometry": {"type": "LineString", "coordinates": [[24.869964, 36.05472], [24.868564, 36.05472]]}, "properties": {"name": "N Achilleos St 4000 4098"}}, {"type": "Feature", "geometry": {"type": "LineString", "coordinates": [[24.868564, 36.05282], [24.868564, 36.05382]]}, "properties": {"name": "N Oddisseos St 900 998"}}, {"type": "Feature", "geometry": {"type": "LineString", "coordinates": [[24.869964, 36.05382], [24.868564, 36.05382]]}, "properties": {"name": "N Acera St 4000 4098"}}, {"type": "Feature", "geometry": {"type": "LineString", "coordinates": [[24.869964, 36.05282], [24.868564, 36.05282]]}, "properties": {"name": "N Ermou St"}}, {"type": "Feature", "geometry": {"type": "LineString", "coordinates": [[24.869964, 36.06392], [24.869964, 36.06482]]}, "properties": {"name": "N Mikonou St 2400 2498"}}, {"type": "Feature", "geometry": {"type": "LineString", "coordinates": [[24.871464, 36.06482], [24.869964, 36.06482]]}, "properties": {"name": "N Arbete St 3900 3998"}}, {"type": "Feature", "geometry": {"type": "LineString", "coordinates": [[24.869964, 36.06392], [24.86857, 36.063929]]}, "properties": {"name": "N Antoniadou St 4000 4098"}}, {"type": "Feature", "geometry": {"type": "LineString", "coordinates": [[24.870064, 36.06292], [24.869964, 36.06392]]}, "properties": {"name": "N Mikonou St 2200 2398"}}, {"type": "Feature", "geometry": {"type": "LineString", "coordinates": [[24.871464, 36.06382], [24.869964, 36.06392]]}, "properties": {"name": "N Antoniadou St 3900 3998"}}, {"type": "Feature", "geometry": {"type": "LineString", "coordinates": [[24.871464, 36.06292], [24.870064, 36.06292]]}, "properties": {"name": "N Anntigonou St 3900 3998"}}, {"type": "Feature", "geometry": {"type": "LineString", "coordinates": [[24.869975, 36.061999], [24.870064, 36.06292]]}, "properties": {"name": "N Mikonou St 2100 2198"}}, {"type": "Feature", "geometry": {"type": "LineString", "coordinates": [[24.871464, 36.06382], [24.871464, 36.06482]]}, "properties": {"name": "N Polvo St 2400 2498"}}, {"type": "Feature", "geometry": {"type": "LineString", "coordinates": [[24.873264, 36.06452], [24.871464, 36.06482]]}, "properties": {"name": "N Arbete St 3800 3898"}}, {"type": "Feature", "geometry": {"type": "LineString", "coordinates": [[24.873164, 36.06362], [24.871464, 36.06382]]}, "properties": {"name": "N Antoniadou St 3800 3898"}}, {"type": "Feature", "geometry": {"type": "LineString", "coordinates": [[24.871428, 36.062045], [24.871464, 36.06292]]}, "properties": {"name": "N Polvo St 2100 2198"}}, {"type": "Feature", "geometry": {"type": "LineString", "coordinates": [[24.873051, 36.062864], [24.871464, 36.06292]]}, "properties": {"name": "N Anntigonou St 3800 3898"}}, {"type": "Feature", "geometry": {"type": "LineString", "coordinates": [[24.869964, 36.06122], [24.869975, 36.061999]]}, "properties": {"name": "N Mikonou St 1900 2098"}}, {"type": "Feature", "geometry": {"type": "LineString", "coordinates": [[24.871428, 36.062045], [24.869975, 36.061999]]}, "properties": {"name": "N Androutsou St 3900 3998"}}, {"type": "Feature", "geometry": {"type": "LineString", "coordinates": [[24.869966, 36.060331], [24.869964, 36.06122]]}, "properties": {"name": "N Mikonou St 1800 1898"}}, {"type": "Feature", "geometry": {"type": "LineString", "coordinates": [[24.871419, 36.061234], [24.869964, 36.06122]]}, "properties": {"name": "N Amfitris St 3900 3998"}}, {"type": "Feature", "geometry": {"type": "LineString", "coordinates": [[24.869964, 36.05942], [24.869966, 36.060331]]}, "properties": {"name": "N Mikonou St 1600 1798"}}, {"type": "Feature", "geometry": {"type": "LineString", "coordinates": [[24.871347, 36.059427], [24.869964, 36.05942]]}, "properties": {"name": "N Alexandrias St 3900 3998"}}, {"type": "Feature", "geometry": {"type": "LineString", "coordinates": [[24.869959, 36.058456], [24.869964, 36.05942]]}, "properties": {"name": "N Mikonou St 1500 1598"}}, {"type": "Feature", "geometry": {"type": "LineString", "coordinates": [[24.871419, 36.061234], [24.871428, 36.062045]]}, "properties": {"name": "N Polvo St 1900 2098"}}, {"type": "Feature", "geometry": {"type": "LineString", "coordinates": [[24.872983, 36.062018], [24.871428, 36.062045]]}, "properties": {"name": "N Androutsou St 3800 3898"}}, {"type": "Feature", "geometry": {"type": "LineString", "coordinates": [[24.871369, 36.06033], [24.871419, 36.061234]]}, "properties": {"name": "N Polvo St 1800 1898"}}, {"type": "Feature", "geometry": {"type": "LineString", "coordinates": [[24.872964, 36.06122], [24.871419, 36.061234]]}, "properties": {"name": "N Amfitris St 3800 3898"}}, {"type": "Feature", "geometry": {"type": "LineString", "coordinates": [[24.871369, 36.06033], [24.869966, 36.060331]]}, "properties": {"name": "N Alm St 3900 3998"}}, {"type": "Feature", "geometry": {"type": "LineString", "coordinates": [[24.871347, 36.059427], [24.871369, 36.06033]]}, "properties": {"name": "N Polvo St 1600 1798"}}, {"type": "Feature", "geometry": {"type": "LineString", "coordinates": [[24.872964, 36.06032], [24.871369, 36.06033]]}, "properties": {"name": "N Alm St 3800 3898"}}, {"type": "Feature", "geometry": {"type": "LineString", "coordinates": [[24.872964, 36.05942], [24.871347, 36.059427]]}, "properties": {"name": "N Alexandrias St 3800 3898"}}, {"type": "Feature", "geometry": {"type": "LineString", "coordinates": [[24.871369, 36.058494], [24.871347, 36.059427]]}, "properties": {"name": "N Polvo St 1500 1598"}}, {"type": "Feature", "geometry": {"type": "LineString", "coordinates": [[24.873051, 36.062864], [24.873164, 36.06362]]}, "properties": {"name": "N Estos St 2200 2398"}}, {"type": "Feature", "geometry": {"type": "LineString", "coordinates": [[24.874764, 36.06362], [24.873164, 36.06362]]}, "properties": {"name": "N Antoniadou St 3700 3798"}}, {"type": "Feature", "geometry": {"type": "LineString", "coordinates": [[24.873164, 36.06362], [24.873264, 36.06452]]}, "properties": {"name": "N Estos St 2400 2498"}}, {"type": "Feature", "geometry": {"type": "LineString", "coordinates": [[24.874697, 36.064527], [24.873264, 36.06452]]}, "properties": {"name": "N Arbete St 3700 3798"}}, {"type": "Feature", "geometry": {"type": "LineString", "coordinates": [[24.874674, 36.062864], [24.873051, 36.062864]]}, "properties": {"name": "N Anntigonou St 3700 3798"}}, {"type": "Feature", "geometry": {"type": "LineString", "coordinates": [[24.872983, 36.062018], [24.873051, 36.062864]]}, "properties": {"name": "N Estos St 2100 2198"}}, {"type": "Feature", "geometry": {"type": "LineString", "coordinates": [[24.874674, 36.062864], [24.874764, 36.06362]]}, "properties": {"name": "N Utmana St 2200 2398"}}, {"type": "Feature", "geometry": {"type": "LineString", "coordinates": [[24.874764, 36.06362], [24.874697, 36.064527]]}, "properties": {"name": "N Utmana St 2400 2498"}}, {"type": "Feature", "geometry": {"type": "LineString", "coordinates": [[24.876364, 36.06452], [24.874697, 36.064527]]}, "properties": {"name": "N Arbete St 3600 3698"}}, {"type": "Feature", "geometry": {"type": "LineString", "coordinates": [[24.874649, 36.062008], [24.872983, 36.062018]]}, "properties": {"name": "N Androutsou St 3700 3798"}}, {"type": "Feature", "geometry": {"type": "LineString", "coordinates": [[24.874564, 36.06122], [24.874649, 36.062008]]}, "properties": {"name": "N Utmana St 1900 2098"}}, {"type": "Feature", "geometry": {"type": "LineString", "coordinates": [[24.876356, 36.061991], [24.874649, 36.062008]]}, "properties": {"name": "N Androutsou St 3600 3698"}}, {"type": "Feature", "geometry": {"type": "LineString", "coordinates": [[24.874649, 36.062008], [24.874674, 36.062864]]}, "properties": {"name": "N Utmana St 2100 2198"}}, {"type": "Feature", "geometry": {"type": "LineString", "coordinates": [[24.872964, 36.06122], [24.872983, 36.062018]]}, "properties": {"name": "N Estos St 1900 2098"}}, {"type": "Feature", "geometry": {"type": "LineString", "coordinates": [[24.872964, 36.06032], [24.872964, 36.06122]]}, "properties": {"name": "N Estos St 1800 1898"}}, {"type": "Feature", "geometry": {"type": "LineString", "coordinates": [[24.874564, 36.06122], [24.872964, 36.06122]]}, "properties": {"name": "N Amfitris St 3700 3798"}}, {"type": "Feature", "geometry": {"type": "LineString", "coordinates": [[24.872964, 36.05942], [24.872964, 36.06032]]}, "properties": {"name": "N Estos St 1600 1798"}}, {"type": "Feature", "geometry": {"type": "LineString", "coordinates": [[24.874564, 36.06032], [24.872964, 36.06032]]}, "properties": {"name": "N Alm St 3700 3798"}}, {"type": "Feature", "geometry": {"type": "LineString", "coordinates": [[24.874464, 36.05942], [24.872964, 36.05942]]}, "properties": {"name": "N Alexandrias St 3700 3798"}}, {"type": "Feature", "geometry": {"type": "LineString", "coordinates": [[24.872964, 36.05852], [24.872964, 36.05942]]}, "properties": {"name": "N Estos St 1500 1598"}}, {"type": "Feature", "geometry": {"type": "LineString", "coordinates": [[24.874564, 36.06032], [24.874564, 36.06122]]}, "properties": {"name": "N Utmana St 1800 1898"}}, {"type": "Feature", "geometry": {"type": "LineString", "coordinates": [[24.876164, 36.06122], [24.874564, 36.06122]]}, "properties": {"name": "N Amfitris St 3600 3698"}}, {"type": "Feature", "geometry": {"type": "LineString", "coordinates": [[24.874464, 36.05942], [24.874564, 36.06032]]}, "properties": {"name": "N Utmana St 1600 1798"}}, {"type": "Feature", "geometry": {"type": "LineString", "coordinates": [[24.876164, 36.06032], [24.874564, 36.06032]]}, "properties": {"name": "N Alm St 3600 3698"}}, {"type": "Feature", "geometry": {"type": "LineString", "coordinates": [[24.874464, 36.05852], [24.874464, 36.05942]]}, "properties": {"name": "N Utmana St 1500 1598"}}, {"type": "Feature", "geometry": {"type": "LineString", "coordinates": [[24.876164, 36.05942], [24.874464, 36.05942]]}, "properties": {"name": "N Alexandrias St 3600 3698"}}, {"type": "Feature", "geometry": {"type": "LineString", "coordinates": [[24.869964, 36.05752], [24.869959, 36.058456]]}, "properties": {"name": "N Mikonou St 1400 1498"}}, {"type": "Feature", "geometry": {"type": "LineString", "coordinates": [[24.869964, 36.05662], [24.869964, 36.05752]]}, "properties": {"name": "N Mikonou St 1300 1398"}}, {"type": "Feature", "geometry": {"type": "LineString", "coordinates": [[24.871364, 36.05752], [24.869964, 36.05752]]}, "properties": {"name": "N Agisilaou St 3900 3998"}}, {"type": "Feature", "geometry": {"type": "LineString", "coordinates": [[24.869964, 36.05572], [24.869964, 36.05662]]}, "properties": {"name": "N Mikonou St 1200 1298"}}, {"type": "Feature", "geometry": {"type": "LineString", "coordinates": [[24.871364, 36.05662], [24.869964, 36.05662]]}, "properties": {"name": "N Agiasou St 3900 3998"}}, {"type": "Feature", "geometry": {"type": "LineString", "coordinates": [[24.871444, 36.055739], [24.869964, 36.05572]]}, "properties": {"name": "N Agentes St 3900 3998"}}, {"type": "Feature", "geometry": {"type": "LineString", "coordinates": [[24.869964, 36.05472], [24.869964, 36.05572]]}, "properties": {"name": "N Mikonou St 1100 1198"}}, {"type": "Feature", "geometry": {"type": "LineString", "coordinates": [[24.871369, 36.058494], [24.869959, 36.058456]]}, "properties": {"name": "N Alamanas St 3900 3998"}}, {"type": "Feature", "geometry": {"type": "LineString", "coordinates": [[24.871364, 36.05752], [24.871369, 36.058494]]}, "properties": {"name": "N Polvo St 1400 1498"}}, {"type": "Feature", "geometry": {"type": "LineString", "coordinates": [[24.872964, 36.05852], [24.871369, 36.058494]]}, "properties": {"name": "N Alamanas St 3800 3898"}}, {"type": "Feature", "geometry": {"type": "LineString", "coordinates": [[24.871364, 36.05662], [24.871364, 36.05752]]}, "properties": {"name": "N Polvo St 1300 1398"}}, {"type": "Feature", "geometry": {"type": "LineString", "coordinates": [[24.872964, 36.05752], [24.871364, 36.05752]]}, "properties": {"name": "N Agisilaou St 3800 3898"}}, {"type": "Feature", "geometry": {"type": "LineString", "coordinates": [[24.871444, 36.055739], [24.871364, 36.05662]]}, "properties": {"name": "N Polvo St 1200 1298"}}, {"type": "Feature", "geometry": {"type": "LineString", "coordinates": [[24.871427, 36.054738], [24.871444, 36.055739]]}, "properties": {"name": "N Polvo St 1100 1198"}}, {"type": "Feature", "geometry": {"type": "LineString", "coordinates": [[24.869964, 36.05382], [24.869964, 36.05472]]}, "properties": {"name": "N Mikonou St 1000 1098"}}, {"type": "Feature", "geometry": {"type": "LineString", "coordinates": [[24.871427, 36.054738], [24.869964, 36.05472]]}, "properties": {"name": "N Achilleos St 3900 3998"}}, {"type": "Feature", "geometry": {"type": "LineString", "coordinates": [[24.869964, 36.05282], [24.869964, 36.05382]]}, "properties": {"name": "N Mikonou St 900 998"}}, {"type": "Feature", "geometry": {"type": "LineString", "coordinates": [[24.871374, 36.053808], [24.869964, 36.05382]]}, "properties": {"name": "N Acera St 3900 3998"}}, {"type": "Feature", "geometry": {"type": "LineString", "coordinates": [[24.871374, 36.053808], [24.871427, 36.054738]]}, "properties": {"name": "N Polvo St 1000 1098"}}, {"type": "Feature", "geometry": {"type": "LineString", "coordinates": [[24.872964, 36.05472], [24.871427, 36.054738]]}, "properties": {"name": "N Achilleos St 3800 3898"}}, {"type": "Feature", "geometry": {"type": "LineString", "coordinates": [[24.871409, 36.052879], [24.871374, 36.053808]]}, "properties": {"name": "N Polvo St 900 998"}}, {"type": "Feature", "geometry": {"type": "LineString", "coordinates": [[24.872964, 36.05382], [24.871374, 36.053808]]}, "properties": {"name": "N Acera St 3800 3898"}}, {"type": "Feature", "geometry": {"type": "LineString", "coordinates": [[24.871409, 36.052879], [24.869964, 36.05282]]}, "properties": {"name": "N Ermou St 3900 3910"}}, {"type": "Feature", "geometry": {"type": "LineString", "coordinates": [[24.872955, 36.05289], [24.871409, 36.052879]]}, "properties": {"name": "N Ermou St 3816 3898"}}, {"type": "Feature", "geometry": {"type": "LineString", "coordinates": [[24.871374, 36.051901], [24.871409, 36.052879]]}, "properties": {"name": "N Polvo St 800 898"}}, {"type": "Feature", "geometry": {"type": "LineString", "coordinates": [[24.872964, 36.05752], [24.872964, 36.05852]]}, "properties": {"name": "N Estos St 1400 1498"}}, {"type": "Feature", "geometry": {"type": "LineString", "coordinates": [[24.874464, 36.05852], [24.872964, 36.05852]]}, "properties": {"name": "N Alamanas St 3700 3798"}}, {"type": "Feature", "geometry": {"type": "LineString", "coordinates": [[24.872969, 36.056641], [24.872964, 36.05752]]}, "properties": {"name": "N Estos St 1300 1398"}}, {"type": "Feature", "geometry": {"type": "LineString", "coordinates": [[24.874564, 36.05752], [24.872964, 36.05752]]}, "properties": {"name": "N Agisilaou St 3700 3798"}}, {"type": "Feature", "geometry": {"type": "LineString", "coordinates": [[24.872969, 36.056641], [24.871364, 36.05662]]}, "properties": {"name": "N Agiasou St 3800 3898"}}, {"type": "Feature", "geometry": {"type": "LineString", "coordinates": [[24.872964, 36.05572], [24.872969, 36.056641]]}, "properties": {"name": "N Estos St 1200 1298"}}, {"type": "Feature", "geometry": {"type": "LineString", "coordinates": [[24.874553, 36.056633], [24.872969, 36.056641]]}, "properties": {"name": "N Agiasou St 3700 3798"}}, {"type": "Feature", "geometry": {"type": "LineString", "coordinates": [[24.872964, 36.05572], [24.871444, 36.055739]]}, "properties": {"name": "N Agentes St 3800 3898"}}, {"type": "Feature", "geometry": {"type": "LineString", "coordinates": [[24.874564, 36.05572], [24.872964, 36.05572]]}, "properties": {"name": "N Agentes St 3700 3798"}}, {"type": "Feature", "geometry": {"type": "LineString", "coordinates": [[24.872964, 36.05472], [24.872964, 36.05572]]}, "properties": {"name": "N Estos St 1100 1198"}}, {"type": "Feature", "geometry": {"type": "LineString", "coordinates": [[24.874564, 36.05752], [24.874464, 36.05852]]}, "properties": {"name": "N Utmana St 1400 1498"}}, {"type": "Feature", "geometry": {"type": "LineString", "coordinates": [[24.876164, 36.05852], [24.874464, 36.05852]]}, "properties": {"name": "N Alamanas St 3600 3698"}}, {"type": "Feature", "geometry": {"type": "LineString", "coordinates": [[24.874553, 36.056633], [24.874564, 36.05752]]}, "properties": {"name": "N Utmana St 1300 1398"}}, {"type": "Feature", "geometry": {"type": "LineString", "coordinates": [[24.876149, 36.057517], [24.874564, 36.05752]]}, "properties": {"name": "N Agisilaou St 3600 3698"}}, {"type": "Feature", "geometry": {"type": "LineString", "coordinates": [[24.874564, 36.05572], [24.874553, 36.056633]]}, "properties": {"name": "N Utmana St 1200 1298"}}, {"type": "Feature", "geometry": {"type": "LineString", "coordinates": [[24.876164, 36.05662], [24.874553, 36.056633]]}, "properties": {"name": "N Agiasou St 3600 3698"}}, {"type": "Feature", "geometry": {"type": "LineString", "coordinates": [[24.874565, 36.05472], [24.874564, 36.05572]]}, "properties": {"name": "N Utmana St 1100 1198"}}, {"type": "Feature", "geometry": {"type": "LineString", "coordinates": [[24.87616, 36.055704], [24.874564, 36.05572]]}, "properties": {"name": "N Agentes St 3600 3698"}}, {"type": "Feature", "geometry": {"type": "LineString", "coordinates": [[24.872964, 36.05382], [24.872964, 36.05472]]}, "properties": {"name": "N Estos St 1000 1098"}}, {"type": "Feature", "geometry": {"type": "LineString", "coordinates": [[24.874565, 36.05472], [24.872964, 36.05472]]}, "properties": {"name": "N Achilleos St 3700 3798"}}, {"type": "Feature", "geometry": {"type": "LineString", "coordinates": [[24.872955, 36.05289], [24.872964, 36.05382]]}, "properties": {"name": "N Estos St 900 998"}}, {"type": "Feature", "geometry": {"type": "LineString", "coordinates": [[24.874565, 36.05382], [24.872964, 36.05382]]}, "properties": {"name": "N Acera St 3700 3798"}}, {"type": "Feature", "geometry": {"type": "LineString", "coordinates": [[24.873763, 36.052855], [24.872955, 36.05289]]}, "properties": {"name": "N Ermou St 3800 3814"}}, {"type": "Feature", "geometry": {"type": "LineString", "coordinates": [[24.873765, 36.05192], [24.873763, 36.052855]]}, "properties": {"name": "N Estos St 800 898"}}, {"type": "Feature", "geometry": {"type": "LineString", "coordinates": [[24.874565, 36.05382], [24.874565, 36.05472]]}, "properties": {"name": "N Utmana St 1000 1098"}}, {"type": "Feature", "geometry": {"type": "LineString", "coordinates": [[24.876165, 36.05472], [24.874565, 36.05472]]}, "properties": {"name": "N Achilleos St 3600 3698"}}, {"type": "Feature", "geometry": {"type": "LineString", "coordinates": [[24.874589, 36.052855], [24.874565, 36.05382]]}, "properties": {"name": "N Utmana St 900 998"}}, {"type": "Feature", "geometry": {"type": "LineString", "coordinates": [[24.874589, 36.052855], [24.873763, 36.052855]]}, "properties": {"name": "N Ermou St 3712 3798"}}, {"type": "Feature", "geometry": {"type": "LineString", "coordinates": [[24.875165, 36.05282], [24.874589, 36.052855]]}, "properties": {"name": "N Ermou St 3700 3710"}}, {"type": "Feature", "geometry": {"type": "LineString", "coordinates": [[24.875165, 36.05192], [24.875165, 36.05282]]}, "properties": {"name": "N Utmana St 822 898"}}, {"type": "Feature", "geometry": {"type": "LineString", "coordinates": [[24.876164, 36.07522], [24.876164, 36.07612], [24.876164, 36.07712]]}, "properties": {"name": "N Taxiarchon Ave 3600 3798"}}, {"type": "Feature", "geometry": {"type": "LineString", "coordinates": [[24.877664, 36.07512], [24.876164, 36.07522]]}, "properties": {"name": "N Berlau St 3500 3598"}}, {"type": "Feature", "geometry": {"type": "LineString", "coordinates": [[24.876164, 36.07422], [24.876164, 36.07522]]}, "properties": {"name": "N Taxiarchon Ave 3500 3598"}}, {"type": "Feature", "geometry": {"type": "LineString", "coordinates": [[24.877664, 36.07512], [24.877664, 36.07572]]}, "properties": {"name": "N Profitou Ilia Ave 3600 3648"}}, {"type": "Feature", "geometry": {"type": "LineString", "coordinates": [[24.877764, 36.07392], [24.877664, 36.07512]]}, "properties": {"name": "N Profitou Ilia Ave 3500 3598"}}, {"type": "Feature", "geometry": {"type": "LineString", "coordinates": [[24.879364, 36.07592], [24.878464, 36.07592]]}, "properties": {"name": "N Bilar St 3400 3448"}}, {"type": "Feature", "geometry": {"type": "LineString", "coordinates": [[24.876164, 36.07332], [24.876164, 36.07422]]}, "properties": {"name": "N Taxiarchon Ave 3400 3498"}}, {"type": "Feature", "geometry": {"type": "LineString", "coordinates": [[24.877764, 36.07392], [24.876164, 36.07422]]}, "properties": {"name": "N Barwyn St 3500 3598"}}, {"type": "Feature", "geometry": {"type": "LineString", "coordinates": [[24.876264, 36.07242], [24.876164, 36.07332]]}, "properties": {"name": "N Taxiarchon Ave 3300 3398"}}, {"type": "Feature", "geometry": {"type": "LineString", "coordinates": [[24.879464, 36.07392], [24.877764, 36.07392]]}, "properties": {"name": "N Barwyn St 3400 3498"}}, {"type": "Feature", "geometry": {"type": "LineString", "coordinates": [[24.877664, 36.07302], [24.877864, 36.07352], [24.877764, 36.07392]]}, "properties": {"name": "N Profitou Ilia Ave 3400 3498"}}, {"type": "Feature", "geometry": {"type": "LineString", "coordinates": [[24.877764, 36.07272], [24.877664, 36.07302]]}, "properties": {"name": "N Profitou Ilia Ave 3316 3398"}}, {"type": "Feature", "geometry": {"type": "LineString", "coordinates": [[24.878564, 36.07302], [24.877664, 36.07302]]}, "properties": {"name": "N Barabla St 3400 3498"}}, {"type": "Feature", "geometry": {"type": "LineString", "coordinates": [[24.879364, 36.07522], [24.879364, 36.07592]]}, "properties": {"name": "N Utanfor St 3600 3698"}}, {"type": "Feature", "geometry": {"type": "LineString", "coordinates": [[24.879364, 36.07522], [24.877664, 36.07512]]}, "properties": {"name": "N Berlau St 3400 3498"}}, {"type": "Feature", "geometry": {"type": "LineString", "coordinates": [[24.880864, 36.07512], [24.879364, 36.07522]]}, "properties": {"name": "N Berlau St 3300 3398"}}, {"type": "Feature", "geometry": {"type": "LineString", "coordinates": [[24.879464, 36.07392], [24.879364, 36.07522]]}, "properties": {"name": "N Utanfor St 3500 3598"}}, {"type": "Feature", "geometry": {"type": "LineString", "coordinates": [[24.881264, 36.07362], [24.881185, 36.073918]]}, "properties": {"name": "N Mattadou St 3500 3548"}}, {"type": "Feature", "geometry": {"type": "LineString", "coordinates": [[24.880264, 36.07392], [24.879464, 36.07392]]}, "properties": {"name": "N Barwyn St 3300 3398"}}, {"type": "Feature", "geometry": {"type": "LineString", "coordinates": [[24.881185, 36.073918], [24.880864, 36.07512]]}, "properties": {"name": "N Mattadou St 3550 3598"}}, {"type": "Feature", "geometry": {"type": "LineString", "coordinates": [[24.876184, 36.069264], [24.876264, 36.06972]]}, "properties": {"name": "N Taxiarchon Ave 3000 3018"}}, {"type": "Feature", "geometry": {"type": "LineString", "coordinates": [[24.876184, 36.069264], [24.874664, 36.06922]]}, "properties": {"name": "N Aveny St 3600 3698"}}, {"type": "Feature", "geometry": {"type": "LineString", "coordinates": [[24.876264, 36.06832], [24.876184, 36.069264]]}, "properties": {"name": "N Taxiarchon Ave 2900 2998"}}, {"type": "Feature", "geometry": {"type": "LineString", "coordinates": [[24.877864, 36.06912], [24.877664, 36.06992]]}, "properties": {"name": "N Profitou Ilia Ave 3000 3098"}}, {"type": "Feature", "geometry": {"type": "LineString", "coordinates": [[24.877864, 36.06822], [24.877864, 36.06912]]}, "properties": {"name": "N Profitou Ilia Ave 2900 2998"}}, {"type": "Feature", "geometry": {"type": "LineString", "coordinates": [[24.879564, 36.06912], [24.877864, 36.06912]]}, "properties": {"name": "N Aveny St 3400 3498"}}, {"type": "Feature", "geometry": {"type": "LineString", "coordinates": [[24.876308, 36.067321], [24.876264, 36.06832]]}, "properties": {"name": "N Taxiarchon Ave 2800 2898"}}, {"type": "Feature", "geometry": {"type": "LineString", "coordinates": [[24.876364, 36.06642], [24.876308, 36.067321]]}, "properties": {"name": "N Taxiarchon Ave 2700 2798"}}, {"type": "Feature", "geometry": {"type": "LineString", "coordinates": [[24.87639, 36.065517], [24.876364, 36.06642]]}, "properties": {"name": "N Taxiarchon Ave 2600 2698"}}, {"type": "Feature", "geometry": {"type": "LineString", "coordinates": [[24.87639, 36.065517], [24.874684, 36.065494]]}, "properties": {"name": "N Arkadiou St 3600 3698"}}, {"type": "Feature", "geometry": {"type": "LineString", "coordinates": [[24.876364, 36.06452], [24.87639, 36.065517]]}, "properties": {"name": "N Taxiarchon Ave 2500 2598"}}, {"type": "Feature", "geometry": {"type": "LineString", "coordinates": [[24.877883, 36.067293], [24.877864, 36.06822]]}, "properties": {"name": "N Profitou Ilia Ave 2800 2898"}}, {"type": "Feature", "geometry": {"type": "LineString", "coordinates": [[24.879464, 36.06822], [24.877864, 36.06822]]}, "properties": {"name": "N Asiant St 3400 3498"}}, {"type": "Feature", "geometry": {"type": "LineString", "coordinates": [[24.877964, 36.06642], [24.877883, 36.067293]]}, "properties": {"name": "N Profitou Ilia Ave 2700 2798"}}, {"type": "Feature", "geometry": {"type": "LineString", "coordinates": [[24.877938, 36.065517], [24.877964, 36.06642]]}, "properties": {"name": "N Profitou Ilia Ave 2600 2698"}}, {"type": "Feature", "geometry": {"type": "LineString", "coordinates": [[24.879464, 36.06642], [24.877964, 36.06642]]}, "properties": {"name": "N Arkadou St 3400 3498"}}, {"type": "Feature", "geometry": {"type": "LineString", "coordinates": [[24.877764, 36.06452], [24.877938, 36.065517]]}, "properties": {"name": "N Profitou Ilia Ave 2500 2598"}}, {"type": "Feature", "geometry": {"type": "LineString", "coordinates": [[24.879564, 36.07012], [24.879064, 36.07012]]}, "properties": {"name": "N Averof St 3400 3498"}}, {"type": "Feature", "geometry": {"type": "LineString", "coordinates": [[24.879564, 36.06912], [24.879564, 36.07012]]}, "properties": {"name": "N Utanfor St 3000 3108"}}, {"type": "Feature", "geometry": {"type": "LineString", "coordinates": [[24.880864, 36.07002], [24.879564, 36.07012]]}, "properties": {"name": "N Averof St 3300 3398"}}, {"type": "Feature", "geometry": {"type": "LineString", "coordinates": [[24.879464, 36.06822], [24.879564, 36.06912]]}, "properties": {"name": "N Utanfor St 2900 2998"}}, {"type": "Feature", "geometry": {"type": "LineString", "coordinates": [[24.882664, 36.07112], [24.880964, 36.07112]]}, "properties": {"name": "N Avionos St 3200 3298"}}, {"type": "Feature", "geometry": {"type": "LineString", "coordinates": [[24.880864, 36.06922], [24.880864, 36.07002]]}, "properties": {"name": "N Mattadou St 3000 3098"}}, {"type": "Feature", "geometry": {"type": "LineString", "coordinates": [[24.882564, 36.07002], [24.880864, 36.07002]]}, "properties": {"name": "N Averof St 3200 3298"}}, {"type": "Feature", "geometry": {"type": "LineString", "coordinates": [[24.880864, 36.06922], [24.879564, 36.06912]]}, "properties": {"name": "N Aveny St 3300 3398"}}, {"type": "Feature", "geometry": {"type": "LineString", "coordinates": [[24.880964, 36.06822], [24.880864, 36.06922]]}, "properties": {"name": "N Mattadou St 2900 2998"}}, {"type": "Feature", "geometry": {"type": "LineString", "coordinates": [[24.882564, 36.06922], [24.880864, 36.06922]]}, "properties": {"name": "N Aveny St 3200 3298"}}, {"type": "Feature", "geometry": {"type": "LineString", "coordinates": [[24.87947, 36.067274], [24.879464, 36.06822]]}, "properties": {"name": "N Utanfor St 2800 2898"}}, {"type": "Feature", "geometry": {"type": "LineString", "coordinates": [[24.880964, 36.06822], [24.879464, 36.06822]]}, "properties": {"name": "N Asiant St 3300 3398"}}, {"type": "Feature", "geometry": {"type": "LineString", "coordinates": [[24.87947, 36.067274], [24.877883, 36.067293]]}, "properties": {"name": "N Artakis St 3400 3498"}}, {"type": "Feature", "geometry": {"type": "LineString", "coordinates": [[24.879464, 36.06642], [24.87947, 36.067274]]}, "properties": {"name": "N Utanfor St 2700 2798"}}, {"type": "Feature", "geometry": {"type": "LineString", "coordinates": [[24.880974, 36.067244], [24.87947, 36.067274]]}, "properties": {"name": "N Artakis St 3300 3398"}}, {"type": "Feature", "geometry": {"type": "LineString", "coordinates": [[24.879564, 36.06552], [24.879464, 36.06642]]}, "properties": {"name": "N Utanfor St 2600 2698"}}, {"type": "Feature", "geometry": {"type": "LineString", "coordinates": [[24.880964, 36.06642], [24.879464, 36.06642]]}, "properties": {"name": "N Arkadou St 3300 3398"}}, {"type": "Feature", "geometry": {"type": "LineString", "coordinates": [[24.879564, 36.06552], [24.877938, 36.065517]]}, "properties": {"name": "N Arkadiou St 3400 3498"}}, {"type": "Feature", "geometry": {"type": "LineString", "coordinates": [[24.880945, 36.065515], [24.879564, 36.06552]]}, "properties": {"name": "N Arkadiou St 3300 3398"}}, {"type": "Feature", "geometry": {"type": "LineString", "coordinates": [[24.879534, 36.064537], [24.879564, 36.06552]]}, "properties": {"name": "N Utanfor St 2500 2598"}}, {"type": "Feature", "geometry": {"type": "LineString", "coordinates": [[24.880974, 36.067244], [24.880964, 36.06822]]}, "properties": {"name": "N Mattadou St 2800 2898"}}, {"type": "Feature", "geometry": {"type": "LineString", "coordinates": [[24.882664, 36.06822], [24.880964, 36.06822]]}, "properties": {"name": "N Asiant St 3200 3298"}}, {"type": "Feature", "geometry": {"type": "LineString", "coordinates": [[24.880964, 36.06642], [24.880974, 36.067244]]}, "properties": {"name": "N Mattadou St 2700 2798"}}, {"type": "Feature", "geometry": {"type": "LineString", "coordinates": [[24.880945, 36.065515], [24.880964, 36.06642]]}, "properties": {"name": "N Mattadou St 2600 2698"}}, {"type": "Feature", "geometry": {"type": "LineString", "coordinates": [[24.882566, 36.066414], [24.880964, 36.06642]]}, "properties": {"name": "N Arkadou St 3200 3298"}}, {"type": "Feature", "geometry": {"type": "LineString", "coordinates": [[24.880964, 36.06452], [24.880945, 36.065515]]}, "properties": {"name": "N Mattadou St 2500 2598"}}, {"type": "Feature", "geometry": {"type": "LineString", "coordinates": [[24.881694, 36.07467], [24.882075, 36.074956]]}, "properties": {"name": "Exadakitiou Way"}}, {"type": "Feature", "geometry": {"type": "LineString", "coordinates": [[24.882664, 36.07212], [24.881964, 36.07202]]}, "properties": {"name": "N Bairn St 3200 3298"}}, {"type": "Feature", "geometry": {"type": "LineString", "coordinates": [[24.884064, 36.07202], [24.882664, 36.07212]]}, "properties": {"name": "N Bairn St 3100 3198"}}, {"type": "Feature", "geometry": {"type": "LineString", "coordinates": [[24.882664, 36.07112], [24.882664, 36.07212]]}, "properties": {"name": "N Evzonon St 3200 3304"}}, {"type": "Feature", "geometry": {"type": "LineString", "coordinates": [[24.884064, 36.07202], [24.883964, 36.07292]]}, "properties": {"name": "N Gounaraki St 3300 3398"}}, {"type": "Feature", "geometry": {"type": "LineString", "coordinates": [[24.885564, 36.07202], [24.884064, 36.07202]]}, "properties": {"name": "N Bairn St 2900 3098"}}, {"type": "Feature", "geometry": {"type": "LineString", "coordinates": [[24.884064, 36.07112], [24.884064, 36.07202]]}, "properties": {"name": "N Gounaraki St 3200 3298"}}, {"type": "Feature", "geometry": {"type": "LineString", "coordinates": [[24.885564, 36.07202], [24.885464, 36.07252]]}, "properties": {"name": "N Lumen St 3300 3398"}}, {"type": "Feature", "geometry": {"type": "LineString", "coordinates": [[24.882564, 36.07002], [24.882664, 36.07112]]}, "properties": {"name": "N Evzonon St 3100 3198"}}, {"type": "Feature", "geometry": {"type": "LineString", "coordinates": [[24.884064, 36.07112], [24.882664, 36.07112]]}, "properties": {"name": "N Avionos St 3100 3198"}}, {"type": "Feature", "geometry": {"type": "LineString", "coordinates": [[24.882564, 36.06922], [24.882564, 36.07002]]}, "properties": {"name": "N Evzonon St 3000 3098"}}, {"type": "Feature", "geometry": {"type": "LineString", "coordinates": [[24.884164, 36.06922], [24.882564, 36.06922]]}, "properties": {"name": "N Aveny St 3100 3198"}}, {"type": "Feature", "geometry": {"type": "LineString", "coordinates": [[24.882664, 36.06822], [24.882564, 36.06922]]}, "properties": {"name": "N Evzonon St 2900 2998"}}, {"type": "Feature", "geometry": {"type": "LineString", "coordinates": [[24.884164, 36.07012], [24.884064, 36.07112]]}, "properties": {"name": "N Gounaraki St 3100 3198"}}, {"type": "Feature", "geometry": {"type": "LineString", "coordinates": [[24.884164, 36.07012], [24.882564, 36.07002]]}, "properties": {"name": "N Averof St 3100 3198"}}, {"type": "Feature", "geometry": {"type": "LineString", "coordinates": [[24.884164, 36.06922], [24.884164, 36.07012]]}, "properties": {"name": "N Gounaraki St 3000 3098"}}, {"type": "Feature", "geometry": {"type": "LineString", "coordinates": [[24.885864, 36.07012], [24.884164, 36.07012]]}, "properties": {"name": "N Averof St 3000 3098"}}, {"type": "Feature", "geometry": {"type": "LineString", "coordinates": [[24.884264, 36.06822], [24.884164, 36.06922]]}, "properties": {"name": "N Gounaraki St 2900 2998"}}, {"type": "Feature", "geometry": {"type": "LineString", "coordinates": [[24.885864, 36.06912], [24.884164, 36.06922]]}, "properties": {"name": "N Aveny St 3000 3098"}}, {"type": "Feature", "geometry": {"type": "LineString", "coordinates": [[24.882611, 36.067244], [24.882664, 36.06822]]}, "properties": {"name": "N Evzonon St 2800 2898"}}, {"type": "Feature", "geometry": {"type": "LineString", "coordinates": [[24.884264, 36.06822], [24.882664, 36.06822]]}, "properties": {"name": "N Asiant St 3100 3198"}}, {"type": "Feature", "geometry": {"type": "LineString", "coordinates": [[24.882611, 36.067244], [24.880974, 36.067244]]}, "properties": {"name": "N Artakis St 3200 3298"}}, {"type": "Feature", "geometry": {"type": "LineString", "coordinates": [[24.882566, 36.066414], [24.882611, 36.067244]]}, "properties": {"name": "N Evzonon St 2700 2798"}}, {"type": "Feature", "geometry": {"type": "LineString", "coordinates": [[24.884264, 36.06722], [24.882611, 36.067244]]}, "properties": {"name": "N Artakis St 3100 3198"}}, {"type": "Feature", "geometry": {"type": "LineString", "coordinates": [[24.882564, 36.06552], [24.882566, 36.066414]]}, "properties": {"name": "N Evzonon St 2600 2698"}}, {"type": "Feature", "geometry": {"type": "LineString", "coordinates": [[24.882564, 36.06552], [24.880945, 36.065515]]}, "properties": {"name": "N Arkadiou St 3200 3298"}}, {"type": "Feature", "geometry": {"type": "LineString", "coordinates": [[24.884232, 36.065535], [24.882564, 36.06552]]}, "properties": {"name": "N Arkadiou St 3100 3198"}}, {"type": "Feature", "geometry": {"type": "LineString", "coordinates": [[24.882537, 36.064535], [24.882564, 36.06552]]}, "properties": {"name": "N Evzonon St 2500 2598"}}, {"type": "Feature", "geometry": {"type": "LineString", "coordinates": [[24.884264, 36.06722], [24.884264, 36.06822]]}, "properties": {"name": "N Gounaraki St 2800 2898"}}, {"type": "Feature", "geometry": {"type": "LineString", "coordinates": [[24.885864, 36.06822], [24.884264, 36.06822]]}, "properties": {"name": "N Asiant St 3000 3098"}}, {"type": "Feature", "geometry": {"type": "LineString", "coordinates": [[24.884277, 36.066434], [24.884264, 36.06722]]}, "properties": {"name": "N Gounaraki St 2700 2798"}}, {"type": "Feature", "geometry": {"type": "LineString", "coordinates": [[24.885864, 36.06722], [24.884264, 36.06722]]}, "properties": {"name": "N Artakis St 3000 3098"}}, {"type": "Feature", "geometry": {"type": "LineString", "coordinates": [[24.884277, 36.066434], [24.882566, 36.066414]]}, "properties": {"name": "N Arkadou St 3100 3198"}}, {"type": "Feature", "geometry": {"type": "LineString", "coordinates": [[24.884232, 36.065535], [24.884277, 36.066434]]}, "properties": {"name": "N Gounaraki St 2600 2698"}}, {"type": "Feature", "geometry": {"type": "LineString", "coordinates": [[24.885869, 36.066414], [24.884277, 36.066434]]}, "properties": {"name": "N Arkadou St 3000 3098"}}, {"type": "Feature", "geometry": {"type": "LineString", "coordinates": [[24.885865, 36.065521], [24.884232, 36.065535]]}, "properties": {"name": "N Arkadiou St 3000 3098"}}, {"type": "Feature", "geometry": {"type": "LineString", "coordinates": [[24.884203, 36.064515], [24.884232, 36.065535]]}, "properties": {"name": "N Gounaraki St 2500 2598"}}, {"type": "Feature", "geometry": {"type": "LineString", "coordinates": [[24.885864, 36.07012], [24.885764, 36.07062]]}, "properties": {"name": "N Lumen St 3100 3148"}}, {"type": "Feature", "geometry": {"type": "LineString", "coordinates": [[24.887264, 36.07012], [24.885864, 36.07012]]}, "properties": {"name": "N Averof St 2900 2998"}}, {"type": "Feature", "geometry": {"type": "LineString", "coordinates": [[24.887364, 36.069121], [24.887264, 36.06912]]}, "properties": {"name": "N Aveny St 2800 2898"}}, {"type": "Feature", "geometry": {"type": "LineString", "coordinates": [[24.885864, 36.06822], [24.885864, 36.06912]]}, "properties": {"name": "N Lumen St 2900 2998"}}, {"type": "Feature", "geometry": {"type": "LineString", "coordinates": [[24.887364, 36.069121], [24.887264, 36.07012]]}, "properties": {"name": "N Pluma St 3000 3116"}}, {"type": "Feature", "geometry": {"type": "LineString", "coordinates": [[24.889064, 36.070121], [24.887264, 36.07012]]}, "properties": {"name": "N Averof St 2700 2898"}}, {"type": "Feature", "geometry": {"type": "LineString", "coordinates": [[24.887364, 36.068221], [24.887264, 36.068621]]}, "properties": {"name": "N Pluma St 2900 2998"}}, {"type": "Feature", "geometry": {"type": "LineString", "coordinates": [[24.885864, 36.06722], [24.885864, 36.06822]]}, "properties": {"name": "N Lumen St 2800 2898"}}, {"type": "Feature", "geometry": {"type": "LineString", "coordinates": [[24.887364, 36.068221], [24.885864, 36.06822]]}, "properties": {"name": "N Asiant St 2900 2998"}}, {"type": "Feature", "geometry": {"type": "LineString", "coordinates": [[24.885869, 36.066414], [24.885864, 36.06722]]}, "properties": {"name": "N Lumen St 2700 2798"}}, {"type": "Feature", "geometry": {"type": "LineString", "coordinates": [[24.887365, 36.067221], [24.885864, 36.06722]]}, "properties": {"name": "N Artakis St 2300 2998"}}, {"type": "Feature", "geometry": {"type": "LineString", "coordinates": [[24.885865, 36.065521], [24.885869, 36.066414]]}, "properties": {"name": "N Lumen St 2600 2698"}}, {"type": "Feature", "geometry": {"type": "LineString", "coordinates": [[24.885854, 36.064575], [24.885865, 36.065521]]}, "properties": {"name": "N Lumen St 2500 2598"}}, {"type": "Feature", "geometry": {"type": "LineString", "coordinates": [[24.888765, 36.068221], [24.887364, 36.068221]]}, "properties": {"name": "N Asiant St 2700 2898"}}, {"type": "Feature", "geometry": {"type": "LineString", "coordinates": [[24.887365, 36.066421], [24.885869, 36.066414]]}, "properties": {"name": "N Arkadou St 2314 2998"}}, {"type": "Feature", "geometry": {"type": "LineString", "coordinates": [[24.876417, 36.063677], [24.876364, 36.06452]]}, "properties": {"name": "N Taxiarchon Ave 2400 2498"}}, {"type": "Feature", "geometry": {"type": "LineString", "coordinates": [[24.876417, 36.063677], [24.874764, 36.06362]]}, "properties": {"name": "N Antoniadou St 3600 3698"}}, {"type": "Feature", "geometry": {"type": "LineString", "coordinates": [[24.876424, 36.062752], [24.876417, 36.063677]]}, "properties": {"name": "N Taxiarchon Ave 2200 2398"}}, {"type": "Feature", "geometry": {"type": "LineString", "coordinates": [[24.876424, 36.062752], [24.874674, 36.062864]]}, "properties": {"name": "N Anntigonou St 3600 3698"}}, {"type": "Feature", "geometry": {"type": "LineString", "coordinates": [[24.876356, 36.061991], [24.876424, 36.062752]]}, "properties": {"name": "N Taxiarchon Ave 2100 2198"}}, {"type": "Feature", "geometry": {"type": "LineString", "coordinates": [[24.877725, 36.063626], [24.877764, 36.06452]]}, "properties": {"name": "N Profitou Ilia Ave 2400 2498"}}, {"type": "Feature", "geometry": {"type": "LineString", "coordinates": [[24.877764, 36.06272], [24.877725, 36.063626]]}, "properties": {"name": "N Profitou Ilia Ave 2200 2398"}}, {"type": "Feature", "geometry": {"type": "LineString", "coordinates": [[24.8795, 36.063605], [24.877725, 36.063626]]}, "properties": {"name": "N Antoniadou St 3400 3498"}}, {"type": "Feature", "geometry": {"type": "LineString", "coordinates": [[24.877664, 36.06202], [24.877764, 36.06272]]}, "properties": {"name": "N Profitou Ilia Ave 2100 2198"}}, {"type": "Feature", "geometry": {"type": "LineString", "coordinates": [[24.879464, 36.06272], [24.877764, 36.06272]]}, "properties": {"name": "N Anntigonou St 3400 3498"}}, {"type": "Feature", "geometry": {"type": "LineString", "coordinates": [[24.877564, 36.06122], [24.877664, 36.06202]]}, "properties": {"name": "N Profitou Ilia Ave 1900 2098"}}, {"type": "Feature", "geometry": {"type": "LineString", "coordinates": [[24.879264, 36.06202], [24.877664, 36.06202]]}, "properties": {"name": "N Androutsou St 3400 3498"}}, {"type": "Feature", "geometry": {"type": "LineString", "coordinates": [[24.876164, 36.06122], [24.876356, 36.061991]]}, "properties": {"name": "N Taxiarchon Ave 1900 2098"}}, {"type": "Feature", "geometry": {"type": "LineString", "coordinates": [[24.876164, 36.06032], [24.876164, 36.06122]]}, "properties": {"name": "N Taxiarchon Ave 1800 1898"}}, {"type": "Feature", "geometry": {"type": "LineString", "coordinates": [[24.876164, 36.05942], [24.876164, 36.06032]]}, "properties": {"name": "N Taxiarchon Ave 1600 1798"}}, {"type": "Feature", "geometry": {"type": "LineString", "coordinates": [[24.876164, 36.05852], [24.876164, 36.05942]]}, "properties": {"name": "N Taxiarchon Ave 1522 1598"}}, {"type": "Feature", "geometry": {"type": "LineString", "coordinates": [[24.877564, 36.06032], [24.877564, 36.06122]]}, "properties": {"name": "N Profitou Ilia Ave 1800 1898"}}, {"type": "Feature", "geometry": {"type": "LineString", "coordinates": [[24.879264, 36.06122], [24.877564, 36.06122]]}, "properties": {"name": "N Amfitris St 3400 3498"}}, {"type": "Feature", "geometry": {"type": "LineString", "coordinates": [[24.879264, 36.06032], [24.877564, 36.06032]]}, "properties": {"name": "N Alm St 3400 3498"}}, {"type": "Feature", "geometry": {"type": "LineString", "coordinates": [[24.879534, 36.064537], [24.877764, 36.06452]]}, "properties": {"name": "N Arbete St 3400 3498"}}, {"type": "Feature", "geometry": {"type": "LineString", "coordinates": [[24.8795, 36.063605], [24.879534, 36.064537]]}, "properties": {"name": "N Utanfor St 2400 2498"}}, {"type": "Feature", "geometry": {"type": "LineString", "coordinates": [[24.880964, 36.06452], [24.879534, 36.064537]]}, "properties": {"name": "N Arbete St 3300 3398"}}, {"type": "Feature", "geometry": {"type": "LineString", "coordinates": [[24.879464, 36.06272], [24.8795, 36.063605]]}, "properties": {"name": "N Utanfor St 2200 2398"}}, {"type": "Feature", "geometry": {"type": "LineString", "coordinates": [[24.880964, 36.06362], [24.8795, 36.063605]]}, "properties": {"name": "N Antoniadou St 3300 3398"}}, {"type": "Feature", "geometry": {"type": "LineString", "coordinates": [[24.879264, 36.06202], [24.879464, 36.06272]]}, "properties": {"name": "N Utanfor St 2100 2198"}}, {"type": "Feature", "geometry": {"type": "LineString", "coordinates": [[24.880964, 36.06272], [24.879464, 36.06272]]}, "properties": {"name": "N Anntigonou St 3300 3398"}}, {"type": "Feature", "geometry": {"type": "LineString", "coordinates": [[24.880964, 36.06202], [24.879264, 36.06202]]}, "properties": {"name": "N Androutsou St 3300 3398"}}, {"type": "Feature", "geometry": {"type": "LineString", "coordinates": [[24.879264, 36.06122], [24.879264, 36.06202]]}, "properties": {"name": "N Utanfor St 1900 2098"}}, {"type": "Feature", "geometry": {"type": "LineString", "coordinates": [[24.880964, 36.06362], [24.880964, 36.06452]]}, "properties": {"name": "N Mattadou St 2400 2498"}}, {"type": "Feature", "geometry": {"type": "LineString", "coordinates": [[24.880964, 36.06272], [24.880964, 36.06362]]}, "properties": {"name": "N Mattadou St 2200 2398"}}, {"type": "Feature", "geometry": {"type": "LineString", "coordinates": [[24.882564, 36.06362], [24.880964, 36.06362]]}, "properties": {"name": "N Antoniadou St 3200 3298"}}, {"type": "Feature", "geometry": {"type": "LineString", "coordinates": [[24.880964, 36.06202], [24.880964, 36.06272]]}, "properties": {"name": "N Mattadou St 2100 2198"}}, {"type": "Feature", "geometry": {"type": "LineString", "coordinates": [[24.881564, 36.06272], [24.880964, 36.06272]]}, "properties": {"name": "N Anntigonou St 3200 3298"}}, {"type": "Feature", "geometry": {"type": "LineString", "coordinates": [[24.880864, 36.06152], [24.880964, 36.06202]]}, "properties": {"name": "N Mattadou St 2000 2098"}}, {"type": "Feature", "geometry": {"type": "LineString", "coordinates": [[24.879264, 36.06032], [24.879264, 36.06122]]}, "properties": {"name": "N Utanfor St 1800 1898"}}, {"type": "Feature", "geometry": {"type": "LineString", "coordinates": [[24.880764, 36.06122], [24.879264, 36.06122]]}, "properties": {"name": "N Amfitris St 3300 3398"}}, {"type": "Feature", "geometry": {"type": "LineString", "coordinates": [[24.880765, 36.06032], [24.879264, 36.06032]]}, "properties": {"name": "N Alm St 3300 3398"}}, {"type": "Feature", "geometry": {"type": "LineString", "coordinates": [[24.880726, 36.060688], [24.880764, 36.06122]]}, "properties": {"name": "N Mattadou St 1844 1898"}}, {"type": "Feature", "geometry": {"type": "LineString", "coordinates": [[24.880764, 36.06122], [24.880864, 36.06152]]}, "properties": {"name": "N Mattadou St 1900 1998"}}, {"type": "Feature", "geometry": {"type": "LineString", "coordinates": [[24.882489, 36.061526], [24.880864, 36.06152]]}, "properties": {"name": "N Amisou St 3200 3298"}}, {"type": "Feature", "geometry": {"type": "LineString", "coordinates": [[24.880765, 36.06032], [24.880726, 36.060688]]}, "properties": {"name": "N Mattadou St 1800 1842"}}, {"type": "Feature", "geometry": {"type": "LineString", "coordinates": [[24.882465, 36.06062], [24.880726, 36.060688]]}, "properties": {"name": "N Amfitris St 3200 3298"}}, {"type": "Feature", "geometry": {"type": "LineString", "coordinates": [[24.880865, 36.05992], [24.880765, 36.06032]]}, "properties": {"name": "N Mattadou St 1290 1798"}}, {"type": "Feature", "geometry": {"type": "LineString", "coordinates": [[24.880865, 36.05942], [24.880865, 36.05992]]}, "properties": {"name": "N Mattadou St 1278 1288"}}, {"type": "Feature", "geometry": {"type": "LineString", "coordinates": [[24.882426, 36.059948], [24.880865, 36.05992]]}, "properties": {"name": "N Alfiou St 3200 3298"}}, {"type": "Feature", "geometry": {"type": "LineString", "coordinates": [[24.880865, 36.05852], [24.880865, 36.05942]]}, "properties": {"name": "N Mattadou St 1256 1276"}}, {"type": "Feature", "geometry": {"type": "LineString", "coordinates": [[24.876149, 36.057517], [24.876164, 36.05852]]}, "properties": {"name": "N Taxiarchon Ave 1400 1498"}}, {"type": "Feature", "geometry": {"type": "LineString", "coordinates": [[24.876164, 36.05662], [24.876149, 36.057517]]}, "properties": {"name": "N Taxiarchon Ave 1300 1398"}}, {"type": "Feature", "geometry": {"type": "LineString", "coordinates": [[24.87616, 36.055704], [24.876164, 36.05662]]}, "properties": {"name": "N Taxiarchon Ave 1200 1298"}}, {"type": "Feature", "geometry": {"type": "LineString", "coordinates": [[24.876165, 36.05472], [24.87616, 36.055704]]}, "properties": {"name": "N Taxiarchon Ave 1100 1198"}}, {"type": "Feature", "geometry": {"type": "LineString", "coordinates": [[24.876165, 36.05382], [24.876165, 36.05472]]}, "properties": {"name": "N Taxiarchon Ave 1000 1098"}}, {"type": "Feature", "geometry": {"type": "LineString", "coordinates": [[24.875912, 36.053025], [24.876165, 36.05382]]}, "properties": {"name": ""}}, {"type": "Feature", "geometry": {"type": "LineString", "coordinates": [[24.875165, 36.05282], [24.875912, 36.053025]]}, "properties": {"name": "N Ermou St 3649 3601"}}, {"type": "Feature", "geometry": {"type": "LineString", "coordinates": [[24.875912, 36.053025], [24.876465, 36.05282]]}, "properties": {"name": "N Ermou St 3599 3501"}}, {"type": "Feature", "geometry": {"type": "LineString", "coordinates": [[24.876565, 36.05192], [24.876465, 36.05282]]}, "properties": {"name": "N Taxiarchon Ave 800 898"}}, {"type": "Feature", "geometry": {"type": "LineString", "coordinates": [[24.878065, 36.05192], [24.878065, 36.05242]]}, "properties": {"name": "N Profitou Ilia Ave 800 898"}}, {"type": "Feature", "geometry": {"type": "LineString", "coordinates": [[24.879565, 36.05272], [24.878765, 36.05282]]}, "properties": {"name": "N Ermou St 3400 3448"}}, {"type": "Feature", "geometry": {"type": "LineString", "coordinates": [[24.880765, 36.05752], [24.880865, 36.05852]]}, "properties": {"name": "N Mattadou St 1234 1254"}}, {"type": "Feature", "geometry": {"type": "LineString", "coordinates": [[24.882465, 36.05852], [24.880865, 36.05852]]}, "properties": {"name": "N Alamanas St 3200 3298"}}, {"type": "Feature", "geometry": {"type": "LineString", "coordinates": [[24.880765, 36.05662], [24.880765, 36.05752]]}, "properties": {"name": "N Mattadou St 1216 1232"}}, {"type": "Feature", "geometry": {"type": "LineString", "coordinates": [[24.880865, 36.05482], [24.880765, 36.05662]]}, "properties": {"name": "N Mattadou St 1100 1214"}}, {"type": "Feature", "geometry": {"type": "LineString", "coordinates": [[24.882465, 36.056621], [24.880765, 36.05662]]}, "properties": {"name": "N Agiasou St 3200 3298"}}, {"type": "Feature", "geometry": {"type": "LineString", "coordinates": [[24.882465, 36.055721], [24.881665, 36.05572]]}, "properties": {"name": "N Agentes St 3200 3298"}}, {"type": "Feature", "geometry": {"type": "LineString", "coordinates": [[24.880765, 36.052721], [24.879565, 36.05272]]}, "properties": {"name": "N Ermou St 3314 3398"}}, {"type": "Feature", "geometry": {"type": "LineString", "coordinates": [[24.879565, 36.05192], [24.879565, 36.05272]]}, "properties": {"name": "N Utanfor St 800 898"}}, {"type": "Feature", "geometry": {"type": "LineString", "coordinates": [[24.880865, 36.05382], [24.880865, 36.05482]]}, "properties": {"name": "N Mattadou St 1000 1098"}}, {"type": "Feature", "geometry": {"type": "LineString", "coordinates": [[24.882465, 36.054721], [24.880865, 36.05482]]}, "properties": {"name": "N Achilleos St 3200 3298"}}, {"type": "Feature", "geometry": {"type": "LineString", "coordinates": [[24.880765, 36.052721], [24.880865, 36.05382]]}, "properties": {"name": "N Mattadou St 900 998"}}, {"type": "Feature", "geometry": {"type": "LineString", "coordinates": [[24.881765, 36.053821], [24.880865, 36.05382]]}, "properties": {"name": "N Acera St 3200 3298"}}, {"type": "Feature", "geometry": {"type": "LineString", "coordinates": [[24.881165, 36.052721], [24.880765, 36.052721]]}, "properties": {"name": "N Ermou St 3300 3312"}}, {"type": "Feature", "geometry": {"type": "LineString", "coordinates": [[24.880965, 36.051921], [24.881165, 36.052721]]}, "properties": {"name": "N Mattadou St 800 898"}}, {"type": "Feature", "geometry": {"type": "LineString", "coordinates": [[24.882537, 36.064535], [24.880964, 36.06452]]}, "properties": {"name": "N Arbete St 3200 3298"}}, {"type": "Feature", "geometry": {"type": "LineString", "coordinates": [[24.882564, 36.06362], [24.882537, 36.064535]]}, "properties": {"name": "N Evzonon St 2400 2498"}}, {"type": "Feature", "geometry": {"type": "LineString", "coordinates": [[24.884203, 36.064515], [24.882537, 36.064535]]}, "properties": {"name": "N Arbete St 3100 3198"}}, {"type": "Feature", "geometry": {"type": "LineString", "coordinates": [[24.88257, 36.06283], [24.882564, 36.06362]]}, "properties": {"name": "N Evzonon St 2250 2398"}}, {"type": "Feature", "geometry": {"type": "LineString", "coordinates": [[24.884165, 36.06362], [24.882564, 36.06362]]}, "properties": {"name": "N Antoniadou St 3100 3198"}}, {"type": "Feature", "geometry": {"type": "LineString", "coordinates": [[24.882565, 36.06222], [24.88257, 36.06283]]}, "properties": {"name": "N Evzonon St 2100 2248"}}, {"type": "Feature", "geometry": {"type": "LineString", "coordinates": [[24.884165, 36.06282], [24.88257, 36.06283]]}, "properties": {"name": "N Anntigonou St 3100 3198"}}, {"type": "Feature", "geometry": {"type": "LineString", "coordinates": [[24.882565, 36.06222], [24.880964, 36.06202]]}, "properties": {"name": "N Androutsou St 3200 3298"}}, {"type": "Feature", "geometry": {"type": "LineString", "coordinates": [[24.884097, 36.062197], [24.882565, 36.06222]]}, "properties": {"name": "N Androutsou St 3100 3198"}}, {"type": "Feature", "geometry": {"type": "LineString", "coordinates": [[24.882489, 36.061526], [24.882565, 36.06222]]}, "properties": {"name": "N Evzonon St 2000 2098"}}, {"type": "Feature", "geometry": {"type": "LineString", "coordinates": [[24.884165, 36.06362], [24.884203, 36.064515]]}, "properties": {"name": "N Gounaraki St 2400 2498"}}, {"type": "Feature", "geometry": {"type": "LineString", "coordinates": [[24.885854, 36.064575], [24.884203, 36.064515]]}, "properties": {"name": "N Arbete St 3000 3098"}}, {"type": "Feature", "geometry": {"type": "LineString", "coordinates": [[24.884165, 36.06282], [24.884165, 36.06362]]}, "properties": {"name": "N Gounaraki St 2200 2398"}}, {"type": "Feature", "geometry": {"type": "LineString", "coordinates": [[24.885865, 36.063621], [24.884165, 36.06362]]}, "properties": {"name": "N Antoniadou St 3000 3098"}}, {"type": "Feature", "geometry": {"type": "LineString", "coordinates": [[24.884097, 36.062197], [24.884165, 36.06282]]}, "properties": {"name": "N Gounaraki St 2100 2198"}}, {"type": "Feature", "geometry": {"type": "LineString", "coordinates": [[24.885865, 36.062821], [24.884165, 36.06282]]}, "properties": {"name": "N Anntigonou St 3000 3098"}}, {"type": "Feature", "geometry": {"type": "LineString", "coordinates": [[24.883965, 36.06152], [24.884097, 36.062197]]}, "properties": {"name": "N Gounaraki St 2000 2098"}}, {"type": "Feature", "geometry": {"type": "LineString", "coordinates": [[24.882465, 36.06062], [24.882489, 36.061526]]}, "properties": {"name": "N Evzonon St 1900 1998"}}, {"type": "Feature", "geometry": {"type": "LineString", "coordinates": [[24.883965, 36.06152], [24.882489, 36.061526]]}, "properties": {"name": "N Amisou St 3100 3198"}}, {"type": "Feature", "geometry": {"type": "LineString", "coordinates": [[24.882426, 36.059948], [24.882465, 36.06062]]}, "properties": {"name": "N Evzonon St 1700 1898"}}, {"type": "Feature", "geometry": {"type": "LineString", "coordinates": [[24.882465, 36.05942], [24.882426, 36.059948]]}, "properties": {"name": "N Evzonon St 1600 1698"}}, {"type": "Feature", "geometry": {"type": "LineString", "coordinates": [[24.883965, 36.059421], [24.882465, 36.05942]]}, "properties": {"name": "N Alexandrias St 3100 3198"}}, {"type": "Feature", "geometry": {"type": "LineString", "coordinates": [[24.882465, 36.05852], [24.882465, 36.05942]]}, "properties": {"name": "N Evzonon St 1500 1598"}}, {"type": "Feature", "geometry": {"type": "LineString", "coordinates": [[24.883965, 36.060721], [24.883965, 36.06152]]}, "properties": {"name": "N Gounaraki St 1900 1998"}}, {"type": "Feature", "geometry": {"type": "LineString", "coordinates": [[24.885565, 36.061521], [24.883965, 36.06152]]}, "properties": {"name": "N Amisou St 3000 3098"}}, {"type": "Feature", "geometry": {"type": "LineString", "coordinates": [[24.883965, 36.060721], [24.882465, 36.06062]]}, "properties": {"name": "N Amfitris St 3100 3198"}}, {"type": "Feature", "geometry": {"type": "LineString", "coordinates": [[24.883965, 36.060021], [24.883965, 36.060721]]}, "properties": {"name": "N Gounaraki St 1700 1898"}}, {"type": "Feature", "geometry": {"type": "LineString", "coordinates": [[24.885565, 36.060721], [24.883965, 36.060721]]}, "properties": {"name": "N Amfitris St 3000 3098"}}, {"type": "Feature", "geometry": {"type": "LineString", "coordinates": [[24.883965, 36.060021], [24.882426, 36.059948]]}, "properties": {"name": "N Alfiou St 3100 3198"}}, {"type": "Feature", "geometry": {"type": "LineString", "coordinates": [[24.883965, 36.059421], [24.883965, 36.060021]]}, "properties": {"name": "N Gounaraki St 1600 1698"}}, {"type": "Feature", "geometry": {"type": "LineString", "coordinates": [[24.884865, 36.059921], [24.883965, 36.060021]]}, "properties": {"name": "N Alfiou St 3000 3098"}}, {"type": "Feature", "geometry": {"type": "LineString", "coordinates": [[24.884865, 36.059421], [24.883965, 36.059421]]}, "properties": {"name": "N Alexandrias St 3000 3098"}}, {"type": "Feature", "geometry": {"type": "LineString", "coordinates": [[24.883965, 36.058521], [24.883965, 36.059421]]}, "properties": {"name": "N Gounaraki St 1500 1598"}}, {"type": "Feature", "geometry": {"type": "LineString", "coordinates": [[24.885865, 36.063621], [24.885854, 36.064575]]}, "properties": {"name": "N Lumen St 2400 2498"}}, {"type": "Feature", "geometry": {"type": "LineString", "coordinates": [[24.885865, 36.062821], [24.885865, 36.063621]]}, "properties": {"name": "N Lumen St 2200 2398"}}, {"type": "Feature", "geometry": {"type": "LineString", "coordinates": [[24.886965, 36.063621], [24.885865, 36.063621]]}, "properties": {"name": "N Antoniadou St 2900 2998"}}, {"type": "Feature", "geometry": {"type": "LineString", "coordinates": [[24.88566, 36.062154], [24.885865, 36.062821]]}, "properties": {"name": "N Lumen St 2100 2198"}}, {"type": "Feature", "geometry": {"type": "LineString", "coordinates": [[24.886864, 36.062812], [24.885865, 36.062821]]}, "properties": {"name": "N Anntigonou St 2900 2998"}}, {"type": "Feature", "geometry": {"type": "LineString", "coordinates": [[24.88566, 36.062154], [24.884097, 36.062197]]}, "properties": {"name": "N Androutsou St 3000 3098"}}, {"type": "Feature", "geometry": {"type": "LineString", "coordinates": [[24.886873, 36.06213], [24.88566, 36.062154]]}, "properties": {"name": "N Androutsou St 2900 2998"}}, {"type": "Feature", "geometry": {"type": "LineString", "coordinates": [[24.885565, 36.061521], [24.88566, 36.062154]]}, "properties": {"name": "N Lumen St 2000 2098"}}, {"type": "Feature", "geometry": {"type": "LineString", "coordinates": [[24.886865, 36.064621], [24.885854, 36.064575]]}, "properties": {"name": "N Arbete St 2900 2998"}}, {"type": "Feature", "geometry": {"type": "LineString", "coordinates": [[24.886965, 36.063921], [24.886865, 36.064621]]}, "properties": {"name": "Redestou St 2427 2499"}}, {"type": "Feature", "geometry": {"type": "LineString", "coordinates": [[24.887565, 36.064521], [24.886965, 36.063921]]}, "properties": {"name": "N Redestou St 2 98"}}, {"type": "Feature", "geometry": {"type": "LineString", "coordinates": [[24.886965, 36.063621], [24.886965, 36.063921]]}, "properties": {"name": "Redestou St 2401 2425"}}, {"type": "Feature", "geometry": {"type": "LineString", "coordinates": [[24.887465, 36.063521], [24.886965, 36.063621]]}, "properties": {"name": "N Antoniadou St 2700 2898"}}, {"type": "Feature", "geometry": {"type": "LineString", "coordinates": [[24.886864, 36.062812], [24.886865, 36.063121]]}, "properties": {"name": "N Pluma St 2200 2298"}}, {"type": "Feature", "geometry": {"type": "LineString", "coordinates": [[24.887665, 36.063121], [24.886865, 36.063121]]}, "properties": {"name": "N Zefirou Ave 2800 2898"}}, {"type": "Feature", "geometry": {"type": "LineString", "coordinates": [[24.887665, 36.063121], [24.887465, 36.063521]]}, "properties": {"name": "N Fewnol St 2300 2428"}}, {"type": "Feature", "geometry": {"type": "LineString", "coordinates": [[24.886873, 36.06213], [24.886864, 36.062812]]}, "properties": {"name": "N Pluma St 2100 2198"}}, {"type": "Feature", "geometry": {"type": "LineString", "coordinates": [[24.887665, 36.062121], [24.886873, 36.06213]]}, "properties": {"name": "N Androutsou St 2800 2898"}}, {"type": "Feature", "geometry": {"type": "LineString", "coordinates": [[24.886865, 36.061521], [24.886873, 36.06213]]}, "properties": {"name": "N Pluma St 2000 2098"}}, {"type": "Feature", "geometry": {"type": "LineString", "coordinates": [[24.887665, 36.062121], [24.887665, 36.063121]]}, "properties": {"name": "N Fewnol St 2100 2298"}}, {"type": "Feature", "geometry": {"type": "LineString", "coordinates": [[24.890065, 36.063121], [24.888665, 36.063121]]}, "properties": {"name": "N Zefirou Ave 2600 2702"}}, {"type": "Feature", "geometry": {"type": "LineString", "coordinates": [[24.887465, 36.061121], [24.887665, 36.062121]]}, "properties": {"name": "N Fewnol St 1900 2098"}}, {"type": "Feature", "geometry": {"type": "LineString", "coordinates": [[24.888765, 36.062121], [24.887665, 36.062121]]}, "properties": {"name": "N Androutsou St 2700 2798"}}, {"type": "Feature", "geometry": {"type": "LineString", "coordinates": [[24.885565, 36.060721], [24.885565, 36.061521]]}, "properties": {"name": "N Lumen St 1900 1998"}}, {"type": "Feature", "geometry": {"type": "LineString", "coordinates": [[24.886865, 36.061521], [24.885565, 36.061521]]}, "properties": {"name": "N Amisou St 2900 2998"}}, {"type": "Feature", "geometry": {"type": "LineString", "coordinates": [[24.885465, 36.058421], [24.885365, 36.059321]]}, "properties": {"name": "N Lumen St 1500 1598"}}, {"type": "Feature", "geometry": {"type": "LineString", "coordinates": [[24.886865, 36.058421], [24.886765, 36.059221]]}, "properties": {"name": "N Pluma St 1500 1598"}}, {"type": "Feature", "geometry": {"type": "LineString", "coordinates": [[24.886965, 36.061021], [24.886865, 36.061521]]}, "properties": {"name": "N Pluma St 1900 1998"}}, {"type": "Feature", "geometry": {"type": "LineString", "coordinates": [[24.886965, 36.061021], [24.885565, 36.060721]]}, "properties": {"name": "N Amfitris St 2900 2998"}}, {"type": "Feature", "geometry": {"type": "LineString", "coordinates": [[24.887465, 36.061121], [24.886965, 36.061021]]}, "properties": {"name": "N Amfitris St 2800 2898"}}, {"type": "Feature", "geometry": {"type": "LineString", "coordinates": [[24.888665, 36.061121], [24.887465, 36.061121]]}, "properties": {"name": "N Amfitris St 2700 2798"}}, {"type": "Feature", "geometry": {"type": "LineString", "coordinates": [[24.886865, 36.059721], [24.886865, 36.059921]]}, "properties": {"name": "N Pluma St 1700 1704"}}, {"type": "Feature", "geometry": {"type": "LineString", "coordinates": [[24.886765, 36.059221], [24.886865, 36.059721]]}, "properties": {"name": "N Pluma St 1600 1698"}}, {"type": "Feature", "geometry": {"type": "LineString", "coordinates": [[24.887465, 36.059721], [24.886865, 36.059721]]}, "properties": {"name": "N Alfiou St 2800 2898"}}, {"type": "Feature", "geometry": {"type": "LineString", "coordinates": [[24.887465, 36.058421], [24.887465, 36.059721]]}, "properties": {"name": "N Fewnol St 1500 1698"}}, {"type": "Feature", "geometry": {"type": "LineString", "coordinates": [[24.888665, 36.059721], [24.887465, 36.059721]]}, "properties": {"name": "N Alfiou St 2700 2798"}}, {"type": "Feature", "geometry": {"type": "LineString", "coordinates": [[24.882365, 36.05752], [24.882465, 36.05852]]}, "properties": {"name": "N Evzonon St 1400 1498"}}, {"type": "Feature", "geometry": {"type": "LineString", "coordinates": [[24.883965, 36.058521], [24.882465, 36.05852]]}, "properties": {"name": "N Alamanas St 3100 3198"}}, {"type": "Feature", "geometry": {"type": "LineString", "coordinates": [[24.882465, 36.056621], [24.882365, 36.05752]]}, "properties": {"name": "N Evzonon St 1300 1398"}}, {"type": "Feature", "geometry": {"type": "LineString", "coordinates": [[24.883965, 36.057521], [24.882365, 36.05752]]}, "properties": {"name": "N Agisilaou St 3100 3298"}}, {"type": "Feature", "geometry": {"type": "LineString", "coordinates": [[24.882465, 36.055721], [24.882465, 36.056621]]}, "properties": {"name": "N Evzonon St 1200 1298"}}, {"type": "Feature", "geometry": {"type": "LineString", "coordinates": [[24.883965, 36.056621], [24.882465, 36.056621]]}, "properties": {"name": "N Agiasou St 3100 3198"}}, {"type": "Feature", "geometry": {"type": "LineString", "coordinates": [[24.883965, 36.055721], [24.882465, 36.055721]]}, "properties": {"name": "N Agentes St 3100 3198"}}, {"type": "Feature", "geometry": {"type": "LineString", "coordinates": [[24.882465, 36.054721], [24.882465, 36.055721]]}, "properties": {"name": "N Evzonon St 1100 1198"}}, {"type": "Feature", "geometry": {"type": "LineString", "coordinates": [[24.883965, 36.057521], [24.883965, 36.058521]]}, "properties": {"name": "N Gounaraki St 1400 1498"}}, {"type": "Feature", "geometry": {"type": "LineString", "coordinates": [[24.885465, 36.058421], [24.883965, 36.058521]]}, "properties": {"name": "N Alamanas St 3000 3098"}}, {"type": "Feature", "geometry": {"type": "LineString", "coordinates": [[24.883965, 36.056621], [24.883965, 36.057521]]}, "properties": {"name": "N Gounaraki St 1300 1398"}}, {"type": "Feature", "geometry": {"type": "LineString", "coordinates": [[24.885465, 36.057521], [24.883965, 36.057521]]}, "properties": {"name": "N Agisilaou St 3000 3098"}}, {"type": "Feature", "geometry": {"type": "LineString", "coordinates": [[24.883965, 36.055721], [24.883965, 36.056621]]}, "properties": {"name": "N Gounaraki St 1200 1298"}}, {"type": "Feature", "geometry": {"type": "LineString", "coordinates": [[24.885465, 36.056621], [24.883965, 36.056621]]}, "properties": {"name": "N Agiasou St 3000 3098"}}, {"type": "Feature", "geometry": {"type": "LineString", "coordinates": [[24.883965, 36.054721], [24.883965, 36.055721]]}, "properties": {"name": "N Gounaraki St 1100 1198"}}, {"type": "Feature", "geometry": {"type": "LineString", "coordinates": [[24.885465, 36.055621], [24.883965, 36.055721]]}, "properties": {"name": "N Agentes St 3000 3098"}}, {"type": "Feature", "geometry": {"type": "LineString", "coordinates": [[24.882465, 36.052821], [24.882465, 36.053821]]}, "properties": {"name": "N Evzonon St 900 932"}}, {"type": "Feature", "geometry": {"type": "LineString", "coordinates": [[24.883965, 36.054721], [24.882465, 36.054721]]}, "properties": {"name": "N Achilleos St 3100 3198"}}, {"type": "Feature", "geometry": {"type": "LineString", "coordinates": [[24.882465, 36.052821], [24.881165, 36.052721]]}, "properties": {"name": "N Ermou St 3200 3298"}}, {"type": "Feature", "geometry": {"type": "LineString", "coordinates": [[24.883965, 36.052721], [24.882465, 36.052821]]}, "properties": {"name": "N Ermou St 3100 3198"}}, {"type": "Feature", "geometry": {"type": "LineString", "coordinates": [[24.882465, 36.051921], [24.882465, 36.052821]]}, "properties": {"name": "N Evzonon St 800 898"}}, {"type": "Feature", "geometry": {"type": "LineString", "coordinates": [[24.883965, 36.053721], [24.883965, 36.054721]]}, "properties": {"name": "N Gounaraki St 1000 1098"}}, {"type": "Feature", "geometry": {"type": "LineString", "coordinates": [[24.885465, 36.054721], [24.883965, 36.054721]]}, "properties": {"name": "N Achilleos St 3000 3098"}}, {"type": "Feature", "geometry": {"type": "LineString", "coordinates": [[24.883965, 36.052721], [24.883965, 36.053721]]}, "properties": {"name": "N Gounaraki St 900 998"}}, {"type": "Feature", "geometry": {"type": "LineString", "coordinates": [[24.885465, 36.053721], [24.883965, 36.053721]]}, "properties": {"name": "N Acera St 3000 3098"}}, {"type": "Feature", "geometry": {"type": "LineString", "coordinates": [[24.885365, 36.052721], [24.883965, 36.052721]]}, "properties": {"name": "N Ermou St 3000 3098"}}, {"type": "Feature", "geometry": {"type": "LineString", "coordinates": [[24.883965, 36.051921], [24.883965, 36.052721]]}, "properties": {"name": "N Gounaraki St 800 898"}}, {"type": "Feature", "geometry": {"type": "LineString", "coordinates": [[24.885465, 36.057521], [24.885465, 36.058421]]}, "properties": {"name": "N Lumen St 1400 1498"}}, {"type": "Feature", "geometry": {"type": "LineString", "coordinates": [[24.886865, 36.058421], [24.885465, 36.058421]]}, "properties": {"name": "N Alamanas St 2900 2998"}}, {"type": "Feature", "geometry": {"type": "LineString", "coordinates": [[24.885465, 36.056621], [24.885465, 36.057521]]}, "properties": {"name": "N Lumen St 1300 1398"}}, {"type": "Feature", "geometry": {"type": "LineString", "coordinates": [[24.886865, 36.057521], [24.885465, 36.057521]]}, "properties": {"name": "N Agisilaou St 2900 2998"}}, {"type": "Feature", "geometry": {"type": "LineString", "coordinates": [[24.885465, 36.055621], [24.885465, 36.056621]]}, "properties": {"name": "N Lumen St 1200 1298"}}, {"type": "Feature", "geometry": {"type": "LineString", "coordinates": [[24.886865, 36.056621], [24.885465, 36.056621]]}, "properties": {"name": "N Agiasou St 2900 2998"}}, {"type": "Feature", "geometry": {"type": "LineString", "coordinates": [[24.885465, 36.054721], [24.885465, 36.055621]]}, "properties": {"name": "N Lumen St 1100 1198"}}, {"type": "Feature", "geometry": {"type": "LineString", "coordinates": [[24.886842, 36.055547], [24.885465, 36.055621]]}, "properties": {"name": "N Agentes St 2900 2998"}}, {"type": "Feature", "geometry": {"type": "LineString", "coordinates": [[24.887465, 36.058421], [24.886865, 36.058421]]}, "properties": {"name": "N Alamanas St 2800 2898"}}, {"type": "Feature", "geometry": {"type": "LineString", "coordinates": [[24.886865, 36.057521], [24.886865, 36.058421]]}, "properties": {"name": "N Pluma St 1400 1498"}}, {"type": "Feature", "geometry": {"type": "LineString", "coordinates": [[24.887465, 36.057121], [24.887465, 36.058421]]}, "properties": {"name": "N Fewnol St 1400 1498"}}, {"type": "Feature", "geometry": {"type": "LineString", "coordinates": [[24.886865, 36.057121], [24.886865, 36.057521]]}, "properties": {"name": "N Pluma St"}}, {"type": "Feature", "geometry": {"type": "LineString", "coordinates": [[24.886865, 36.056621], [24.886865, 36.057121]]}, "properties": {"name": "N Pluma St 1300 1398"}}, {"type": "Feature", "geometry": {"type": "LineString", "coordinates": [[24.887465, 36.057121], [24.886865, 36.057121]]}, "properties": {"name": "N Agisilaou St 2800 2898"}}, {"type": "Feature", "geometry": {"type": "LineString", "coordinates": [[24.886865, 36.055921], [24.886865, 36.056621]]}, "properties": {"name": "N Pluma St 1212 1298"}}, {"type": "Feature", "geometry": {"type": "LineString", "coordinates": [[24.887465, 36.055921], [24.887465, 36.057121]]}, "properties": {"name": "N Fewnol St 1200 1398"}}, {"type": "Feature", "geometry": {"type": "LineString", "coordinates": [[24.888665, 36.057121], [24.887465, 36.057121]]}, "properties": {"name": "N Agisilaou St 2700 2798"}}, {"type": "Feature", "geometry": {"type": "LineString", "coordinates": [[24.887465, 36.055921], [24.886865, 36.055921]]}, "properties": {"name": "N Agentes St 2800 2898"}}, {"type": "Feature", "geometry": {"type": "LineString", "coordinates": [[24.886842, 36.055547], [24.886865, 36.055921]]}, "properties": {"name": "N Pluma St 1200 1210"}}, {"type": "Feature", "geometry": {"type": "LineString", "coordinates": [[24.887476, 36.054636], [24.887465, 36.055921]]}, "properties": {"name": "N Fewnol St 1100 1198"}}, {"type": "Feature", "geometry": {"type": "LineString", "coordinates": [[24.888665, 36.055921], [24.887465, 36.055921]]}, "properties": {"name": "N Agentes St 2700 2798"}}, {"type": "Feature", "geometry": {"type": "LineString", "coordinates": [[24.886765, 36.054621], [24.885465, 36.054721]]}, "properties": {"name": "N Achilleos St 2900 2998"}}, {"type": "Feature", "geometry": {"type": "LineString", "coordinates": [[24.885465, 36.053721], [24.885465, 36.054721]]}, "properties": {"name": "N Lumen St 1000 1098"}}, {"type": "Feature", "geometry": {"type": "LineString", "coordinates": [[24.88676, 36.05373], [24.886765, 36.054621]]}, "properties": {"name": "N Pluma St 1000 1098"}}, {"type": "Feature", "geometry": {"type": "LineString", "coordinates": [[24.885365, 36.052721], [24.885465, 36.053721]]}, "properties": {"name": "N Lumen St 900 998"}}, {"type": "Feature", "geometry": {"type": "LineString", "coordinates": [[24.88676, 36.05373], [24.885465, 36.053721]]}, "properties": {"name": "N Acera St 2900 2998"}}, {"type": "Feature", "geometry": {"type": "LineString", "coordinates": [[24.886565, 36.052721], [24.885365, 36.052721]]}, "properties": {"name": "N Ermou St 2900 2998"}}, {"type": "Feature", "geometry": {"type": "LineString", "coordinates": [[24.885465, 36.051921], [24.885365, 36.052721]]}, "properties": {"name": "N Lumen St 800 898"}}, {"type": "Feature", "geometry": {"type": "LineString", "coordinates": [[24.887465, 36.053321], [24.886765, 36.053321]]}, "properties": {"name": "N Acera St 2800 2898"}}, {"type": "Feature", "geometry": {"type": "LineString", "coordinates": [[24.886686, 36.052821], [24.88672, 36.052857], [24.886757, 36.052926], [24.886765, 36.053321]]}, "properties": {"name": "N Pluma St 900 958"}}, {"type": "Feature", "geometry": {"type": "LineString", "coordinates": [[24.886686, 36.052821], [24.886608, 36.052778], [24.886565, 36.052721]]}, "properties": {"name": "N Ermou St"}}, {"type": "Feature", "geometry": {"type": "LineString", "coordinates": [[24.886565, 36.052021], [24.886565, 36.052721]]}, "properties": {"name": "N Pluma St 822 898"}}, {"type": "Feature", "geometry": {"type": "LineString", "coordinates": [[24.886765, 36.054621], [24.886842, 36.055547]]}, "properties": {"name": "N Pluma St 1100 1198"}}, {"type": "Feature", "geometry": {"type": "LineString", "coordinates": [[24.887476, 36.054636], [24.886765, 36.054621]]}, "properties": {"name": "N Achilleos St 2800 2898"}}, {"type": "Feature", "geometry": {"type": "LineString", "coordinates": [[24.887465, 36.053321], [24.887476, 36.054636]]}, "properties": {"name": "N Fewnol St 1000 1098"}}, {"type": "Feature", "geometry": {"type": "LineString", "coordinates": [[24.888606, 36.054636], [24.887476, 36.054636]]}, "properties": {"name": "N Achilleos St 2700 2798"}}, {"type": "Feature", "geometry": {"type": "LineString", "coordinates": [[24.886765, 36.053321], [24.88676, 36.05373]]}, "properties": {"name": "N Pluma St 960 998"}}, {"type": "Feature", "geometry": {"type": "LineString", "coordinates": [[24.887465, 36.052021], [24.887465, 36.053321]]}, "properties": {"name": "N Fewnol St 800 998"}}, {"type": "Feature", "geometry": {"type": "LineString", "coordinates": [[24.888665, 36.053321], [24.887465, 36.053321]]}, "properties": {"name": "N Acera St 2700 2798"}}, {"type": "Feature", "geometry": {"type": "LineString", "coordinates": [[24.834606, 36.045457], [24.834606, 36.046525], [24.835563, 36.046536]]}, "properties": {"name": ""}}, {"type": "Feature", "geometry": {"type": "LineString", "coordinates": [[24.837245, 36.04622], [24.837627, 36.046174]]}, "properties": {"name": ""}}, {"type": "Feature", "geometry": {"type": "LineString", "coordinates": [[24.837245, 36.04622], [24.837184, 36.045465]]}, "properties": {"name": ""}}, {"type": "Feature", "geometry": {"type": "LineString", "coordinates": [[24.837627, 36.046174], [24.837764, 36.04662]]}, "properties": {"name": "S Wenna St 1014 1000"}}, {"type": "Feature", "geometry": {"type": "LineString", "coordinates": [[24.839164, 36.04662], [24.837764, 36.04662]]}, "properties": {"name": "S Acera St 6300 6398"}}, {"type": "Feature", "geometry": {"type": "LineString", "coordinates": [[24.837642, 36.045503], [24.837627, 36.046174]]}, "properties": {"name": "S Wenna St 1024 1016"}}, {"type": "Feature", "geometry": {"type": "LineString", "coordinates": [[24.837184, 36.045465], [24.837261, 36.045106], [24.835964, 36.045075]]}, "properties": {"name": ""}}, {"type": "Feature", "geometry": {"type": "LineString", "coordinates": [[24.837184, 36.045465], [24.837642, 36.045503]]}, "properties": {"name": ""}}, {"type": "Feature", "geometry": {"type": "LineString", "coordinates": [[24.844264, 36.05032], [24.844036, 36.052201]]}, "properties": {"name": "N Pilau St 600 852"}}, {"type": "Feature", "geometry": {"type": "LineString", "coordinates": [[24.845664, 36.05032], [24.844264, 36.05032]]}, "properties": {"name": "Egeou Ave 5800 5898"}}, {"type": "Feature", "geometry": {"type": "LineString", "coordinates": [[24.844264, 36.05032], [24.844364, 36.04682]]}, "properties": {"name": "S Pilau St 601 999"}}, {"type": "Feature", "geometry": {"type": "LineString", "coordinates": [[24.847064, 36.05032], [24.845664, 36.05032]]}, "properties": {"name": "Egeou Ave 5700 5798"}}, {"type": "Feature", "geometry": {"type": "LineString", "coordinates": [[24.845164, 36.04672], [24.844364, 36.04682]]}, "properties": {"name": "S Acera St 5800 5898"}}, {"type": "Feature", "geometry": {"type": "LineString", "coordinates": [[24.846981, 36.047212], [24.846141, 36.048921], [24.845664, 36.05032]]}, "properties": {"name": "Skaldis"}}, {"type": "Feature", "geometry": {"type": "LineString", "coordinates": [[24.846858, 36.049127], [24.847064, 36.05032]]}, "properties": {"name": ""}}, {"type": "Feature", "geometry": {"type": "LineString", "coordinates": [[24.849964, 36.05022], [24.848664, 36.05032], [24.848567, 36.05032]]}, "properties": {"name": "Egeou Ave 5500 5598"}}, {"type": "Feature", "geometry": {"type": "LineString", "coordinates": [[24.848354, 36.049127], [24.848567, 36.05032]]}, "properties": {"name": "S Yonille St 748 600"}}, {"type": "Feature", "geometry": {"type": "LineString", "coordinates": [[24.849949, 36.049133], [24.849964, 36.05022]]}, "properties": {"name": "S Scarkeme St 798 600"}}, {"type": "Feature", "geometry": {"type": "LineString", "coordinates": [[24.855264, 36.05022], [24.849964, 36.05022]]}, "properties": {"name": "Egeou Ave 5100 5498"}}, {"type": "Feature", "geometry": {"type": "LineString", "coordinates": [[24.848354, 36.049127], [24.847472, 36.049127]]}, "properties": {"name": "S Els St"}}, {"type": "Feature", "geometry": {"type": "LineString", "coordinates": [[24.846981, 36.047212], [24.846849, 36.047982]]}, "properties": {"name": ""}}, {"type": "Feature", "geometry": {"type": "LineString", "coordinates": [[24.841263, 36.07212], [24.841563, 36.07262]]}, "properties": {"name": "N Gerantoni St 3200 3298"}}, {"type": "Feature", "geometry": {"type": "LineString", "coordinates": [[24.84988, 36.048608], [24.849949, 36.049133]]}, "properties": {"name": "S Scarkeme St 812 800"}}, {"type": "Feature", "geometry": {"type": "LineString", "coordinates": [[24.849898, 36.048106], [24.84988, 36.048608]]}, "properties": {"name": "S Scarkeme St 898 814"}}, {"type": "Feature", "geometry": {"type": "LineString", "coordinates": [[24.84989, 36.04782], [24.849898, 36.048106]]}, "properties": {"name": "S Scarkeme St 906 900"}}, {"type": "Feature", "geometry": {"type": "LineString", "coordinates": [[24.84989, 36.04782], [24.849964, 36.04702]]}, "properties": {"name": "S Scarkeme St 901 999"}}, {"type": "Feature", "geometry": {"type": "LineString", "coordinates": [[24.851764, 36.04782], [24.84989, 36.04782]]}, "properties": {"name": "S Ermou St 5400 5498"}}, {"type": "Feature", "geometry": {"type": "LineString", "coordinates": [[24.848369, 36.047227], [24.849964, 36.04702]]}, "properties": {"name": "S Acera St 5517 5501"}}, {"type": "Feature", "geometry": {"type": "LineString", "coordinates": [[24.848583, 36.045915], [24.848369, 36.047227]]}, "properties": {"name": "S Yonille St 998 908"}}, {"type": "Feature", "geometry": {"type": "LineString", "coordinates": [[24.849964, 36.04702], [24.849964, 36.04672], [24.849964, 36.04592]]}, "properties": {"name": "S Scarkeme St 1001 1099"}}, {"type": "Feature", "geometry": {"type": "LineString", "coordinates": [[24.851764, 36.04702], [24.849964, 36.04702]]}, "properties": {"name": "S Acera St 5400 5498"}}, {"type": "Feature", "geometry": {"type": "LineString", "coordinates": [[24.846981, 36.047212], [24.848351, 36.045705]]}, "properties": {"name": "Skaldis  1191 1175"}}, {"type": "Feature", "geometry": {"type": "LineString", "coordinates": [[24.851764, 36.04592], [24.849964, 36.04592]]}, "properties": {"name": "S Achilleos St 5400 5498"}}, {"type": "Feature", "geometry": {"type": "LineString", "coordinates": [[24.851764, 36.04782], [24.851764, 36.04702]]}, "properties": {"name": "S Finiatur St 901 999"}}, {"type": "Feature", "geometry": {"type": "LineString", "coordinates": [[24.853364, 36.04782], [24.851764, 36.04782]]}, "properties": {"name": "S Ermou St 5200 5398"}}, {"type": "Feature", "geometry": {"type": "LineString", "coordinates": [[24.84988, 36.048608], [24.851792, 36.048628]]}, "properties": {"name": "S Els St 5499 5401"}}, {"type": "Feature", "geometry": {"type": "LineString", "coordinates": [[24.853384, 36.048609], [24.855264, 36.04862]]}, "properties": {"name": "S Els St"}}, {"type": "Feature", "geometry": {"type": "LineString", "coordinates": [[24.853364, 36.04702], [24.851764, 36.04702]]}, "properties": {"name": "S Acera St 5200 5398"}}, {"type": "Feature", "geometry": {"type": "LineString", "coordinates": [[24.851764, 36.04702], [24.851764, 36.04592]]}, "properties": {"name": "S Finiatur St 1001 1099"}}, {"type": "Feature", "geometry": {"type": "LineString", "coordinates": [[24.855364, 36.05102], [24.855364, 36.05192]]}, "properties": {"name": "N Parla St 700 844"}}, {"type": "Feature", "geometry": {"type": "LineString", "coordinates": [[24.856464, 36.05192], [24.855364, 36.05192]]}, "properties": {"name": "N Els St 5000 5098"}}, {"type": "Feature", "geometry": {"type": "LineString", "coordinates": [[24.855264, 36.05022], [24.855364, 36.05102]]}, "properties": {"name": "N Parla St 600 698"}}, {"type": "Feature", "geometry": {"type": "LineString", "coordinates": [[24.856564, 36.05102], [24.855364, 36.05102]]}, "properties": {"name": "N Eleftherias St 5000 5098"}}, {"type": "Feature", "geometry": {"type": "LineString", "coordinates": [[24.855265, 36.049448], [24.855264, 36.05022]]}, "properties": {"name": "S Parla St 698 600"}}, {"type": "Feature", "geometry": {"type": "LineString", "coordinates": [[24.856464, 36.05022], [24.855264, 36.05022]]}, "properties": {"name": "Egeou Ave 5000 5098"}}, {"type": "Feature", "geometry": {"type": "LineString", "coordinates": [[24.855264, 36.04862], [24.855265, 36.049448]]}, "properties": {"name": "S Parla St 798 700"}}, {"type": "Feature", "geometry": {"type": "LineString", "coordinates": [[24.853364, 36.04782], [24.853364, 36.04702]]}, "properties": {"name": "S Tolleniau St 901 999"}}, {"type": "Feature", "geometry": {"type": "LineString", "coordinates": [[24.855264, 36.04782], [24.853364, 36.04782]]}, "properties": {"name": "S Ermou St 5100 5198"}}, {"type": "Feature", "geometry": {"type": "LineString", "coordinates": [[24.855264, 36.04702], [24.853364, 36.04702]]}, "properties": {"name": "S Acera St 5100 5198"}}, {"type": "Feature", "geometry": {"type": "LineString", "coordinates": [[24.853364, 36.04702], [24.853364, 36.04592]]}, "properties": {"name": "S Tolleniau St 1001 1099"}}, {"type": "Feature", "geometry": {"type": "LineString", "coordinates": [[24.855264, 36.04862], [24.855264, 36.04782]]}, "properties": {"name": "S Parla St 807 899"}}, {"type": "Feature", "geometry": {"type": "LineString", "coordinates": [[24.855264, 36.04782], [24.855264, 36.04702]]}, "properties": {"name": "S Parla St 901 999"}}, {"type": "Feature", "geometry": {"type": "LineString", "coordinates": [[24.855264, 36.04702], [24.855264, 36.04592]]}, "properties": {"name": "S Parla St 1001 1099"}}, {"type": "Feature", "geometry": {"type": "LineString", "coordinates": [[24.853364, 36.04592], [24.851764, 36.04592]]}, "properties": {"name": "S Achilleos St 5200 5398"}}, {"type": "Feature", "geometry": {"type": "LineString", "coordinates": [[24.855264, 36.04592], [24.855264, 36.04502]]}, "properties": {"name": "S Parla St 1101 1199"}}, {"type": "Feature", "geometry": {"type": "LineString", "coordinates": [[24.856564, 36.05102], [24.856464, 36.05192]]}, "properties": {"name": "N Limnou St 700 798"}}, {"type": "Feature", "geometry": {"type": "LineString", "coordinates": [[24.859464, 36.05192], [24.856464, 36.05192]]}, "properties": {"name": "N Els St 4800 4998"}}, {"type": "Feature", "geometry": {"type": "LineString", "coordinates": [[24.856464, 36.05022], [24.856564, 36.05102]]}, "properties": {"name": "N Limnou St 600 698"}}, {"type": "Feature", "geometry": {"type": "LineString", "coordinates": [[24.859464, 36.05102], [24.856564, 36.05102]]}, "properties": {"name": "N Eleftherias St 4800 4998"}}, {"type": "Feature", "geometry": {"type": "LineString", "coordinates": [[24.856464, 36.05022], [24.856464, 36.04932]]}, "properties": {"name": "S Limnou St 601 699"}}, {"type": "Feature", "geometry": {"type": "LineString", "coordinates": [[24.859464, 36.05022], [24.856464, 36.05022]]}, "properties": {"name": "Egeou Ave 4800 4998"}}, {"type": "Feature", "geometry": {"type": "LineString", "coordinates": [[24.859464, 36.04932], [24.85938, 36.04932]]}, "properties": {"name": "S Eleftherias St 4552 4798"}}, {"type": "Feature", "geometry": {"type": "LineString", "coordinates": [[24.859464, 36.05102], [24.859464, 36.05192]]}, "properties": {"name": "N Omirou St 700 798"}}, {"type": "Feature", "geometry": {"type": "LineString", "coordinates": [[24.861064, 36.05192], [24.859464, 36.05192]]}, "properties": {"name": "N Els St 4600 4798"}}, {"type": "Feature", "geometry": {"type": "LineString", "coordinates": [[24.859464, 36.05022], [24.859464, 36.05102]]}, "properties": {"name": "N Omirou St 600 698"}}, {"type": "Feature", "geometry": {"type": "LineString", "coordinates": [[24.861064, 36.05102], [24.859464, 36.05102]]}, "properties": {"name": "N Eleftherias St 4600 4798"}}, {"type": "Feature", "geometry": {"type": "LineString", "coordinates": [[24.861164, 36.05022], [24.859464, 36.05022]]}, "properties": {"name": "Egeou Ave 4600 4798"}}, {"type": "Feature", "geometry": {"type": "LineString", "coordinates": [[24.862364, 36.04932], [24.859464, 36.04932]]}, "properties": {"name": "S Eleftherias St 4500 4550"}}, {"type": "Feature", "geometry": {"type": "LineString", "coordinates": [[24.859464, 36.04742], [24.859479, 36.047807]]}, "properties": {"name": "S Omirou St 910 700"}}, {"type": "Feature", "geometry": {"type": "LineString", "coordinates": [[24.862364, 36.04742], [24.859464, 36.04742]]}, "properties": {"name": "S Ermou St 4500 4798"}}, {"type": "Feature", "geometry": {"type": "LineString", "coordinates": [[24.862364, 36.04662], [24.859464, 36.04662]]}, "properties": {"name": "S Acera St 4500 4798"}}, {"type": "Feature", "geometry": {"type": "LineString", "coordinates": [[24.859464, 36.04662], [24.859564, 36.04582]]}, "properties": {"name": "S Omirou St 1001 1099"}}, {"type": "Feature", "geometry": {"type": "LineString", "coordinates": [[24.861064, 36.05102], [24.861064, 36.05192]]}, "properties": {"name": "N Hacia St 700 798"}}, {"type": "Feature", "geometry": {"type": "LineString", "coordinates": [[24.864164, 36.05192], [24.862464, 36.05192]]}, "properties": {"name": "N Els St 4400 4428"}}, {"type": "Feature", "geometry": {"type": "LineString", "coordinates": [[24.861164, 36.05022], [24.861064, 36.05102]]}, "properties": {"name": "N Hacia St 600 698"}}, {"type": "Feature", "geometry": {"type": "LineString", "coordinates": [[24.862464, 36.05022], [24.861164, 36.05022]]}, "properties": {"name": "Egeou Ave 4500 4598"}}, {"type": "Feature", "geometry": {"type": "LineString", "coordinates": [[24.862364, 36.05112], [24.861064, 36.05102]]}, "properties": {"name": "N Eleftherias St 4500 4598"}}, {"type": "Feature", "geometry": {"type": "LineString", "coordinates": [[24.862464, 36.05022], [24.862364, 36.05112]]}, "properties": {"name": "N Thessalias St 600 698"}}, {"type": "Feature", "geometry": {"type": "LineString", "coordinates": [[24.864164, 36.05112], [24.862364, 36.05112]]}, "properties": {"name": "N Eleftherias St 4400 4498"}}, {"type": "Feature", "geometry": {"type": "LineString", "coordinates": [[24.862464, 36.05022], [24.862364, 36.04932]]}, "properties": {"name": "S Thessalias St 601 699"}}, {"type": "Feature", "geometry": {"type": "LineString", "coordinates": [[24.864156, 36.050143], [24.862464, 36.05022]]}, "properties": {"name": "Egeou Ave 4400 4498"}}, {"type": "Feature", "geometry": {"type": "LineString", "coordinates": [[24.862364, 36.04932], [24.862364, 36.04822]]}, "properties": {"name": "S Thessalias St 701 799"}}, {"type": "Feature", "geometry": {"type": "LineString", "coordinates": [[24.864164, 36.04922], [24.862364, 36.04932]]}, "properties": {"name": "S Eleftherias St 4400 4498"}}, {"type": "Feature", "geometry": {"type": "LineString", "coordinates": [[24.862364, 36.04822], [24.860764, 36.04832]]}, "properties": {"name": "S Els St 4500 4798"}}, {"type": "Feature", "geometry": {"type": "LineString", "coordinates": [[24.862364, 36.04822], [24.862364, 36.04742]]}, "properties": {"name": "S Thessalias St 801 899"}}, {"type": "Feature", "geometry": {"type": "LineString", "coordinates": [[24.864164, 36.04822], [24.862364, 36.04822]]}, "properties": {"name": "S Els St 4400 4498"}}, {"type": "Feature", "geometry": {"type": "LineString", "coordinates": [[24.862364, 36.04742], [24.862364, 36.04662]]}, "properties": {"name": "S Thessalias St 901 999"}}, {"type": "Feature", "geometry": {"type": "LineString", "coordinates": [[24.864164, 36.04742], [24.862364, 36.04742]]}, "properties": {"name": "S Ermou St 4400 4498"}}, {"type": "Feature", "geometry": {"type": "LineString", "coordinates": [[24.862364, 36.04662], [24.862264, 36.04582]]}, "properties": {"name": "S Thessalias St 1001 1099"}}, {"type": "Feature", "geometry": {"type": "LineString", "coordinates": [[24.864264, 36.04662], [24.862364, 36.04662]]}, "properties": {"name": "S Acera St 4400 4498"}}, {"type": "Feature", "geometry": {"type": "LineString", "coordinates": [[24.862264, 36.04582], [24.859564, 36.04582]]}, "properties": {"name": "S Achilleos St 4500 4798"}}, {"type": "Feature", "geometry": {"type": "LineString", "coordinates": [[24.864264, 36.04582], [24.862264, 36.04582]]}, "properties": {"name": "S Achilleos St 4400 4498"}}, {"type": "Feature", "geometry": {"type": "LineString", "coordinates": [[24.864164, 36.05112], [24.864164, 36.05192]]}, "properties": {"name": "N Spetson St 700 798"}}, {"type": "Feature", "geometry": {"type": "LineString", "coordinates": [[24.865964, 36.05192], [24.864164, 36.05192]]}, "properties": {"name": "N Els St 4300 4398"}}, {"type": "Feature", "geometry": {"type": "LineString", "coordinates": [[24.864156, 36.050143], [24.864164, 36.05112]]}, "properties": {"name": "N Spetson St 600 698"}}, {"type": "Feature", "geometry": {"type": "LineString", "coordinates": [[24.865964, 36.05112], [24.864164, 36.05112]]}, "properties": {"name": "N Eleftherias St 4300 4398"}}, {"type": "Feature", "geometry": {"type": "LineString", "coordinates": [[24.864156, 36.050143], [24.864164, 36.04922]]}, "properties": {"name": "S Spetson St 601 701"}}, {"type": "Feature", "geometry": {"type": "LineString", "coordinates": [[24.865964, 36.05012], [24.864156, 36.050143]]}, "properties": {"name": "Egeou Ave 4300 4398"}}, {"type": "Feature", "geometry": {"type": "LineString", "coordinates": [[24.864164, 36.04922], [24.864164, 36.04822]]}, "properties": {"name": "S Spetson St 703 799"}}, {"type": "Feature", "geometry": {"type": "LineString", "coordinates": [[24.865964, 36.05112], [24.865964, 36.05192]]}, "properties": {"name": "N Nia Ave 700 798"}}, {"type": "Feature", "geometry": {"type": "LineString", "coordinates": [[24.865964, 36.05012], [24.865964, 36.05112]]}, "properties": {"name": "N Nia Ave 600 698"}}, {"type": "Feature", "geometry": {"type": "LineString", "coordinates": [[24.868664, 36.05112], [24.865964, 36.05112]]}, "properties": {"name": "N Eleftherias St 4100 4298"}}, {"type": "Feature", "geometry": {"type": "LineString", "coordinates": [[24.865964, 36.05012], [24.865982, 36.049257]]}, "properties": {"name": "S Nia Ave 601 699"}}, {"type": "Feature", "geometry": {"type": "LineString", "coordinates": [[24.868764, 36.05012], [24.865964, 36.05012]]}, "properties": {"name": "Egeou Ave 4100 4298"}}, {"type": "Feature", "geometry": {"type": "LineString", "coordinates": [[24.865982, 36.049257], [24.864164, 36.04922]]}, "properties": {"name": "S Eleftherias St 4300 4398"}}, {"type": "Feature", "geometry": {"type": "LineString", "coordinates": [[24.865982, 36.049257], [24.865964, 36.04822]]}, "properties": {"name": "S Nia Ave 701 799"}}, {"type": "Feature", "geometry": {"type": "LineString", "coordinates": [[24.867264, 36.04922], [24.865982, 36.049257]]}, "properties": {"name": "S Eleftherias St 4200 4298"}}, {"type": "Feature", "geometry": {"type": "LineString", "coordinates": [[24.864164, 36.04822], [24.864164, 36.04742]]}, "properties": {"name": "S Spetson St 801 899"}}, {"type": "Feature", "geometry": {"type": "LineString", "coordinates": [[24.865964, 36.04822], [24.864164, 36.04822]]}, "properties": {"name": "S Els St 4300 4398"}}, {"type": "Feature", "geometry": {"type": "LineString", "coordinates": [[24.864164, 36.04742], [24.864264, 36.04662]]}, "properties": {"name": "S Spetson St 901 999"}}, {"type": "Feature", "geometry": {"type": "LineString", "coordinates": [[24.865764, 36.04662], [24.864264, 36.04662]]}, "properties": {"name": "S Acera St 4300 4398"}}, {"type": "Feature", "geometry": {"type": "LineString", "coordinates": [[24.864264, 36.04662], [24.864264, 36.04582]]}, "properties": {"name": "S Spetson St 1001 1099"}}, {"type": "Feature", "geometry": {"type": "LineString", "coordinates": [[24.865964, 36.04822], [24.865964, 36.04752]]}, "properties": {"name": "S Nia Ave 801 899"}}, {"type": "Feature", "geometry": {"type": "LineString", "coordinates": [[24.865964, 36.04752], [24.864164, 36.04742]]}, "properties": {"name": "S Ermou St 4300 4398"}}, {"type": "Feature", "geometry": {"type": "LineString", "coordinates": [[24.868664, 36.04922], [24.867264, 36.04922]]}, "properties": {"name": "S Eleftherias St 4100 4198"}}, {"type": "Feature", "geometry": {"type": "LineString", "coordinates": [[24.867264, 36.04922], [24.867265, 36.047505]]}, "properties": {"name": "S Tavla St 701 799"}}, {"type": "Feature", "geometry": {"type": "LineString", "coordinates": [[24.868764, 36.05012], [24.868664, 36.05112]]}, "properties": {"name": "N Oddisseos St 600 698"}}, {"type": "Feature", "geometry": {"type": "LineString", "coordinates": [[24.869864, 36.05112], [24.868664, 36.05112]]}, "properties": {"name": "N Eleftherias St 4000 4098"}}, {"type": "Feature", "geometry": {"type": "LineString", "coordinates": [[24.868764, 36.05012], [24.868664, 36.04922]]}, "properties": {"name": "S Oddisseos St 601 699"}}, {"type": "Feature", "geometry": {"type": "LineString", "coordinates": [[24.869916, 36.05015], [24.868764, 36.05012]]}, "properties": {"name": "Egeou Ave 4000 4098"}}, {"type": "Feature", "geometry": {"type": "LineString", "coordinates": [[24.86842, 36.047441], [24.868664, 36.04922]]}, "properties": {"name": "S Oddisseos St 898 700"}}, {"type": "Feature", "geometry": {"type": "LineString", "coordinates": [[24.869865, 36.04922], [24.868664, 36.04922]]}, "properties": {"name": "S Eleftherias St 4000 4098"}}, {"type": "Feature", "geometry": {"type": "LineString", "coordinates": [[24.866665, 36.04702], [24.866565, 36.04572]]}, "properties": {"name": "S Tavla St 1001 1099"}}, {"type": "Feature", "geometry": {"type": "LineString", "coordinates": [[24.867865, 36.04642], [24.867965, 36.04562]]}, "properties": {"name": "S Ploutarchou St 1001 1099"}}, {"type": "Feature", "geometry": {"type": "LineString", "coordinates": [[24.868665, 36.04642], [24.86842, 36.047441]]}, "properties": {"name": "S Oddisseos St"}}, {"type": "Feature", "geometry": {"type": "LineString", "coordinates": [[24.868665, 36.04642], [24.868565, 36.04562]]}, "properties": {"name": "S Oddisseos St 1003 1099"}}, {"type": "Feature", "geometry": {"type": "LineString", "coordinates": [[24.864264, 36.04582], [24.864422, 36.045346]]}, "properties": {"name": "S Spetson St 1101 1151"}}, {"type": "Feature", "geometry": {"type": "LineString", "coordinates": [[24.86491, 36.04551], [24.86549, 36.04551], [24.86575, 36.045602], [24.865887, 36.045686], [24.865826, 36.045999]]}, "properties": {"name": "S Nia Ave"}}, {"type": "Feature", "geometry": {"type": "LineString", "coordinates": [[24.865826, 36.045999], [24.866565, 36.04572]]}, "properties": {"name": "S Achilleos St 4299 4201"}}, {"type": "Feature", "geometry": {"type": "LineString", "coordinates": [[24.867065, 36.04562], [24.866565, 36.04572]]}, "properties": {"name": "S Achilleos St 4200 4304"}}, {"type": "Feature", "geometry": {"type": "LineString", "coordinates": [[24.867965, 36.04562], [24.867065, 36.04562]]}, "properties": {"name": "S Achilleos St 4146 4198"}}, {"type": "Feature", "geometry": {"type": "LineString", "coordinates": [[24.868565, 36.04562], [24.867965, 36.04562]]}, "properties": {"name": "S Achilleos St 4100 4144"}}, {"type": "Feature", "geometry": {"type": "LineString", "coordinates": [[24.869864, 36.05112], [24.869864, 36.05152]]}, "properties": {"name": "N Mikonou St 700 798"}}, {"type": "Feature", "geometry": {"type": "LineString", "coordinates": [[24.869916, 36.05015], [24.869864, 36.05112]]}, "properties": {"name": "N Mikonou St 600 698"}}, {"type": "Feature", "geometry": {"type": "LineString", "coordinates": [[24.871392, 36.051079], [24.869864, 36.05112]]}, "properties": {"name": "N Eleftherias St 3900 3998"}}, {"type": "Feature", "geometry": {"type": "LineString", "coordinates": [[24.871374, 36.051901], [24.870764, 36.05192]]}, "properties": {"name": "N Els St 3900 3998"}}, {"type": "Feature", "geometry": {"type": "LineString", "coordinates": [[24.869916, 36.05015], [24.869865, 36.04922]]}, "properties": {"name": "S Mikonou St 601 699"}}, {"type": "Feature", "geometry": {"type": "LineString", "coordinates": [[24.871339, 36.049208], [24.869865, 36.04922]]}, "properties": {"name": "S Eleftherias St 3900 3998"}}, {"type": "Feature", "geometry": {"type": "LineString", "coordinates": [[24.869865, 36.04922], [24.870065, 36.04572]]}, "properties": {"name": "S Mikonou St 701 1099"}}, {"type": "Feature", "geometry": {"type": "LineString", "coordinates": [[24.871392, 36.051079], [24.871374, 36.051901]]}, "properties": {"name": "N Polvo St 700 798"}}, {"type": "Feature", "geometry": {"type": "LineString", "coordinates": [[24.871409, 36.05015], [24.871392, 36.051079]]}, "properties": {"name": "N Polvo St 600 698"}}, {"type": "Feature", "geometry": {"type": "LineString", "coordinates": [[24.873765, 36.05102], [24.871392, 36.051079]]}, "properties": {"name": "N Eleftherias St 3800 3898"}}, {"type": "Feature", "geometry": {"type": "LineString", "coordinates": [[24.871409, 36.05015], [24.869916, 36.05015]]}, "properties": {"name": "Egeou Ave 3900 3998"}}, {"type": "Feature", "geometry": {"type": "LineString", "coordinates": [[24.871409, 36.05015], [24.871339, 36.049208]]}, "properties": {"name": "S Polvo St 601 699"}}, {"type": "Feature", "geometry": {"type": "LineString", "coordinates": [[24.873816, 36.050138], [24.871409, 36.05015]]}, "properties": {"name": "Egeou Ave 3800 3898"}}, {"type": "Feature", "geometry": {"type": "LineString", "coordinates": [[24.871339, 36.049208], [24.871365, 36.04832]]}, "properties": {"name": "S Polvo St 701 799"}}, {"type": "Feature", "geometry": {"type": "LineString", "coordinates": [[24.873765, 36.04922], [24.871339, 36.049208]]}, "properties": {"name": "S Eleftherias St 3800 3898"}}, {"type": "Feature", "geometry": {"type": "LineString", "coordinates": [[24.871365, 36.04832], [24.871363, 36.047414]]}, "properties": {"name": "S Polvo St 801 899"}}, {"type": "Feature", "geometry": {"type": "LineString", "coordinates": [[24.873765, 36.04832], [24.871365, 36.04832]]}, "properties": {"name": "S Els St 3800 3898"}}, {"type": "Feature", "geometry": {"type": "LineString", "coordinates": [[24.871363, 36.047414], [24.871365, 36.04662]]}, "properties": {"name": "S Polvo St 901 999"}}, {"type": "Feature", "geometry": {"type": "LineString", "coordinates": [[24.873765, 36.04662], [24.871365, 36.04662]]}, "properties": {"name": "S Acera St 3800 3898"}}, {"type": "Feature", "geometry": {"type": "LineString", "coordinates": [[24.871365, 36.04662], [24.871265, 36.04572]]}, "properties": {"name": "S Polvo St 1001 1099"}}, {"type": "Feature", "geometry": {"type": "LineString", "coordinates": [[24.873765, 36.05192], [24.871374, 36.051901]]}, "properties": {"name": "N Els St 3800 3898"}}, {"type": "Feature", "geometry": {"type": "LineString", "coordinates": [[24.873765, 36.05102], [24.873765, 36.05192]]}, "properties": {"name": "N Estos St 700 798"}}, {"type": "Feature", "geometry": {"type": "LineString", "coordinates": [[24.875165, 36.05192], [24.873765, 36.05192]]}, "properties": {"name": "N Els St 3700 3798"}}, {"type": "Feature", "geometry": {"type": "LineString", "coordinates": [[24.873816, 36.050138], [24.873765, 36.05102]]}, "properties": {"name": "N Estos St 600 698"}}, {"type": "Feature", "geometry": {"type": "LineString", "coordinates": [[24.875165, 36.05102], [24.873765, 36.05102]]}, "properties": {"name": "N Eleftherias St 3700 3798"}}, {"type": "Feature", "geometry": {"type": "LineString", "coordinates": [[24.873816, 36.050138], [24.873765, 36.04922]]}, "properties": {"name": "S Estos St 601 699"}}, {"type": "Feature", "geometry": {"type": "LineString", "coordinates": [[24.875365, 36.05012], [24.873816, 36.050138]]}, "properties": {"name": "Egeou Ave 3700 3798"}}, {"type": "Feature", "geometry": {"type": "LineString", "coordinates": [[24.875265, 36.04922], [24.873765, 36.04922]]}, "properties": {"name": "S Eleftherias St 3700 3798"}}, {"type": "Feature", "geometry": {"type": "LineString", "coordinates": [[24.873765, 36.04922], [24.873765, 36.04832]]}, "properties": {"name": "S Estos St 701 799"}}, {"type": "Feature", "geometry": {"type": "LineString", "coordinates": [[24.875165, 36.05102], [24.875165, 36.05192]]}, "properties": {"name": "N Utmana St 700 798"}}, {"type": "Feature", "geometry": {"type": "LineString", "coordinates": [[24.876565, 36.05192], [24.875165, 36.05192]]}, "properties": {"name": "N Els St 3600 3698"}}, {"type": "Feature", "geometry": {"type": "LineString", "coordinates": [[24.875365, 36.05012], [24.875165, 36.05102]]}, "properties": {"name": "N Utmana St 600 698"}}, {"type": "Feature", "geometry": {"type": "LineString", "coordinates": [[24.876565, 36.05102], [24.875165, 36.05102]]}, "properties": {"name": "N Eleftherias St 3600 3698"}}, {"type": "Feature", "geometry": {"type": "LineString", "coordinates": [[24.875365, 36.05012], [24.875265, 36.04922]]}, "properties": {"name": "S Utmana St 601 699"}}, {"type": "Feature", "geometry": {"type": "LineString", "coordinates": [[24.876665, 36.05012], [24.875365, 36.05012]]}, "properties": {"name": "Egeou Ave 3600 3698"}}, {"type": "Feature", "geometry": {"type": "LineString", "coordinates": [[24.875265, 36.04922], [24.875265, 36.04832]]}, "properties": {"name": "S Utmana St 701 799"}}, {"type": "Feature", "geometry": {"type": "LineString", "coordinates": [[24.876665, 36.04912], [24.875265, 36.04922]]}, "properties": {"name": "S Eleftherias St 3600 3698"}}, {"type": "Feature", "geometry": {"type": "LineString", "coordinates": [[24.873765, 36.04832], [24.873759, 36.047439]]}, "properties": {"name": "S Estos St 801 899"}}, {"type": "Feature", "geometry": {"type": "LineString", "coordinates": [[24.875265, 36.04832], [24.873765, 36.04832]]}, "properties": {"name": "S Els St 3700 3798"}}, {"type": "Feature", "geometry": {"type": "LineString", "coordinates": [[24.873759, 36.047439], [24.871363, 36.047414]]}, "properties": {"name": "S Ermou St 3800 3898"}}, {"type": "Feature", "geometry": {"type": "LineString", "coordinates": [[24.873759, 36.047439], [24.873765, 36.04662]]}, "properties": {"name": "S Estos St 901 999"}}, {"type": "Feature", "geometry": {"type": "LineString", "coordinates": [[24.875165, 36.04742], [24.873759, 36.047439]]}, "properties": {"name": "S Ermou St 3700 3798"}}, {"type": "Feature", "geometry": {"type": "LineString", "coordinates": [[24.875165, 36.04662], [24.873765, 36.04662]]}, "properties": {"name": "S Acera St 3700 3798"}}, {"type": "Feature", "geometry": {"type": "LineString", "coordinates": [[24.873765, 36.04662], [24.873765, 36.04572]]}, "properties": {"name": "S Estos St 1001 1099"}}, {"type": "Feature", "geometry": {"type": "LineString", "coordinates": [[24.875265, 36.04832], [24.875165, 36.04742]]}, "properties": {"name": "S Utmana St 801 899"}}, {"type": "Feature", "geometry": {"type": "LineString", "coordinates": [[24.876665, 36.04832], [24.875265, 36.04832]]}, "properties": {"name": "S Els St 3600 3698"}}, {"type": "Feature", "geometry": {"type": "LineString", "coordinates": [[24.875165, 36.04742], [24.875165, 36.04662]]}, "properties": {"name": "S Utmana St 901 999"}}, {"type": "Feature", "geometry": {"type": "LineString", "coordinates": [[24.875165, 36.04662], [24.875165, 36.04572]]}, "properties": {"name": "S Utmana St 1001 1099"}}, {"type": "Feature", "geometry": {"type": "LineString", "coordinates": [[24.876765, 36.04662], [24.875165, 36.04662]]}, "properties": {"name": "S Acera St 3600 3698"}}, {"type": "Feature", "geometry": {"type": "LineString", "coordinates": [[24.871265, 36.04572], [24.870065, 36.04572]]}, "properties": {"name": "S Achilleos St 3900 3998"}}, {"type": "Feature", "geometry": {"type": "LineString", "coordinates": [[24.873765, 36.04572], [24.871265, 36.04572]]}, "properties": {"name": "S Achilleos St 3800 3898"}}, {"type": "Feature", "geometry": {"type": "LineString", "coordinates": [[24.876765, 36.04572], [24.875165, 36.04572]]}, "properties": {"name": "S Achilleos St 3600 3698"}}, {"type": "Feature", "geometry": {"type": "LineString", "coordinates": [[24.876565, 36.05102], [24.876565, 36.05192]]}, "properties": {"name": "N Taxiarchon Ave 723 799"}}, {"type": "Feature", "geometry": {"type": "LineString", "coordinates": [[24.878065, 36.05192], [24.876565, 36.05192]]}, "properties": {"name": "N Els St 3500 3598"}}, {"type": "Feature", "geometry": {"type": "LineString", "coordinates": [[24.876665, 36.05012], [24.876565, 36.05102]]}, "properties": {"name": "N Taxiarchon Ave 600 698"}}, {"type": "Feature", "geometry": {"type": "LineString", "coordinates": [[24.878065, 36.05102], [24.876565, 36.05102]]}, "properties": {"name": "N Eleftherias St 3500 3598"}}, {"type": "Feature", "geometry": {"type": "LineString", "coordinates": [[24.878065, 36.05012], [24.876665, 36.05012]]}, "properties": {"name": "Egeou Ave 3500 3598"}}, {"type": "Feature", "geometry": {"type": "LineString", "coordinates": [[24.876665, 36.05012], [24.876665, 36.04912]]}, "properties": {"name": "S Taxiarchon Ave 601 699"}}, {"type": "Feature", "geometry": {"type": "LineString", "coordinates": [[24.878065, 36.05102], [24.878065, 36.05192]]}, "properties": {"name": "N Profitou Ilia Ave 700 798"}}, {"type": "Feature", "geometry": {"type": "LineString", "coordinates": [[24.879565, 36.05192], [24.878065, 36.05192]]}, "properties": {"name": "N Els St 3400 3498"}}, {"type": "Feature", "geometry": {"type": "LineString", "coordinates": [[24.878065, 36.05012], [24.878065, 36.05102]]}, "properties": {"name": "N Profitou Ilia Ave 600 698"}}, {"type": "Feature", "geometry": {"type": "LineString", "coordinates": [[24.879565, 36.05102], [24.878065, 36.05102]]}, "properties": {"name": "N Eleftherias St 3400 3498"}}, {"type": "Feature", "geometry": {"type": "LineString", "coordinates": [[24.878065, 36.05012], [24.878065, 36.04912]]}, "properties": {"name": "S Profitou Ilia Ave 601 699"}}, {"type": "Feature", "geometry": {"type": "LineString", "coordinates": [[24.876665, 36.04912], [24.876665, 36.04832]]}, "properties": {"name": "S Taxiarchon Ave 701 799"}}, {"type": "Feature", "geometry": {"type": "LineString", "coordinates": [[24.878065, 36.04912], [24.876665, 36.04912]]}, "properties": {"name": "S Eleftherias St 3500 3598"}}, {"type": "Feature", "geometry": {"type": "LineString", "coordinates": [[24.876665, 36.04832], [24.876767, 36.047439]]}, "properties": {"name": "S Taxiarchon Ave 801 899"}}, {"type": "Feature", "geometry": {"type": "LineString", "coordinates": [[24.878165, 36.04832], [24.876665, 36.04832]]}, "properties": {"name": "S Els St 3500 3598"}}, {"type": "Feature", "geometry": {"type": "LineString", "coordinates": [[24.876767, 36.047439], [24.875165, 36.04742]]}, "properties": {"name": "S Ermou St 3600 3698"}}, {"type": "Feature", "geometry": {"type": "LineString", "coordinates": [[24.878065, 36.04742], [24.876767, 36.047439]]}, "properties": {"name": "S Ermou St 3500 3598"}}, {"type": "Feature", "geometry": {"type": "LineString", "coordinates": [[24.878165, 36.04652], [24.876765, 36.04662]]}, "properties": {"name": "S Acera St 3500 3598"}}, {"type": "Feature", "geometry": {"type": "LineString", "coordinates": [[24.876765, 36.04662], [24.876765, 36.04572]]}, "properties": {"name": "S Taxiarchon Ave 1001 1099"}}, {"type": "Feature", "geometry": {"type": "LineString", "coordinates": [[24.878065, 36.04912], [24.878165, 36.04832]]}, "properties": {"name": "S Profitou Ilia Ave 701 799"}}, {"type": "Feature", "geometry": {"type": "LineString", "coordinates": [[24.878165, 36.04832], [24.878065, 36.04742]]}, "properties": {"name": "S Profitou Ilia Ave 801 899"}}, {"type": "Feature", "geometry": {"type": "LineString", "coordinates": [[24.881065, 36.047421], [24.879565, 36.047421]]}, "properties": {"name": "S Ermou St 3300 3398"}}, {"type": "Feature", "geometry": {"type": "LineString", "coordinates": [[24.879565, 36.046521], [24.878165, 36.04652]]}, "properties": {"name": "S Acera St 3400 3498"}}, {"type": "Feature", "geometry": {"type": "LineString", "coordinates": [[24.878165, 36.04652], [24.878165, 36.045721]]}, "properties": {"name": "S Profitou Ilia Ave 1001 1099"}}, {"type": "Feature", "geometry": {"type": "LineString", "coordinates": [[24.879565, 36.05102], [24.879565, 36.05192]]}, "properties": {"name": "N Utanfor St 700 798"}}, {"type": "Feature", "geometry": {"type": "LineString", "coordinates": [[24.880965, 36.051921], [24.879565, 36.05192]]}, "properties": {"name": "N Els St 3300 3398"}}, {"type": "Feature", "geometry": {"type": "LineString", "coordinates": [[24.879565, 36.05022], [24.879565, 36.05102]]}, "properties": {"name": "N Utanfor St 600 698"}}, {"type": "Feature", "geometry": {"type": "LineString", "coordinates": [[24.881065, 36.051021], [24.879565, 36.05102]]}, "properties": {"name": "N Eleftherias St 3300 3398"}}, {"type": "Feature", "geometry": {"type": "LineString", "coordinates": [[24.879565, 36.05022], [24.878065, 36.05012]]}, "properties": {"name": "Egeou Ave 3400 3498"}}, {"type": "Feature", "geometry": {"type": "LineString", "coordinates": [[24.879565, 36.05022], [24.879565, 36.049221]]}, "properties": {"name": "S Utanfor St 601 699"}}, {"type": "Feature", "geometry": {"type": "LineString", "coordinates": [[24.881165, 36.050121], [24.879565, 36.05022]]}, "properties": {"name": "Egeou Ave 3300 3398"}}, {"type": "Feature", "geometry": {"type": "LineString", "coordinates": [[24.879565, 36.049221], [24.879565, 36.049121]]}, "properties": {"name": "S Utanfor St 701 711"}}, {"type": "Feature", "geometry": {"type": "LineString", "coordinates": [[24.881065, 36.049121], [24.879565, 36.049221]]}, "properties": {"name": "S Eleftherias St 3300 3398"}}, {"type": "Feature", "geometry": {"type": "LineString", "coordinates": [[24.881065, 36.051021], [24.880965, 36.051921]]}, "properties": {"name": "N Mattadou St 700 798"}}, {"type": "Feature", "geometry": {"type": "LineString", "coordinates": [[24.882465, 36.051921], [24.880965, 36.051921]]}, "properties": {"name": "N Els St 3200 3298"}}, {"type": "Feature", "geometry": {"type": "LineString", "coordinates": [[24.881165, 36.050121], [24.881065, 36.051021]]}, "properties": {"name": "N Mattadou St 600 698"}}, {"type": "Feature", "geometry": {"type": "LineString", "coordinates": [[24.882465, 36.051021], [24.881065, 36.051021]]}, "properties": {"name": "N Eleftherias St 3200 3298"}}, {"type": "Feature", "geometry": {"type": "LineString", "coordinates": [[24.881165, 36.050121], [24.881065, 36.049121]]}, "properties": {"name": "S Mattadou St 601 699"}}, {"type": "Feature", "geometry": {"type": "LineString", "coordinates": [[24.882482, 36.050112], [24.881165, 36.050121]]}, "properties": {"name": "Egeou Ave 3200 3298"}}, {"type": "Feature", "geometry": {"type": "LineString", "coordinates": [[24.879565, 36.048321], [24.879565, 36.048021]]}, "properties": {"name": "S Utanfor St 801 899"}}, {"type": "Feature", "geometry": {"type": "LineString", "coordinates": [[24.881165, 36.048321], [24.879565, 36.048321]]}, "properties": {"name": "S Els St 3300 3424"}}, {"type": "Feature", "geometry": {"type": "LineString", "coordinates": [[24.881065, 36.046521], [24.879565, 36.046521]]}, "properties": {"name": "S Acera St 3300 3398"}}, {"type": "Feature", "geometry": {"type": "LineString", "coordinates": [[24.879565, 36.046521], [24.879565, 36.04572]]}, "properties": {"name": "S Utanfor St 1001 1105"}}, {"type": "Feature", "geometry": {"type": "LineString", "coordinates": [[24.881065, 36.049121], [24.881165, 36.048321]]}, "properties": {"name": "S Mattadou St 701 799"}}, {"type": "Feature", "geometry": {"type": "LineString", "coordinates": [[24.882465, 36.049121], [24.881065, 36.049121]]}, "properties": {"name": "S Eleftherias St 3200 3298"}}, {"type": "Feature", "geometry": {"type": "LineString", "coordinates": [[24.881165, 36.048321], [24.881065, 36.047421]]}, "properties": {"name": "S Mattadou St 801 899"}}, {"type": "Feature", "geometry": {"type": "LineString", "coordinates": [[24.882465, 36.048321], [24.881165, 36.048321]]}, "properties": {"name": "S Els St 3200 3298"}}, {"type": "Feature", "geometry": {"type": "LineString", "coordinates": [[24.881065, 36.047421], [24.881065, 36.046521]]}, "properties": {"name": "S Mattadou St 901 999"}}, {"type": "Feature", "geometry": {"type": "LineString", "coordinates": [[24.882565, 36.047421], [24.881065, 36.047421]]}, "properties": {"name": "S Ermou St 3200 3298"}}, {"type": "Feature", "geometry": {"type": "LineString", "coordinates": [[24.881065, 36.046521], [24.881165, 36.045721]]}, "properties": {"name": "S Mattadou St 1001 1099"}}, {"type": "Feature", "geometry": {"type": "LineString", "coordinates": [[24.882565, 36.046521], [24.881065, 36.046521]]}, "properties": {"name": "S Acera St 3200 3298"}}, {"type": "Feature", "geometry": {"type": "LineString", "coordinates": [[24.878165, 36.045721], [24.876765, 36.04572]]}, "properties": {"name": "S Achilleos St 3500 3598"}}, {"type": "Feature", "geometry": {"type": "LineString", "coordinates": [[24.882565, 36.045721], [24.881165, 36.045721]]}, "properties": {"name": "S Achilleos St 3200 3298"}}, {"type": "Feature", "geometry": {"type": "LineString", "coordinates": [[24.882465, 36.051021], [24.882465, 36.051921]]}, "properties": {"name": "N Evzonon St 700 798"}}, {"type": "Feature", "geometry": {"type": "LineString", "coordinates": [[24.883965, 36.051921], [24.882465, 36.051921]]}, "properties": {"name": "N Els St 3100 3198"}}, {"type": "Feature", "geometry": {"type": "LineString", "coordinates": [[24.882482, 36.050112], [24.882465, 36.051021]]}, "properties": {"name": "N Evzonon St 600 698"}}, {"type": "Feature", "geometry": {"type": "LineString", "coordinates": [[24.883965, 36.051021], [24.882465, 36.051021]]}, "properties": {"name": "N Eleftherias St 3100 3198"}}, {"type": "Feature", "geometry": {"type": "LineString", "coordinates": [[24.884065, 36.050121], [24.882482, 36.050112]]}, "properties": {"name": "Egeou Ave 3100 3198"}}, {"type": "Feature", "geometry": {"type": "LineString", "coordinates": [[24.883965, 36.051021], [24.883965, 36.051921]]}, "properties": {"name": "N Gounaraki St 700 798"}}, {"type": "Feature", "geometry": {"type": "LineString", "coordinates": [[24.885465, 36.051921], [24.883965, 36.051921]]}, "properties": {"name": "N Els St 3000 3098"}}, {"type": "Feature", "geometry": {"type": "LineString", "coordinates": [[24.884065, 36.050121], [24.883965, 36.051021]]}, "properties": {"name": "N Gounaraki St 600 698"}}, {"type": "Feature", "geometry": {"type": "LineString", "coordinates": [[24.885465, 36.051021], [24.883965, 36.051021]]}, "properties": {"name": "N Eleftherias St 3000 3098"}}, {"type": "Feature", "geometry": {"type": "LineString", "coordinates": [[24.885565, 36.050121], [24.884065, 36.050121]]}, "properties": {"name": "Egeou Ave 3000 3098"}}, {"type": "Feature", "geometry": {"type": "LineString", "coordinates": [[24.882465, 36.049121], [24.882965, 36.048321]]}, "properties": {"name": ""}}, {"type": "Feature", "geometry": {"type": "LineString", "coordinates": [[24.883965, 36.049121], [24.882465, 36.049121]]}, "properties": {"name": "S Eleftherias St 3100 3198"}}, {"type": "Feature", "geometry": {"type": "LineString", "coordinates": [[24.882465, 36.048321], [24.882565, 36.047421]]}, "properties": {"name": "S Evzonon St 815 899"}}, {"type": "Feature", "geometry": {"type": "LineString", "coordinates": [[24.882965, 36.048321], [24.883965, 36.047421]]}, "properties": {"name": ""}}, {"type": "Feature", "geometry": {"type": "LineString", "coordinates": [[24.882565, 36.047421], [24.882565, 36.046521]]}, "properties": {"name": "S Evzonon St 901 999"}}, {"type": "Feature", "geometry": {"type": "LineString", "coordinates": [[24.883965, 36.046521], [24.882565, 36.046521]]}, "properties": {"name": "S Acera St 3100 3198"}}, {"type": "Feature", "geometry": {"type": "LineString", "coordinates": [[24.882565, 36.046521], [24.882565, 36.045721]]}, "properties": {"name": "S Evzonon St 1001 1099"}}, {"type": "Feature", "geometry": {"type": "LineString", "coordinates": [[24.883965, 36.049121], [24.883965, 36.048321]]}, "properties": {"name": "S Gounaraki St 701 799"}}, {"type": "Feature", "geometry": {"type": "LineString", "coordinates": [[24.885465, 36.049121], [24.883965, 36.049121]]}, "properties": {"name": "S Eleftherias St 3000 3098"}}, {"type": "Feature", "geometry": {"type": "LineString", "coordinates": [[24.885465, 36.048321], [24.883965, 36.048321]]}, "properties": {"name": "S Els St 3000 3098"}}, {"type": "Feature", "geometry": {"type": "LineString", "coordinates": [[24.883965, 36.047421], [24.883965, 36.046521]]}, "properties": {"name": "S Gounaraki St 901 999"}}, {"type": "Feature", "geometry": {"type": "LineString", "coordinates": [[24.885465, 36.047421], [24.883965, 36.047421]]}, "properties": {"name": "S Ermou St 3000 3098"}}, {"type": "Feature", "geometry": {"type": "LineString", "coordinates": [[24.885465, 36.046521], [24.883965, 36.046521]]}, "properties": {"name": "S Acera St 3000 3098"}}, {"type": "Feature", "geometry": {"type": "LineString", "coordinates": [[24.883965, 36.046521], [24.884065, 36.045721]]}, "properties": {"name": "S Gounaraki St 1001 1099"}}, {"type": "Feature", "geometry": {"type": "LineString", "coordinates": [[24.885465, 36.051021], [24.885465, 36.051921]]}, "properties": {"name": "N Lumen St 700 798"}}, {"type": "Feature", "geometry": {"type": "LineString", "coordinates": [[24.886565, 36.051821], [24.885465, 36.051921]]}, "properties": {"name": "N Els St 2900 2998"}}, {"type": "Feature", "geometry": {"type": "LineString", "coordinates": [[24.886565, 36.051021], [24.885465, 36.051021]]}, "properties": {"name": "N Eleftherias St 2900 2998"}}, {"type": "Feature", "geometry": {"type": "LineString", "coordinates": [[24.885565, 36.050121], [24.885465, 36.051021]]}, "properties": {"name": "N Lumen St 600 698"}}, {"type": "Feature", "geometry": {"type": "LineString", "coordinates": [[24.886565, 36.051821], [24.886565, 36.052021]]}, "properties": {"name": "N Pluma St 800 820"}}, {"type": "Feature", "geometry": {"type": "LineString", "coordinates": [[24.887465, 36.052021], [24.886565, 36.052021]]}, "properties": {"name": "N Els St 2804 2898"}}, {"type": "Feature", "geometry": {"type": "LineString", "coordinates": [[24.886565, 36.051021], [24.886565, 36.051821]]}, "properties": {"name": "N Pluma St 700 798"}}, {"type": "Feature", "geometry": {"type": "LineString", "coordinates": [[24.886665, 36.050221], [24.886565, 36.051021]]}, "properties": {"name": "N Pluma St 600 698"}}, {"type": "Feature", "geometry": {"type": "LineString", "coordinates": [[24.885565, 36.050121], [24.885465, 36.049121]]}, "properties": {"name": "S Lumen St 601 699"}}, {"type": "Feature", "geometry": {"type": "LineString", "coordinates": [[24.886665, 36.050221], [24.885565, 36.050121]]}, "properties": {"name": "Egeou Ave 2900 2998"}}, {"type": "Feature", "geometry": {"type": "LineString", "coordinates": [[24.886665, 36.050221], [24.886565, 36.049121]]}, "properties": {"name": "S Pluma St 601 699"}}, {"type": "Feature", "geometry": {"type": "LineString", "coordinates": [[24.887765, 36.052021], [24.887465, 36.052021]]}, "properties": {"name": "N Els St 2800 2802"}}, {"type": "Feature", "geometry": {"type": "LineString", "coordinates": [[24.887765, 36.050321], [24.887765, 36.052021]]}, "properties": {"name": "N Fewnol St 600 798"}}, {"type": "Feature", "geometry": {"type": "LineString", "coordinates": [[24.888665, 36.052021], [24.887765, 36.052021]]}, "properties": {"name": "N Els St 2700 2798"}}, {"type": "Feature", "geometry": {"type": "LineString", "coordinates": [[24.887765, 36.050321], [24.886665, 36.050221]]}, "properties": {"name": "Egeou Ave 2800 2898"}}, {"type": "Feature", "geometry": {"type": "LineString", "coordinates": [[24.887765, 36.050321], [24.887665, 36.049121]]}, "properties": {"name": "S Fewnol St 601 699"}}, {"type": "Feature", "geometry": {"type": "LineString", "coordinates": [[24.888965, 36.050321], [24.887765, 36.050321]]}, "properties": {"name": "Egeou Ave 2716 2798"}}, {"type": "Feature", "geometry": {"type": "LineString", "coordinates": [[24.885465, 36.049121], [24.885465, 36.048321]]}, "properties": {"name": "S Lumen St 701 799"}}, {"type": "Feature", "geometry": {"type": "LineString", "coordinates": [[24.886565, 36.049121], [24.885465, 36.049121]]}, "properties": {"name": "S Eleftherias St 2900 2998"}}, {"type": "Feature", "geometry": {"type": "LineString", "coordinates": [[24.886665, 36.048321], [24.885465, 36.048321]]}, "properties": {"name": "S Els St 2900 2998"}}, {"type": "Feature", "geometry": {"type": "LineString", "coordinates": [[24.885465, 36.048321], [24.885465, 36.047421]]}, "properties": {"name": "S Lumen St 801 899"}}, {"type": "Feature", "geometry": {"type": "LineString", "coordinates": [[24.886565, 36.049121], [24.886665, 36.048421]]}, "properties": {"name": "S Pluma St 707 799"}}, {"type": "Feature", "geometry": {"type": "LineString", "coordinates": [[24.887665, 36.049121], [24.886565, 36.049121]]}, "properties": {"name": "S Eleftherias St 2800 2898"}}, {"type": "Feature", "geometry": {"type": "LineString", "coordinates": [[24.886665, 36.048421], [24.886665, 36.048321]]}, "properties": {"name": "S Pluma St 801 865"}}, {"type": "Feature", "geometry": {"type": "LineString", "coordinates": [[24.886665, 36.048321], [24.886565, 36.047421]]}, "properties": {"name": "S Pluma St 867 931"}}, {"type": "Feature", "geometry": {"type": "LineString", "coordinates": [[24.885465, 36.047421], [24.885465, 36.046521]]}, "properties": {"name": "S Lumen St 901 999"}}, {"type": "Feature", "geometry": {"type": "LineString", "coordinates": [[24.886565, 36.047421], [24.885465, 36.047421]]}, "properties": {"name": "S Ermou St 2900 2998"}}, {"type": "Feature", "geometry": {"type": "LineString", "coordinates": [[24.886665, 36.046521], [24.885465, 36.046521]]}, "properties": {"name": "S Acera St 2900 2998"}}, {"type": "Feature", "geometry": {"type": "LineString", "coordinates": [[24.885465, 36.046521], [24.885565, 36.045721]]}, "properties": {"name": "S Lumen St 1001 1099"}}, {"type": "Feature", "geometry": {"type": "LineString", "coordinates": [[24.886565, 36.047421], [24.886665, 36.046721]]}, "properties": {"name": "S Pluma St 933 999"}}, {"type": "Feature", "geometry": {"type": "LineString", "coordinates": [[24.886665, 36.046721], [24.886665, 36.046521]]}, "properties": {"name": "S Pluma St 1001 1005"}}, {"type": "Feature", "geometry": {"type": "LineString", "coordinates": [[24.887565, 36.046721], [24.886665, 36.046721]]}, "properties": {"name": "S Acera St 2800 2898"}}, {"type": "Feature", "geometry": {"type": "LineString", "coordinates": [[24.886665, 36.046521], [24.886665, 36.046021]]}, "properties": {"name": "S Pluma St 1007 1099"}}, {"type": "Feature", "geometry": {"type": "LineString", "coordinates": [[24.887565, 36.046021], [24.886665, 36.046021]]}, "properties": {"name": "S Achilleos St 2800 2898"}}, {"type": "Feature", "geometry": {"type": "LineString", "coordinates": [[24.886665, 36.046021], [24.886665, 36.045621]]}, "properties": {"name": "S Pluma St"}}, {"type": "Feature", "geometry": {"type": "LineString", "coordinates": [[24.887665, 36.049121], [24.887765, 36.048521]]}, "properties": {"name": "S Fewnol St 701 799"}}, {"type": "Feature", "geometry": {"type": "LineString", "coordinates": [[24.888865, 36.049121], [24.887665, 36.049121]]}, "properties": {"name": "S Eleftherias St 2700 2798"}}, {"type": "Feature", "geometry": {"type": "LineString", "coordinates": [[24.887765, 36.048521], [24.886665, 36.048421]]}, "properties": {"name": "S Els St 2800 2898"}}, {"type": "Feature", "geometry": {"type": "LineString", "coordinates": [[24.887765, 36.048521], [24.887565, 36.046721]]}, "properties": {"name": "S Fewnol St 801 999"}}, {"type": "Feature", "geometry": {"type": "LineString", "coordinates": [[24.888865, 36.048521], [24.887765, 36.048521]]}, "properties": {"name": "S Els St 2700 2798"}}, {"type": "Feature", "geometry": {"type": "LineString", "coordinates": [[24.887565, 36.046721], [24.887565, 36.046021]]}, "properties": {"name": "S Fewnol St 1001 1099"}}, {"type": "Feature", "geometry": {"type": "LineString", "coordinates": [[24.887565, 36.046021], [24.887565, 36.045421]]}, "properties": {"name": "S Fewnol St 1101 1149"}}, {"type": "Feature", "geometry": {"type": "LineString", "coordinates": [[24.888665, 36.046021], [24.887565, 36.046021]]}, "properties": {"name": "S Achilleos St 2700 2798"}}, {"type": "Feature", "geometry": {"type": "LineString", "coordinates": [[24.884065, 36.045721], [24.882565, 36.045721]]}, "properties": {"name": "S Achilleos St 3100 3198"}}, {"type": "Feature", "geometry": {"type": "LineString", "coordinates": [[24.885565, 36.045721], [24.884065, 36.045721]]}, "properties": {"name": "S Achilleos St 3000 3098"}}, {"type": "Feature", "geometry": {"type": "LineString", "coordinates": [[24.886665, 36.045621], [24.885565, 36.045721]]}, "properties": {"name": "S Achilleos St 2900 2998"}}, {"type": "Feature", "geometry": {"type": "LineString", "coordinates": [[24.886665, 36.045621], [24.886665, 36.045421]]}, "properties": {"name": "S Pluma St 1101 1149"}}, {"type": "Feature", "geometry": {"type": "LineString", "coordinates": [[24.887565, 36.045421], [24.886665, 36.045421]]}, "properties": {"name": "Makedonias St 2800 2898"}}, {"type": "Feature", "geometry": {"type": "LineString", "coordinates": [[24.888565, 36.045421], [24.887565, 36.045421]]}, "properties": {"name": "Makedonias St 2700 2798"}}, {"type": "Feature", "geometry": {"type": "LineString", "coordinates": [[24.891302, 36.071289], [24.890793, 36.071372]]}, "properties": {"name": "Rist Way"}}, {"type": "Feature", "geometry": {"type": "LineString", "coordinates": [[24.867265, 36.047505], [24.867265, 36.04742]]}, "properties": {"name": "S Tavla St 801 1027"}}, {"type": "Feature", "geometry": {"type": "LineString", "coordinates": [[24.889064, 36.070121], [24.888764, 36.071121]]}, "properties": {"name": "N Palmant St 3100 3198"}}, {"type": "Feature", "geometry": {"type": "LineString", "coordinates": [[24.888865, 36.069221], [24.889064, 36.070121]]}, "properties": {"name": "N Palmant St 3000 3098"}}, {"type": "Feature", "geometry": {"type": "LineString", "coordinates": [[24.890465, 36.070121], [24.889064, 36.070121]]}, "properties": {"name": "N Averof St 2600 2698"}}, {"type": "Feature", "geometry": {"type": "LineString", "coordinates": [[24.888865, 36.069221], [24.887364, 36.069121]]}, "properties": {"name": "N Aveny St 2700 2798"}}, {"type": "Feature", "geometry": {"type": "LineString", "coordinates": [[24.890365, 36.069221], [24.888865, 36.069221]]}, "properties": {"name": "N Aveny St 2600 2698"}}, {"type": "Feature", "geometry": {"type": "LineString", "coordinates": [[24.888765, 36.068221], [24.888865, 36.069221]]}, "properties": {"name": "N Palmant St 2900 2998"}}, {"type": "Feature", "geometry": {"type": "LineString", "coordinates": [[24.891165, 36.070121], [24.890365, 36.070621], [24.888764, 36.071121]]}, "properties": {"name": "N Avionos St 2500 2698"}}, {"type": "Feature", "geometry": {"type": "LineString", "coordinates": [[24.891165, 36.070121], [24.890465, 36.070121]]}, "properties": {"name": "N Averof St 2400 2598"}}, {"type": "Feature", "geometry": {"type": "LineString", "coordinates": [[24.890365, 36.069221], [24.890465, 36.070121]]}, "properties": {"name": "N Voulgari St 3000 3098"}}, {"type": "Feature", "geometry": {"type": "LineString", "coordinates": [[24.890365, 36.069221], [24.891461, 36.069651]]}, "properties": {"name": "N Aveny St 2599 2401"}}, {"type": "Feature", "geometry": {"type": "LineString", "coordinates": [[24.891461, 36.069651], [24.893565, 36.069421]]}, "properties": {"name": "N Aveny St 2399 2319"}}, {"type": "Feature", "geometry": {"type": "LineString", "coordinates": [[24.891537, 36.068819], [24.893565, 36.068521]]}, "properties": {"name": "N Asiant St 2399 2315"}}, {"type": "Feature", "geometry": {"type": "LineString", "coordinates": [[24.890865, 36.066521], [24.889765, 36.066621]]}, "properties": {"name": "Pafin Rd 2 98"}}, {"type": "Feature", "geometry": {"type": "LineString", "coordinates": [[24.890365, 36.068221], [24.890365, 36.069221]]}, "properties": {"name": "N Voulgari St 2900 2998"}}, {"type": "Feature", "geometry": {"type": "LineString", "coordinates": [[24.890365, 36.068221], [24.891537, 36.068819]]}, "properties": {"name": "N Asiant St 2599 2401"}}, {"type": "Feature", "geometry": {"type": "LineString", "coordinates": [[24.891165, 36.064921], [24.891006, 36.065186]]}, "properties": {"name": "Iroon Rd 84 98"}}, {"type": "Feature", "geometry": {"type": "LineString", "coordinates": [[24.893565, 36.069421], [24.893465, 36.070421]]}, "properties": {"name": "N Gondol St 3000 3098"}}, {"type": "Feature", "geometry": {"type": "LineString", "coordinates": [[24.893565, 36.068521], [24.893565, 36.069421]]}, "properties": {"name": "N Gondol St 2900 2998"}}, {"type": "Feature", "geometry": {"type": "LineString", "coordinates": [[24.893565, 36.067721], [24.893565, 36.068521]]}, "properties": {"name": "N Gondol St 2800 2898"}}, {"type": "Feature", "geometry": {"type": "LineString", "coordinates": [[24.895065, 36.068521], [24.893565, 36.068521]]}, "properties": {"name": "N Asiant St 2200 2298"}}, {"type": "Feature", "geometry": {"type": "LineString", "coordinates": [[24.891865, 36.064921], [24.891817, 36.065449]]}, "properties": {"name": "Pamassou Rd 70 98"}}, {"type": "Feature", "geometry": {"type": "LineString", "coordinates": [[24.893565, 36.067721], [24.891965, 36.067321]]}, "properties": {"name": "N Artakis St 2300 2398"}}, {"type": "Feature", "geometry": {"type": "LineString", "coordinates": [[24.893465, 36.066621], [24.893565, 36.067721]]}, "properties": {"name": "N Gondol St 2700 2798"}}, {"type": "Feature", "geometry": {"type": "LineString", "coordinates": [[24.895165, 36.067621], [24.893565, 36.067721]]}, "properties": {"name": "N Artakis St 2200 2298"}}, {"type": "Feature", "geometry": {"type": "LineString", "coordinates": [[24.893465, 36.066621], [24.891965, 36.066421]]}, "properties": {"name": "N Arkadou St 2300 2398"}}, {"type": "Feature", "geometry": {"type": "LineString", "coordinates": [[24.893465, 36.065721], [24.893465, 36.066621]]}, "properties": {"name": "N Gondol St 2600 2698"}}, {"type": "Feature", "geometry": {"type": "LineString", "coordinates": [[24.895065, 36.066621], [24.893465, 36.066621]]}, "properties": {"name": "N Arkadou St 2200 2298"}}, {"type": "Feature", "geometry": {"type": "LineString", "coordinates": [[24.893465, 36.065721], [24.892565, 36.065521]]}, "properties": {"name": "N Arkadiou St 2300 2398"}}, {"type": "Feature", "geometry": {"type": "LineString", "coordinates": [[24.893465, 36.065221], [24.893465, 36.065721]]}, "properties": {"name": "N Gondol St 2500 2598"}}, {"type": "Feature", "geometry": {"type": "LineString", "coordinates": [[24.893465, 36.063121], [24.893465, 36.063621]]}, "properties": {"name": "N Gondol St 600 1056"}}, {"type": "Feature", "geometry": {"type": "LineString", "coordinates": [[24.895165, 36.064721], [24.893465, 36.065221]]}, "properties": {"name": "N Tackan Ave 2200 2298"}}, {"type": "Feature", "geometry": {"type": "LineString", "coordinates": [[24.895065, 36.070421], [24.895165, 36.070621]]}, "properties": {"name": "Niovis St 3100 3198"}}, {"type": "Feature", "geometry": {"type": "LineString", "coordinates": [[24.895165, 36.069521], [24.895065, 36.070421]]}, "properties": {"name": "Niovis St 3000 3098"}}, {"type": "Feature", "geometry": {"type": "LineString", "coordinates": [[24.895165, 36.069521], [24.893565, 36.069421]]}, "properties": {"name": "N Aveny St 2200 2298"}}, {"type": "Feature", "geometry": {"type": "LineString", "coordinates": [[24.895065, 36.068521], [24.895165, 36.069521]]}, "properties": {"name": "Niovis St 2900 2998"}}, {"type": "Feature", "geometry": {"type": "LineString", "coordinates": [[24.896665, 36.069521], [24.895165, 36.069521]]}, "properties": {"name": "N Aveny St 2100 2198"}}, {"type": "Feature", "geometry": {"type": "LineString", "coordinates": [[24.896665, 36.068521], [24.895065, 36.068521]]}, "properties": {"name": "N Asiant St 2100 2198"}}, {"type": "Feature", "geometry": {"type": "LineString", "coordinates": [[24.895165, 36.067621], [24.895065, 36.068521]]}, "properties": {"name": "Niovis St 2800 2898"}}, {"type": "Feature", "geometry": {"type": "LineString", "coordinates": [[24.896665, 36.068521], [24.896665, 36.069521]]}, "properties": {"name": "N Sirrakou St 2900 2998"}}, {"type": "Feature", "geometry": {"type": "LineString", "coordinates": [[24.898065, 36.069421], [24.896665, 36.069521]]}, "properties": {"name": "N Aveny St 2004 2098"}}, {"type": "Feature", "geometry": {"type": "LineString", "coordinates": [[24.897465, 36.068521], [24.896665, 36.068521]]}, "properties": {"name": "N Asiant St 1100 2098"}}, {"type": "Feature", "geometry": {"type": "LineString", "coordinates": [[24.896665, 36.067621], [24.896665, 36.068521]]}, "properties": {"name": "N Sirrakou St 2800 2898"}}, {"type": "Feature", "geometry": {"type": "LineString", "coordinates": [[24.895065, 36.066621], [24.895165, 36.067621]]}, "properties": {"name": "Niovis St 2700 2798"}}, {"type": "Feature", "geometry": {"type": "LineString", "coordinates": [[24.896665, 36.067621], [24.895165, 36.067621]]}, "properties": {"name": "N Artakis St 2100 2198"}}, {"type": "Feature", "geometry": {"type": "LineString", "coordinates": [[24.895065, 36.065721], [24.895065, 36.066621]]}, "properties": {"name": "Niovis St 2600 2698"}}, {"type": "Feature", "geometry": {"type": "LineString", "coordinates": [[24.896765, 36.066621], [24.895065, 36.066621]]}, "properties": {"name": "N Arkadou St 2100 2198"}}, {"type": "Feature", "geometry": {"type": "LineString", "coordinates": [[24.896765, 36.065721], [24.895065, 36.065721]]}, "properties": {"name": "N Arkadiou St 2100 2198"}}, {"type": "Feature", "geometry": {"type": "LineString", "coordinates": [[24.895165, 36.064721], [24.895065, 36.065721]]}, "properties": {"name": "Niovis St 2500 2598"}}, {"type": "Feature", "geometry": {"type": "LineString", "coordinates": [[24.897565, 36.067621], [24.896665, 36.067621]]}, "properties": {"name": "N Artakis St 1100 2098"}}, {"type": "Feature", "geometry": {"type": "LineString", "coordinates": [[24.896765, 36.066621], [24.896665, 36.067621]]}, "properties": {"name": "N Sirrakou St 2700 2798"}}, {"type": "Feature", "geometry": {"type": "LineString", "coordinates": [[24.896765, 36.065721], [24.896765, 36.066621]]}, "properties": {"name": "N Sirrakou St 2600 2698"}}, {"type": "Feature", "geometry": {"type": "LineString", "coordinates": [[24.898965, 36.066621], [24.896765, 36.066621]]}, "properties": {"name": "N Arkadou St 1100 2098"}}, {"type": "Feature", "geometry": {"type": "LineString", "coordinates": [[24.899065, 36.065721], [24.896765, 36.065721]]}, "properties": {"name": "N Arkadiou St 1100 2098"}}, {"type": "Feature", "geometry": {"type": "LineString", "coordinates": [[24.896765, 36.064221], [24.896765, 36.065721]]}, "properties": {"name": "N Sirrakou St 2504 2598"}}, {"type": "Feature", "geometry": {"type": "LineString", "coordinates": [[24.901501, 36.068499], [24.898205, 36.069383]]}, "properties": {"name": "Sannan Pky 2000 2098"}}, {"type": "Feature", "geometry": {"type": "LineString", "coordinates": [[24.901595, 36.065101], [24.900965, 36.065821]]}, "properties": {"name": "N Pefkon Dr 900 1006"}}, {"type": "Feature", "geometry": {"type": "LineString", "coordinates": [[24.899565, 36.066721], [24.899065, 36.067721]]}, "properties": {"name": "Kasnesi Rd 2700 2898"}}, {"type": "Feature", "geometry": {"type": "LineString", "coordinates": [[24.898965, 36.066621], [24.899065, 36.065721]]}, "properties": {"name": "N Achilleos St 300 398"}}, {"type": "Feature", "geometry": {"type": "LineString", "coordinates": [[24.899565, 36.066721], [24.898965, 36.066621]]}, "properties": {"name": "N Pefkon Dr 1016 1098"}}, {"type": "Feature", "geometry": {"type": "LineString", "coordinates": [[24.900965, 36.065821], [24.899565, 36.066721]]}, "properties": {"name": "N Pefkon Dr 1008 1014"}}, {"type": "Feature", "geometry": {"type": "LineString", "coordinates": [[24.900965, 36.065821], [24.901165, 36.066521]]}, "properties": {"name": "N Kritis Rd 2700 2898"}}, {"type": "Feature", "geometry": {"type": "LineString", "coordinates": [[24.889365, 36.064121], [24.889765, 36.065121], [24.889765, 36.066621]]}, "properties": {"name": "Vatopediou Rd 100 198"}}, {"type": "Feature", "geometry": {"type": "LineString", "coordinates": [[24.890565, 36.064121], [24.889365, 36.064121]]}, "properties": {"name": "N Fura Rd 22 98"}}, {"type": "Feature", "geometry": {"type": "LineString", "coordinates": [[24.890065, 36.063121], [24.889365, 36.064121]]}, "properties": {"name": "Vatopediou Rd 2 98"}}, {"type": "Feature", "geometry": {"type": "LineString", "coordinates": [[24.888765, 36.062121], [24.888665, 36.062621]]}, "properties": {"name": "N Palmant St 2100 2198"}}, {"type": "Feature", "geometry": {"type": "LineString", "coordinates": [[24.889865, 36.062121], [24.888765, 36.062121]]}, "properties": {"name": "N Androutsou St 2600 2698"}}, {"type": "Feature", "geometry": {"type": "LineString", "coordinates": [[24.888665, 36.061121], [24.888765, 36.062121]]}, "properties": {"name": "N Palmant St 1900 2098"}}, {"type": "Feature", "geometry": {"type": "LineString", "coordinates": [[24.891065, 36.062121], [24.889865, 36.062121]]}, "properties": {"name": "N Androutsou St 2500 2598"}}, {"type": "Feature", "geometry": {"type": "LineString", "coordinates": [[24.889765, 36.061021], [24.889865, 36.062121]]}, "properties": {"name": "N Jav St 1900 2098"}}, {"type": "Feature", "geometry": {"type": "LineString", "coordinates": [[24.890565, 36.064121], [24.890565, 36.064921]]}, "properties": {"name": "N Stril Rd 26 98"}}, {"type": "Feature", "geometry": {"type": "LineString", "coordinates": [[24.891365, 36.064121], [24.890565, 36.064121]]}, "properties": {"name": "N Fura Rd 2 20"}}, {"type": "Feature", "geometry": {"type": "LineString", "coordinates": [[24.890465, 36.063121], [24.890565, 36.064121]]}, "properties": {"name": "N Stril Rd 2 24"}}, {"type": "Feature", "geometry": {"type": "LineString", "coordinates": [[24.891365, 36.064121], [24.891165, 36.064921]]}, "properties": {"name": "Iroon Rd 26 82"}}, {"type": "Feature", "geometry": {"type": "LineString", "coordinates": [[24.891865, 36.064921], [24.891165, 36.064921]]}, "properties": {"name": ""}}, {"type": "Feature", "geometry": {"type": "LineString", "coordinates": [[24.891465, 36.063221], [24.891365, 36.063721], [24.891365, 36.064121]]}, "properties": {"name": "Iroon Rd 2 24"}}, {"type": "Feature", "geometry": {"type": "LineString", "coordinates": [[24.889865, 36.062121], [24.890065, 36.063121]]}, "properties": {"name": "N Jav St 2100 2298"}}, {"type": "Feature", "geometry": {"type": "LineString", "coordinates": [[24.891065, 36.063121], [24.890465, 36.063121]]}, "properties": {"name": "N Zefirou Ave 2500 2512"}}, {"type": "Feature", "geometry": {"type": "LineString", "coordinates": [[24.891065, 36.062121], [24.891065, 36.063121]]}, "properties": {"name": "N Prevezis St 2100 2298"}}, {"type": "Feature", "geometry": {"type": "LineString", "coordinates": [[24.891465, 36.063221], [24.891065, 36.063121]]}, "properties": {"name": "N Zefirou Ave 2464 2498"}}, {"type": "Feature", "geometry": {"type": "LineString", "coordinates": [[24.891765, 36.063121], [24.891465, 36.063221]]}, "properties": {"name": "N Zefirou Ave 2432 2462"}}, {"type": "Feature", "geometry": {"type": "LineString", "coordinates": [[24.890966, 36.061044], [24.891065, 36.062121]]}, "properties": {"name": "N Prevezis St 1900 2098"}}, {"type": "Feature", "geometry": {"type": "LineString", "coordinates": [[24.888665, 36.059721], [24.888665, 36.061121]]}, "properties": {"name": "N Palmant St 1700 1898"}}, {"type": "Feature", "geometry": {"type": "LineString", "coordinates": [[24.889765, 36.059821], [24.889765, 36.061021]]}, "properties": {"name": "N Jav St 1700 1898"}}, {"type": "Feature", "geometry": {"type": "LineString", "coordinates": [[24.888565, 36.058521], [24.888665, 36.059721]]}, "properties": {"name": "N Palmant St 1500 1698"}}, {"type": "Feature", "geometry": {"type": "LineString", "coordinates": [[24.889765, 36.059821], [24.888665, 36.059721]]}, "properties": {"name": "N Alfiou St 2600 2698"}}, {"type": "Feature", "geometry": {"type": "LineString", "coordinates": [[24.890972, 36.05976], [24.889765, 36.059821]]}, "properties": {"name": "N Alfiou St 2500 2598"}}, {"type": "Feature", "geometry": {"type": "LineString", "coordinates": [[24.889765, 36.058521], [24.889765, 36.059821]]}, "properties": {"name": "N Jav St 1500 1698"}}, {"type": "Feature", "geometry": {"type": "LineString", "coordinates": [[24.890966, 36.061044], [24.889765, 36.061021]]}, "properties": {"name": "N Amfitris St 2500 2598"}}, {"type": "Feature", "geometry": {"type": "LineString", "coordinates": [[24.890972, 36.05976], [24.890966, 36.061044]]}, "properties": {"name": "N Prevezis St 1700 1898"}}, {"type": "Feature", "geometry": {"type": "LineString", "coordinates": [[24.892165, 36.061021], [24.890966, 36.061044]]}, "properties": {"name": "N Amfitris St 2400 2498"}}, {"type": "Feature", "geometry": {"type": "LineString", "coordinates": [[24.890969, 36.05851], [24.890972, 36.05976]]}, "properties": {"name": "N Prevezis St 1500 1698"}}, {"type": "Feature", "geometry": {"type": "LineString", "coordinates": [[24.891765, 36.063121], [24.891865, 36.064921]]}, "properties": {"name": "Pamassou Rd 2 68"}}, {"type": "Feature", "geometry": {"type": "LineString", "coordinates": [[24.892265, 36.063421], [24.891765, 36.063121]]}, "properties": {"name": "N Zefirou Ave 2400 2430"}}, {"type": "Feature", "geometry": {"type": "LineString", "coordinates": [[24.892265, 36.062221], [24.892265, 36.063421]]}, "properties": {"name": "N Souliou St 2100 2298"}}, {"type": "Feature", "geometry": {"type": "LineString", "coordinates": [[24.893465, 36.063121], [24.892265, 36.063421]]}, "properties": {"name": "N Zefirou Ave 1312 2398"}}, {"type": "Feature", "geometry": {"type": "LineString", "coordinates": [[24.892265, 36.062221], [24.891065, 36.062121]]}, "properties": {"name": "N Androutsou St 2400 2498"}}, {"type": "Feature", "geometry": {"type": "LineString", "coordinates": [[24.892165, 36.061421], [24.892265, 36.062221]]}, "properties": {"name": "N Souliou St 1910 2098"}}, {"type": "Feature", "geometry": {"type": "LineString", "coordinates": [[24.893465, 36.061721], [24.892265, 36.062221]]}, "properties": {"name": "N Livaniou St 1300 1398"}}, {"type": "Feature", "geometry": {"type": "LineString", "coordinates": [[24.893865, 36.062821], [24.893465, 36.063121]]}, "properties": {"name": "N Zefirou Ave 1300 1310"}}, {"type": "Feature", "geometry": {"type": "LineString", "coordinates": [[24.893865, 36.062821], [24.893465, 36.061721]]}, "properties": {"name": "N Agiasou St 800 898"}}, {"type": "Feature", "geometry": {"type": "LineString", "coordinates": [[24.895365, 36.062421], [24.893865, 36.062821]]}, "properties": {"name": "N Zefirou Ave 1200 1298"}}, {"type": "Feature", "geometry": {"type": "LineString", "coordinates": [[24.892165, 36.061021], [24.892165, 36.061421]]}, "properties": {"name": "N Souliou St 1900 1908"}}, {"type": "Feature", "geometry": {"type": "LineString", "coordinates": [[24.892665, 36.061221], [24.892165, 36.061421]]}, "properties": {"name": "N Livit St 1222 1398"}}, {"type": "Feature", "geometry": {"type": "LineString", "coordinates": [[24.892165, 36.060221], [24.892165, 36.061021]]}, "properties": {"name": "N Souliou St 1716 1798"}}, {"type": "Feature", "geometry": {"type": "LineString", "coordinates": [[24.893965, 36.060721], [24.892665, 36.061221]]}, "properties": {"name": "N Livit St 1200 1220"}}, {"type": "Feature", "geometry": {"type": "LineString", "coordinates": [[24.892171, 36.059765], [24.892165, 36.060221]]}, "properties": {"name": "N Souliou St 1700 1714"}}, {"type": "Feature", "geometry": {"type": "LineString", "coordinates": [[24.893365, 36.059821], [24.892165, 36.060221]]}, "properties": {"name": "N Madeg St 1200 1298"}}, {"type": "Feature", "geometry": {"type": "LineString", "coordinates": [[24.892171, 36.059765], [24.890972, 36.05976]]}, "properties": {"name": "N Alfiou St 2400 2498"}}, {"type": "Feature", "geometry": {"type": "LineString", "coordinates": [[24.892153, 36.059147], [24.892171, 36.059765]]}, "properties": {"name": "N Souliou St 1524 1598"}}, {"type": "Feature", "geometry": {"type": "LineString", "coordinates": [[24.892765, 36.058921], [24.892153, 36.059147]]}, "properties": {"name": "N Maskin St 1122 1298"}}, {"type": "Feature", "geometry": {"type": "LineString", "coordinates": [[24.892135, 36.058481], [24.892153, 36.059147]]}, "properties": {"name": "N Souliou St 1500 1522"}}, {"type": "Feature", "geometry": {"type": "LineString", "coordinates": [[24.894065, 36.058521], [24.892765, 36.058921]]}, "properties": {"name": "N Maskin St 1100 1120"}}, {"type": "Feature", "geometry": {"type": "LineString", "coordinates": [[24.893465, 36.061721], [24.892665, 36.061221]]}, "properties": {"name": "N Agiasou St 900 998"}}, {"type": "Feature", "geometry": {"type": "LineString", "coordinates": [[24.894665, 36.061721], [24.893465, 36.061721]]}, "properties": {"name": "N Livaniou St 1200 1298"}}, {"type": "Feature", "geometry": {"type": "LineString", "coordinates": [[24.893965, 36.060721], [24.893365, 36.059821]]}, "properties": {"name": "N Agentes St 1000 1098"}}, {"type": "Feature", "geometry": {"type": "LineString", "coordinates": [[24.895365, 36.060321], [24.893965, 36.060721]]}, "properties": {"name": "N Livit St 1100 1198"}}, {"type": "Feature", "geometry": {"type": "LineString", "coordinates": [[24.894665, 36.061721], [24.893965, 36.060721]]}, "properties": {"name": "N Agentes St 900 998"}}, {"type": "Feature", "geometry": {"type": "LineString", "coordinates": [[24.896165, 36.061221], [24.894665, 36.061721]]}, "properties": {"name": "N Livaniou St 1100 1198"}}, {"type": "Feature", "geometry": {"type": "LineString", "coordinates": [[24.893365, 36.059821], [24.892765, 36.058921]]}, "properties": {"name": "N Agentes St 1100 1198"}}, {"type": "Feature", "geometry": {"type": "LineString", "coordinates": [[24.894765, 36.059421], [24.893365, 36.059821]]}, "properties": {"name": "N Madeg St 1100 1198"}}, {"type": "Feature", "geometry": {"type": "LineString", "coordinates": [[24.894765, 36.059421], [24.894065, 36.058521]]}, "properties": {"name": "N Achilleos St 1100 1198"}}, {"type": "Feature", "geometry": {"type": "LineString", "coordinates": [[24.896165, 36.058921], [24.894765, 36.059421]]}, "properties": {"name": "N Madeg St 1000 1098"}}, {"type": "Feature", "geometry": {"type": "LineString", "coordinates": [[24.888565, 36.058521], [24.887465, 36.058421]]}, "properties": {"name": "N Alamanas St 2700 2798"}}, {"type": "Feature", "geometry": {"type": "LineString", "coordinates": [[24.889765, 36.058521], [24.888565, 36.058521]]}, "properties": {"name": "N Alamanas St 2600 2698"}}, {"type": "Feature", "geometry": {"type": "LineString", "coordinates": [[24.888665, 36.057121], [24.888565, 36.058521]]}, "properties": {"name": "N Palmant St 1400 1498"}}, {"type": "Feature", "geometry": {"type": "LineString", "coordinates": [[24.889765, 36.057121], [24.889765, 36.058521]]}, "properties": {"name": "N Jav St 1400 1498"}}, {"type": "Feature", "geometry": {"type": "LineString", "coordinates": [[24.890969, 36.05851], [24.889765, 36.058521]]}, "properties": {"name": "N Alamanas St 2500 2598"}}, {"type": "Feature", "geometry": {"type": "LineString", "coordinates": [[24.888665, 36.055921], [24.888665, 36.057121]]}, "properties": {"name": "N Palmant St 1200 1398"}}, {"type": "Feature", "geometry": {"type": "LineString", "coordinates": [[24.889765, 36.057121], [24.888665, 36.057121]]}, "properties": {"name": "N Agisilaou St 2600 2698"}}, {"type": "Feature", "geometry": {"type": "LineString", "coordinates": [[24.889765, 36.055921], [24.888665, 36.055921]]}, "properties": {"name": "N Agentes St 2600 2698"}}, {"type": "Feature", "geometry": {"type": "LineString", "coordinates": [[24.888606, 36.054636], [24.888665, 36.055921]]}, "properties": {"name": "N Palmant St 1100 1198"}}, {"type": "Feature", "geometry": {"type": "LineString", "coordinates": [[24.889765, 36.055921], [24.889765, 36.057121]]}, "properties": {"name": "N Jav St 1200 1398"}}, {"type": "Feature", "geometry": {"type": "LineString", "coordinates": [[24.890965, 36.057121], [24.889765, 36.057121]]}, "properties": {"name": "N Agisilaou St 2500 2598"}}, {"type": "Feature", "geometry": {"type": "LineString", "coordinates": [[24.890965, 36.055921], [24.889765, 36.055921]]}, "properties": {"name": "N Agentes St 2500 2598"}}, {"type": "Feature", "geometry": {"type": "LineString", "coordinates": [[24.889765, 36.054621], [24.889765, 36.055921]]}, "properties": {"name": "N Jav St 1100 1198"}}, {"type": "Feature", "geometry": {"type": "LineString", "coordinates": [[24.890965, 36.057121], [24.890969, 36.05851]]}, "properties": {"name": "N Prevezis St 1400 1498"}}, {"type": "Feature", "geometry": {"type": "LineString", "coordinates": [[24.892135, 36.058481], [24.890969, 36.05851]]}, "properties": {"name": "N Alamanas St 2400 2498"}}, {"type": "Feature", "geometry": {"type": "LineString", "coordinates": [[24.890965, 36.055921], [24.890965, 36.057121]]}, "properties": {"name": "N Prevezis St 1200 1398"}}, {"type": "Feature", "geometry": {"type": "LineString", "coordinates": [[24.892165, 36.057121], [24.890965, 36.057121]]}, "properties": {"name": "N Agisilaou St 2400 2498"}}, {"type": "Feature", "geometry": {"type": "LineString", "coordinates": [[24.890965, 36.054621], [24.890965, 36.055921]]}, "properties": {"name": "N Prevezis St 1100 1198"}}, {"type": "Feature", "geometry": {"type": "LineString", "coordinates": [[24.892165, 36.055921], [24.890965, 36.055921]]}, "properties": {"name": "N Agentes St 2400 2498"}}, {"type": "Feature", "geometry": {"type": "LineString", "coordinates": [[24.889765, 36.054621], [24.888606, 36.054636]]}, "properties": {"name": "N Achilleos St 2600 2698"}}, {"type": "Feature", "geometry": {"type": "LineString", "coordinates": [[24.888665, 36.053321], [24.888606, 36.054636]]}, "properties": {"name": "N Palmant St 1000 1098"}}, {"type": "Feature", "geometry": {"type": "LineString", "coordinates": [[24.890965, 36.054621], [24.889765, 36.054621]]}, "properties": {"name": "N Achilleos St 2500 2598"}}, {"type": "Feature", "geometry": {"type": "LineString", "coordinates": [[24.889765, 36.053321], [24.888665, 36.053321]]}, "properties": {"name": "N Acera St 2600 2698"}}, {"type": "Feature", "geometry": {"type": "LineString", "coordinates": [[24.888665, 36.052021], [24.888665, 36.053321]]}, "properties": {"name": "N Palmant St 800 998"}}, {"type": "Feature", "geometry": {"type": "LineString", "coordinates": [[24.891065, 36.053321], [24.889765, 36.053321]]}, "properties": {"name": "N Acera St 2500 2598"}}, {"type": "Feature", "geometry": {"type": "LineString", "coordinates": [[24.889865, 36.052021], [24.889765, 36.053321]]}, "properties": {"name": "N Jav St 800 998"}}, {"type": "Feature", "geometry": {"type": "LineString", "coordinates": [[24.891065, 36.053321], [24.890965, 36.054621]]}, "properties": {"name": "N Prevezis St 1000 1098"}}, {"type": "Feature", "geometry": {"type": "LineString", "coordinates": [[24.892165, 36.053321], [24.891065, 36.053321]]}, "properties": {"name": "N Acera St 2400 2498"}}, {"type": "Feature", "geometry": {"type": "LineString", "coordinates": [[24.890965, 36.052021], [24.891065, 36.053321]]}, "properties": {"name": "N Prevezis St 800 998"}}, {"type": "Feature", "geometry": {"type": "LineString", "coordinates": [[24.892159, 36.058062], [24.892135, 36.058481]]}, "properties": {"name": "N Souliou St 1424 1498"}}, {"type": "Feature", "geometry": {"type": "LineString", "coordinates": [[24.892165, 36.057121], [24.892159, 36.058062]]}, "properties": {"name": "N Souliou St 1400 1422"}}, {"type": "Feature", "geometry": {"type": "LineString", "coordinates": [[24.893565, 36.057621], [24.892159, 36.058062]]}, "properties": {"name": "N Menelaou St 1100 1298"}}, {"type": "Feature", "geometry": {"type": "LineString", "coordinates": [[24.892165, 36.055921], [24.892165, 36.057121]]}, "properties": {"name": "N Souliou St 1200 1298"}}, {"type": "Feature", "geometry": {"type": "LineString", "coordinates": [[24.892865, 36.056721], [24.892165, 36.057121]]}, "properties": {"name": "N Schaber Ave 1100 1198"}}, {"type": "Feature", "geometry": {"type": "LineString", "coordinates": [[24.892165, 36.054721], [24.892165, 36.055921]]}, "properties": {"name": "N Souliou St 1100 1198"}}, {"type": "Feature", "geometry": {"type": "LineString", "coordinates": [[24.893665, 36.055421], [24.892165, 36.055921]]}, "properties": {"name": "N Honoliau Ave 1000 1098"}}, {"type": "Feature", "geometry": {"type": "LineString", "coordinates": [[24.892865, 36.056721], [24.892165, 36.055921]]}, "properties": {"name": "N Achilleos St 1400 1498"}}, {"type": "Feature", "geometry": {"type": "LineString", "coordinates": [[24.894265, 36.056221], [24.892865, 36.056721]]}, "properties": {"name": "N Schaber Ave 1000 1098"}}, {"type": "Feature", "geometry": {"type": "LineString", "coordinates": [[24.893565, 36.057621], [24.892865, 36.056721]]}, "properties": {"name": "N Achilleos St 1300 1398"}}, {"type": "Feature", "geometry": {"type": "LineString", "coordinates": [[24.894865, 36.057121], [24.893565, 36.057621]]}, "properties": {"name": "N Menelaou St 1000 1098"}}, {"type": "Feature", "geometry": {"type": "LineString", "coordinates": [[24.894065, 36.058521], [24.893565, 36.057621]]}, "properties": {"name": "N Achilleos St 1200 1298"}}, {"type": "Feature", "geometry": {"type": "LineString", "coordinates": [[24.895465, 36.058021], [24.894065, 36.058521]]}, "properties": {"name": "N Maskin St 1000 1098"}}, {"type": "Feature", "geometry": {"type": "LineString", "coordinates": [[24.894265, 36.056221], [24.893665, 36.055421]]}, "properties": {"name": "N Acera St 1400 1498"}}, {"type": "Feature", "geometry": {"type": "LineString", "coordinates": [[24.895565, 36.055821], [24.894265, 36.056221]]}, "properties": {"name": "N Schaber Ave 900 998"}}, {"type": "Feature", "geometry": {"type": "LineString", "coordinates": [[24.892165, 36.054721], [24.890965, 36.054621]]}, "properties": {"name": "N Achilleos St 2400 2498"}}, {"type": "Feature", "geometry": {"type": "LineString", "coordinates": [[24.892965, 36.054421], [24.892165, 36.054721]]}, "properties": {"name": "N Evripidou Ave 1000 1098"}}, {"type": "Feature", "geometry": {"type": "LineString", "coordinates": [[24.892065, 36.053621], [24.892165, 36.054721]]}, "properties": {"name": "N Souliou St 1010 1098"}}, {"type": "Feature", "geometry": {"type": "LineString", "coordinates": [[24.892965, 36.054421], [24.892365, 36.053421]]}, "properties": {"name": "N Acera St 1600 1698"}}, {"type": "Feature", "geometry": {"type": "LineString", "coordinates": [[24.894365, 36.054021], [24.892965, 36.054421]]}, "properties": {"name": "N Evripidou Ave 900 998"}}, {"type": "Feature", "geometry": {"type": "LineString", "coordinates": [[24.892165, 36.053321], [24.892065, 36.053621]]}, "properties": {"name": "N Souliou St 1000 1008"}}, {"type": "Feature", "geometry": {"type": "LineString", "coordinates": [[24.892365, 36.053421], [24.892065, 36.053621]]}, "properties": {"name": "N Kikladon Ave 922 1098"}}, {"type": "Feature", "geometry": {"type": "LineString", "coordinates": [[24.892165, 36.052021], [24.892165, 36.053321]]}, "properties": {"name": "N Souliou St 800 898"}}, {"type": "Feature", "geometry": {"type": "LineString", "coordinates": [[24.893765, 36.053121], [24.892365, 36.053421]]}, "properties": {"name": "N Kikladon Ave 900 920"}}, {"type": "Feature", "geometry": {"type": "LineString", "coordinates": [[24.893065, 36.052021], [24.893165, 36.052721]]}, "properties": {"name": "N Tangno St 800 898"}}, {"type": "Feature", "geometry": {"type": "LineString", "coordinates": [[24.893665, 36.055421], [24.892965, 36.054421]]}, "properties": {"name": "N Acera St 1500 1598"}}, {"type": "Feature", "geometry": {"type": "LineString", "coordinates": [[24.895065, 36.054921], [24.893665, 36.055421]]}, "properties": {"name": "N Honoliau Ave 900 998"}}, {"type": "Feature", "geometry": {"type": "LineString", "coordinates": [[24.894365, 36.054021], [24.893765, 36.053121]]}, "properties": {"name": "N Ermou St 1600 1698"}}, {"type": "Feature", "geometry": {"type": "LineString", "coordinates": [[24.895765, 36.053521], [24.894365, 36.054021]]}, "properties": {"name": "N Evripidou Ave 800 898"}}, {"type": "Feature", "geometry": {"type": "LineString", "coordinates": [[24.893765, 36.053121], [24.893165, 36.052721]]}, "properties": {"name": "N Ermou St 1700 1798"}}, {"type": "Feature", "geometry": {"type": "LineString", "coordinates": [[24.894265, 36.053021], [24.893765, 36.053121]]}, "properties": {"name": "N Kikladon Ave 814 898"}}, {"type": "Feature", "geometry": {"type": "LineString", "coordinates": [[24.895065, 36.052721], [24.894265, 36.053021]]}, "properties": {"name": "N Kikladon Ave 800 812"}}, {"type": "Feature", "geometry": {"type": "LineString", "coordinates": [[24.894265, 36.052021], [24.894265, 36.053021]]}, "properties": {"name": "N Soulie St 800 998"}}, {"type": "Feature", "geometry": {"type": "LineString", "coordinates": [[24.895165, 36.063821], [24.895165, 36.064721]]}, "properties": {"name": "Niovis St 608 2498"}}, {"type": "Feature", "geometry": {"type": "LineString", "coordinates": [[24.896765, 36.064221], [24.895165, 36.064721]]}, "properties": {"name": "N Tackan Ave 1200 2198"}}, {"type": "Feature", "geometry": {"type": "LineString", "coordinates": [[24.895165, 36.063821], [24.894065, 36.063621]]}, "properties": {"name": "Naloniau Ter 2 98"}}, {"type": "Feature", "geometry": {"type": "LineString", "coordinates": [[24.895165, 36.063621], [24.895165, 36.063821]]}, "properties": {"name": "Niovis St 600 606"}}, {"type": "Feature", "geometry": {"type": "LineString", "coordinates": [[24.896065, 36.063321], [24.895165, 36.063621]]}, "properties": {"name": "N Karanteg St 1200 1298"}}, {"type": "Feature", "geometry": {"type": "LineString", "coordinates": [[24.895365, 36.062421], [24.894665, 36.061721]]}, "properties": {"name": "N Agentes St 800 898"}}, {"type": "Feature", "geometry": {"type": "LineString", "coordinates": [[24.896865, 36.061921], [24.895365, 36.062421]]}, "properties": {"name": "N Zefirou Ave 1100 1198"}}, {"type": "Feature", "geometry": {"type": "LineString", "coordinates": [[24.896065, 36.063321], [24.895365, 36.062421]]}, "properties": {"name": "N Agentes St 700 798"}}, {"type": "Feature", "geometry": {"type": "LineString", "coordinates": [[24.896765, 36.063121], [24.896065, 36.063321]]}, "properties": {"name": "N Karanteg St 1150 1198"}}, {"type": "Feature", "geometry": {"type": "LineString", "coordinates": [[24.896765, 36.063121], [24.896765, 36.064221]]}, "properties": {"name": "N Sirrakou St 601 2499"}}, {"type": "Feature", "geometry": {"type": "LineString", "coordinates": [[24.898165, 36.063821], [24.896765, 36.064221]]}, "properties": {"name": "N Tackan Ave 1100 1198"}}, {"type": "Feature", "geometry": {"type": "LineString", "coordinates": [[24.898765, 36.064721], [24.897665, 36.065121]]}, "properties": {"name": "N Irinis St 1100 1198"}}, {"type": "Feature", "geometry": {"type": "LineString", "coordinates": [[24.897465, 36.062821], [24.896765, 36.063121]]}, "properties": {"name": "N Karanteg St 1100 1148"}}, {"type": "Feature", "geometry": {"type": "LineString", "coordinates": [[24.897465, 36.062821], [24.896865, 36.061921]]}, "properties": {"name": "N Achilleos St 700 798"}}, {"type": "Feature", "geometry": {"type": "LineString", "coordinates": [[24.898765, 36.062421], [24.897465, 36.062821]]}, "properties": {"name": "N Karanteg St 1000 1098"}}, {"type": "Feature", "geometry": {"type": "LineString", "coordinates": [[24.896165, 36.061221], [24.895365, 36.060321]]}, "properties": {"name": "N Achilleos St 900 998"}}, {"type": "Feature", "geometry": {"type": "LineString", "coordinates": [[24.897465, 36.060821], [24.896165, 36.061221]]}, "properties": {"name": "N Livaniou St 1000 1098"}}, {"type": "Feature", "geometry": {"type": "LineString", "coordinates": [[24.895365, 36.060321], [24.894765, 36.059421]]}, "properties": {"name": "N Achilleos St 1000 1098"}}, {"type": "Feature", "geometry": {"type": "LineString", "coordinates": [[24.896765, 36.059821], [24.895365, 36.060321]]}, "properties": {"name": "N Livit St 1000 1098"}}, {"type": "Feature", "geometry": {"type": "LineString", "coordinates": [[24.896165, 36.058921], [24.895465, 36.058021]]}, "properties": {"name": "N Acera St 1100 1198"}}, {"type": "Feature", "geometry": {"type": "LineString", "coordinates": [[24.897465, 36.058521], [24.896165, 36.058921]]}, "properties": {"name": "N Madeg St 900 998"}}, {"type": "Feature", "geometry": {"type": "LineString", "coordinates": [[24.896865, 36.061921], [24.896165, 36.061221]]}, "properties": {"name": "N Achilleos St 800 898"}}, {"type": "Feature", "geometry": {"type": "LineString", "coordinates": [[24.898165, 36.061621], [24.896865, 36.061921]]}, "properties": {"name": "N Zefirou Ave 1000 1098"}}, {"type": "Feature", "geometry": {"type": "LineString", "coordinates": [[24.897465, 36.060821], [24.896765, 36.059821]]}, "properties": {"name": "N Acera St 900 998"}}, {"type": "Feature", "geometry": {"type": "LineString", "coordinates": [[24.898865, 36.060321], [24.897465, 36.060821]]}, "properties": {"name": "N Livaniou St 900 998"}}, {"type": "Feature", "geometry": {"type": "LineString", "coordinates": [[24.896765, 36.059821], [24.896165, 36.058921]]}, "properties": {"name": "N Acera St 1000 1098"}}, {"type": "Feature", "geometry": {"type": "LineString", "coordinates": [[24.898165, 36.059321], [24.896765, 36.059821]]}, "properties": {"name": "N Livit St 900 998"}}, {"type": "Feature", "geometry": {"type": "LineString", "coordinates": [[24.898765, 36.064721], [24.898165, 36.063821]]}, "properties": {"name": "N Achilleos St 500 598"}}, {"type": "Feature", "geometry": {"type": "LineString", "coordinates": [[24.898165, 36.063821], [24.897465, 36.062821]]}, "properties": {"name": "N Achilleos St 600 698"}}, {"type": "Feature", "geometry": {"type": "LineString", "coordinates": [[24.899465, 36.063321], [24.898165, 36.063821]]}, "properties": {"name": "N Tackan Ave 1000 1098"}}, {"type": "Feature", "geometry": {"type": "LineString", "coordinates": [[24.898765, 36.062421], [24.898165, 36.061621]]}, "properties": {"name": "N Acera St 700 798"}}, {"type": "Feature", "geometry": {"type": "LineString", "coordinates": [[24.900265, 36.061921], [24.898765, 36.062421]]}, "properties": {"name": "N Karanteg St 900 998"}}, {"type": "Feature", "geometry": {"type": "LineString", "coordinates": [[24.899465, 36.063321], [24.898765, 36.062421]]}, "properties": {"name": "N Acera St 600 698"}}, {"type": "Feature", "geometry": {"type": "LineString", "coordinates": [[24.900065, 36.063121], [24.899465, 36.063321]]}, "properties": {"name": "N Tackan Ave 916 998"}}, {"type": "Feature", "geometry": {"type": "LineString", "coordinates": [[24.900065, 36.064721], [24.900065, 36.064321]]}, "properties": {"name": "N Acera St 318 498"}}, {"type": "Feature", "geometry": {"type": "LineString", "coordinates": [[24.900065, 36.064321], [24.900065, 36.063121]]}, "properties": {"name": "N Acera St 500 598"}}, {"type": "Feature", "geometry": {"type": "LineString", "coordinates": [[24.900965, 36.062821], [24.900065, 36.063121]]}, "properties": {"name": "N Tackan Ave 900 914"}}, {"type": "Feature", "geometry": {"type": "LineString", "coordinates": [[24.900965, 36.062821], [24.900265, 36.061921]]}, "properties": {"name": "N Ermou St 600 698"}}, {"type": "Feature", "geometry": {"type": "LineString", "coordinates": [[24.901782, 36.062595], [24.900965, 36.062821]]}, "properties": {"name": "N Tackan Ave 814 898"}}, {"type": "Feature", "geometry": {"type": "LineString", "coordinates": [[24.898165, 36.061621], [24.897465, 36.060821]]}, "properties": {"name": "N Acera St 800 898"}}, {"type": "Feature", "geometry": {"type": "LineString", "coordinates": [[24.899465, 36.061221], [24.898165, 36.061621]]}, "properties": {"name": "N Zefirou Ave 900 998"}}, {"type": "Feature", "geometry": {"type": "LineString", "coordinates": [[24.899465, 36.061221], [24.898865, 36.060321]]}, "properties": {"name": "N Ermou St 800 898"}}, {"type": "Feature", "geometry": {"type": "LineString", "coordinates": [[24.900865, 36.060721], [24.899465, 36.061221]]}, "properties": {"name": "N Zefirou Ave 800 898"}}, {"type": "Feature", "geometry": {"type": "LineString", "coordinates": [[24.899565, 36.058921], [24.898165, 36.059321]]}, "properties": {"name": "N Livit St 800 898"}}, {"type": "Feature", "geometry": {"type": "LineString", "coordinates": [[24.898165, 36.059321], [24.897465, 36.058521]]}, "properties": {"name": "N Ermou St 1000 1098"}}, {"type": "Feature", "geometry": {"type": "LineString", "coordinates": [[24.898865, 36.060321], [24.898165, 36.059321]]}, "properties": {"name": "N Ermou St 900 998"}}, {"type": "Feature", "geometry": {"type": "LineString", "coordinates": [[24.900165, 36.059921], [24.898865, 36.060321]]}, "properties": {"name": "N Livaniou St 800 898"}}, {"type": "Feature", "geometry": {"type": "LineString", "coordinates": [[24.899565, 36.058921], [24.898865, 36.058021]]}, "properties": {"name": "N Els St 1000 1098"}}, {"type": "Feature", "geometry": {"type": "LineString", "coordinates": [[24.900965, 36.058421], [24.899565, 36.058921]]}, "properties": {"name": "N Livit St 704 798"}}, {"type": "Feature", "geometry": {"type": "LineString", "coordinates": [[24.900265, 36.061921], [24.899465, 36.061221]]}, "properties": {"name": "N Ermou St 700 798"}}, {"type": "Feature", "geometry": {"type": "LineString", "coordinates": [[24.901545, 36.061594], [24.900265, 36.061921]]}, "properties": {"name": "N Karanteg St 800 898"}}, {"type": "Feature", "geometry": {"type": "LineString", "coordinates": [[24.900865, 36.060721], [24.900165, 36.059921]]}, "properties": {"name": "N Els St 800 898"}}, {"type": "Feature", "geometry": {"type": "LineString", "coordinates": [[24.903665, 36.059921], [24.900865, 36.060721]]}, "properties": {"name": "N Zefirou Ave 600 798"}}, {"type": "Feature", "geometry": {"type": "LineString", "coordinates": [[24.900165, 36.059921], [24.899565, 36.058921]]}, "properties": {"name": "N Els St 900 998"}}, {"type": "Feature", "geometry": {"type": "LineString", "coordinates": [[24.902965, 36.058921], [24.900165, 36.059921]]}, "properties": {"name": "N Livaniou St 600 798"}}, {"type": "Feature", "geometry": {"type": "LineString", "coordinates": [[24.895465, 36.058021], [24.894865, 36.057121]]}, "properties": {"name": "N Acera St 1200 1298"}}, {"type": "Feature", "geometry": {"type": "LineString", "coordinates": [[24.896865, 36.057621], [24.895465, 36.058021]]}, "properties": {"name": "N Maskin St 900 998"}}, {"type": "Feature", "geometry": {"type": "LineString", "coordinates": [[24.894865, 36.057121], [24.894265, 36.056221]]}, "properties": {"name": "N Acera St 1300 1398"}}, {"type": "Feature", "geometry": {"type": "LineString", "coordinates": [[24.896265, 36.056721], [24.894865, 36.057121]]}, "properties": {"name": "N Menelaou St 900 998"}}, {"type": "Feature", "geometry": {"type": "LineString", "coordinates": [[24.895565, 36.055821], [24.895065, 36.054921]]}, "properties": {"name": "N Ermou St 1400 1498"}}, {"type": "Feature", "geometry": {"type": "LineString", "coordinates": [[24.896965, 36.055321], [24.895565, 36.055821]]}, "properties": {"name": "N Schaber Ave 800 898"}}, {"type": "Feature", "geometry": {"type": "LineString", "coordinates": [[24.896265, 36.056721], [24.895565, 36.055821]]}, "properties": {"name": "N Ermou St 1300 1398"}}, {"type": "Feature", "geometry": {"type": "LineString", "coordinates": [[24.897665, 36.056221], [24.896265, 36.056721]]}, "properties": {"name": "N Menelaou St 800 898"}}, {"type": "Feature", "geometry": {"type": "LineString", "coordinates": [[24.896865, 36.057621], [24.896265, 36.056721]]}, "properties": {"name": "N Ermou St 1200 1298"}}, {"type": "Feature", "geometry": {"type": "LineString", "coordinates": [[24.898265, 36.057121], [24.896865, 36.057621]]}, "properties": {"name": "N Maskin St 800 898"}}, {"type": "Feature", "geometry": {"type": "LineString", "coordinates": [[24.897465, 36.058521], [24.896865, 36.057621]]}, "properties": {"name": "N Ermou St 1100 1198"}}, {"type": "Feature", "geometry": {"type": "LineString", "coordinates": [[24.898865, 36.058021], [24.897465, 36.058521]]}, "properties": {"name": "N Madeg St 800 898"}}, {"type": "Feature", "geometry": {"type": "LineString", "coordinates": [[24.897665, 36.056221], [24.896965, 36.055321]]}, "properties": {"name": "N Els St 1300 1398"}}, {"type": "Feature", "geometry": {"type": "LineString", "coordinates": [[24.899065, 36.055821], [24.897665, 36.056221]]}, "properties": {"name": "N Menelaou St 700 798"}}, {"type": "Feature", "geometry": {"type": "LineString", "coordinates": [[24.895065, 36.054921], [24.894365, 36.054021]]}, "properties": {"name": "N Ermou St 1500 1598"}}, {"type": "Feature", "geometry": {"type": "LineString", "coordinates": [[24.896465, 36.054521], [24.895065, 36.054921]]}, "properties": {"name": "N Honoliau Ave 800 898"}}, {"type": "Feature", "geometry": {"type": "LineString", "coordinates": [[24.895365, 36.052021], [24.895065, 36.052721]]}, "properties": {"name": "N Jac St 700 798"}}, {"type": "Feature", "geometry": {"type": "LineString", "coordinates": [[24.895765, 36.053521], [24.895065, 36.052721]]}, "properties": {"name": "N Els St 1600 1698"}}, {"type": "Feature", "geometry": {"type": "LineString", "coordinates": [[24.897165, 36.053121], [24.895765, 36.053521]]}, "properties": {"name": "N Evripidou Ave 700 798"}}, {"type": "Feature", "geometry": {"type": "LineString", "coordinates": [[24.896965, 36.055321], [24.896465, 36.054521]]}, "properties": {"name": "N Els St 1400 1498"}}, {"type": "Feature", "geometry": {"type": "LineString", "coordinates": [[24.898365, 36.054921], [24.896965, 36.055321]]}, "properties": {"name": "N Schaber Ave 700 798"}}, {"type": "Feature", "geometry": {"type": "LineString", "coordinates": [[24.896465, 36.054521], [24.895765, 36.053521]]}, "properties": {"name": "N Els St 1500 1598"}}, {"type": "Feature", "geometry": {"type": "LineString", "coordinates": [[24.897865, 36.054021], [24.896465, 36.054521]]}, "properties": {"name": "N Honoliau Ave 700 798"}}, {"type": "Feature", "geometry": {"type": "LineString", "coordinates": [[24.897865, 36.054021], [24.897165, 36.053121]]}, "properties": {"name": "N Eleftherias St 1500 1598"}}, {"type": "Feature", "geometry": {"type": "LineString", "coordinates": [[24.899265, 36.053621], [24.897865, 36.054021]]}, "properties": {"name": "N Honoliau Ave 600 698"}}, {"type": "Feature", "geometry": {"type": "LineString", "coordinates": [[24.897165, 36.052421], [24.896965, 36.052821]]}, "properties": {"name": "N Siarad Ave 644 898"}}, {"type": "Feature", "geometry": {"type": "LineString", "coordinates": [[24.897165, 36.053121], [24.896965, 36.052821]]}, "properties": {"name": "N Eleftherias St 1600 1698"}}, {"type": "Feature", "geometry": {"type": "LineString", "coordinates": [[24.898465, 36.052621], [24.897165, 36.053121]]}, "properties": {"name": "N Evripidou Ave 600 698"}}, {"type": "Feature", "geometry": {"type": "LineString", "coordinates": [[24.897165, 36.052421], [24.896365, 36.052321], [24.895065, 36.052721]]}, "properties": {"name": "N Kikladon Ave 700 798"}}, {"type": "Feature", "geometry": {"type": "LineString", "coordinates": [[24.897165, 36.051921], [24.897165, 36.052421]]}, "properties": {"name": "N Siarad Ave 630 642"}}, {"type": "Feature", "geometry": {"type": "LineString", "coordinates": [[24.898865, 36.058021], [24.898265, 36.057121]]}, "properties": {"name": "N Els St 1100 1198"}}, {"type": "Feature", "geometry": {"type": "LineString", "coordinates": [[24.900265, 36.057521], [24.898865, 36.058021]]}, "properties": {"name": "N Madeg St 700 798"}}, {"type": "Feature", "geometry": {"type": "LineString", "coordinates": [[24.898265, 36.057121], [24.897665, 36.056221]]}, "properties": {"name": "N Els St 1200 1298"}}, {"type": "Feature", "geometry": {"type": "LineString", "coordinates": [[24.899665, 36.056721], [24.898265, 36.057121]]}, "properties": {"name": "N Maskin St 700 798"}}, {"type": "Feature", "geometry": {"type": "LineString", "coordinates": [[24.899065, 36.055821], [24.898365, 36.054921]]}, "properties": {"name": "N Eleftherias St 1300 1398"}}, {"type": "Feature", "geometry": {"type": "LineString", "coordinates": [[24.900465, 36.055321], [24.899065, 36.055821]]}, "properties": {"name": "N Menelaou St 600 698"}}, {"type": "Feature", "geometry": {"type": "LineString", "coordinates": [[24.900265, 36.057521], [24.899665, 36.056721]]}, "properties": {"name": "N Eleftherias St 1100 1198"}}, {"type": "Feature", "geometry": {"type": "LineString", "coordinates": [[24.901665, 36.057121], [24.900265, 36.057521]]}, "properties": {"name": "N Madeg St 600 698"}}, {"type": "Feature", "geometry": {"type": "LineString", "coordinates": [[24.900965, 36.058421], [24.900265, 36.057521]]}, "properties": {"name": "N Eleftherias St 1000 1098"}}, {"type": "Feature", "geometry": {"type": "LineString", "coordinates": [[24.902265, 36.058021], [24.900965, 36.058421]]}, "properties": {"name": "N Livit St 600 702"}}, {"type": "Feature", "geometry": {"type": "LineString", "coordinates": [[24.899665, 36.056721], [24.899065, 36.055821]]}, "properties": {"name": "N Eleftherias St 1200 1298"}}, {"type": "Feature", "geometry": {"type": "LineString", "coordinates": [[24.901065, 36.056221], [24.899665, 36.056721]]}, "properties": {"name": "N Maskin St 600 698"}}, {"type": "Feature", "geometry": {"type": "LineString", "coordinates": [[24.901065, 36.056221], [24.900465, 36.055321]]}, "properties": {"name": "N Eira St 1200 1298"}}, {"type": "Feature", "geometry": {"type": "LineString", "coordinates": [[24.902465, 36.055721], [24.901065, 36.056221]]}, "properties": {"name": "N Maskin St 500 598"}}, {"type": "Feature", "geometry": {"type": "LineString", "coordinates": [[24.898365, 36.054921], [24.897865, 36.054021]]}, "properties": {"name": "N Eleftherias St 1400 1498"}}, {"type": "Feature", "geometry": {"type": "LineString", "coordinates": [[24.899865, 36.054421], [24.898365, 36.054921]]}, "properties": {"name": "N Schaber Ave 600 698"}}, {"type": "Feature", "geometry": {"type": "LineString", "coordinates": [[24.898465, 36.052621], [24.897965, 36.051721]]}, "properties": {"name": "N Eira St 1600 1698"}}, {"type": "Feature", "geometry": {"type": "LineString", "coordinates": [[24.900065, 36.052221], [24.898465, 36.052621]]}, "properties": {"name": "N Evripidou Ave 500 598"}}, {"type": "Feature", "geometry": {"type": "LineString", "coordinates": [[24.899265, 36.053621], [24.898465, 36.052621]]}, "properties": {"name": "N Eira St 1500 1598"}}, {"type": "Feature", "geometry": {"type": "LineString", "coordinates": [[24.900565, 36.053221], [24.899265, 36.053621]]}, "properties": {"name": "N Honoliau Ave 500 598"}}, {"type": "Feature", "geometry": {"type": "LineString", "coordinates": [[24.899865, 36.054421], [24.899265, 36.053621]]}, "properties": {"name": "N Eira St 1400 1498"}}, {"type": "Feature", "geometry": {"type": "LineString", "coordinates": [[24.901165, 36.054021], [24.899865, 36.054421]]}, "properties": {"name": "N Schaber Ave 500 598"}}, {"type": "Feature", "geometry": {"type": "LineString", "coordinates": [[24.900465, 36.055321], [24.899865, 36.054421]]}, "properties": {"name": "N Eira St 1300 1398"}}, {"type": "Feature", "geometry": {"type": "LineString", "coordinates": [[24.901765, 36.054921], [24.900465, 36.055321]]}, "properties": {"name": "N Menelaou St 500 598"}}, {"type": "Feature", "geometry": {"type": "LineString", "coordinates": [[24.901165, 36.054021], [24.900565, 36.053221]]}, "properties": {"name": "N Edessis St 1400 1498"}}, {"type": "Feature", "geometry": {"type": "LineString", "coordinates": [[24.902665, 36.053521], [24.901165, 36.054021]]}, "properties": {"name": "N Schaber Ave 400 498"}}, {"type": "Feature", "geometry": {"type": "LineString", "coordinates": [[24.901365, 36.052921], [24.900565, 36.053221]]}, "properties": {"name": "N Honoliau Ave 400 498"}}, {"type": "Feature", "geometry": {"type": "LineString", "coordinates": [[24.900565, 36.053221], [24.900065, 36.052221]]}, "properties": {"name": "N Edessis St 1500 1598"}}, {"type": "Feature", "geometry": {"type": "LineString", "coordinates": [[24.903465, 36.066421], [24.903165, 36.065521]]}, "properties": {"name": "N Florinis Rd 201 299"}}, {"type": "Feature", "geometry": {"type": "LineString", "coordinates": [[24.903465, 36.066421], [24.904797, 36.066271]]}, "properties": {"name": "N Sina Way 899 801"}}, {"type": "Feature", "geometry": {"type": "LineString", "coordinates": [[24.903165, 36.065521], [24.903565, 36.064221]]}, "properties": {"name": "N Florinis Rd 300 398"}}, {"type": "Feature", "geometry": {"type": "LineString", "coordinates": [[24.905465, 36.064721], [24.903165, 36.065521]]}, "properties": {"name": "N Goffi St 700 898"}}, {"type": "Feature", "geometry": {"type": "LineString", "coordinates": [[24.909365, 36.065221], [24.905534, 36.067183]]}, "properties": {"name": "N Sannan Pky 522 798"}}, {"type": "Feature", "geometry": {"type": "LineString", "coordinates": [[24.904797, 36.066271], [24.906165, 36.065621]]}, "properties": {"name": "N Sina Way 799 701"}}, {"type": "Feature", "geometry": {"type": "LineString", "coordinates": [[24.904797, 36.066271], [24.905301, 36.066729]]}, "properties": {"name": ""}}, {"type": "Feature", "geometry": {"type": "LineString", "coordinates": [[24.906165, 36.065621], [24.905465, 36.064721]]}, "properties": {"name": "N Eleftherias St 200 298"}}, {"type": "Feature", "geometry": {"type": "LineString", "coordinates": [[24.907565, 36.065121], [24.906165, 36.065621]]}, "properties": {"name": "N Sina Way 600 698"}}, {"type": "Feature", "geometry": {"type": "LineString", "coordinates": [[24.902365, 36.062421], [24.901782, 36.062595]]}, "properties": {"name": "N Tackan Ave 800 812"}}, {"type": "Feature", "geometry": {"type": "LineString", "coordinates": [[24.902065, 36.063021], [24.901782, 36.062595]]}, "properties": {"name": "Talande Rd 832 898"}}, {"type": "Feature", "geometry": {"type": "LineString", "coordinates": [[24.903965, 36.062521], [24.902065, 36.063021]]}, "properties": {"name": "Talande Rd 700 830"}}, {"type": "Feature", "geometry": {"type": "LineString", "coordinates": [[24.902365, 36.062421], [24.901545, 36.061594]]}, "properties": {"name": "N Els St 600 698"}}, {"type": "Feature", "geometry": {"type": "LineString", "coordinates": [[24.904665, 36.061821], [24.902365, 36.062421]]}, "properties": {"name": "N Tackan Ave 626 798"}}, {"type": "Feature", "geometry": {"type": "LineString", "coordinates": [[24.903565, 36.064221], [24.903965, 36.062521]]}, "properties": {"name": "N Florinis Rd 401 499"}}, {"type": "Feature", "geometry": {"type": "LineString", "coordinates": [[24.904965, 36.063821], [24.903565, 36.064221]]}, "properties": {"name": "N Horace St 700 798"}}, {"type": "Feature", "geometry": {"type": "LineString", "coordinates": [[24.904365, 36.062921], [24.903965, 36.062521]]}, "properties": {"name": "N Eleftherias St 500 598"}}, {"type": "Feature", "geometry": {"type": "LineString", "coordinates": [[24.905665, 36.062521], [24.904365, 36.062921]]}, "properties": {"name": "N Irinis St 600 698"}}, {"type": "Feature", "geometry": {"type": "LineString", "coordinates": [[24.903965, 36.062521], [24.904665, 36.061821]]}, "properties": {"name": "N Florinis Rd 501 599"}}, {"type": "Feature", "geometry": {"type": "LineString", "coordinates": [[24.901545, 36.061594], [24.900865, 36.060721]]}, "properties": {"name": "N Els St"}}, {"type": "Feature", "geometry": {"type": "LineString", "coordinates": [[24.904265, 36.060721], [24.901545, 36.061594]]}, "properties": {"name": "N Karanteg St 600 798"}}, {"type": "Feature", "geometry": {"type": "LineString", "coordinates": [[24.904265, 36.060721], [24.903665, 36.059921]]}, "properties": {"name": "N Eira St 700 798"}}, {"type": "Feature", "geometry": {"type": "LineString", "coordinates": [[24.905565, 36.060321], [24.904265, 36.060721]]}, "properties": {"name": "N Karanteg St 500 598"}}, {"type": "Feature", "geometry": {"type": "LineString", "coordinates": [[24.902965, 36.058921], [24.902265, 36.058021]]}, "properties": {"name": "N Eira St 900 998"}}, {"type": "Feature", "geometry": {"type": "LineString", "coordinates": [[24.904365, 36.058421], [24.902965, 36.058921]]}, "properties": {"name": "N Livaniou St 500 598"}}, {"type": "Feature", "geometry": {"type": "LineString", "coordinates": [[24.903665, 36.059921], [24.902965, 36.058921]]}, "properties": {"name": "N Eira St 800 898"}}, {"type": "Feature", "geometry": {"type": "LineString", "coordinates": [[24.904965, 36.059421], [24.903665, 36.059921]]}, "properties": {"name": "N Zefirou Ave 500 598"}}, {"type": "Feature", "geometry": {"type": "LineString", "coordinates": [[24.904965, 36.063821], [24.904365, 36.062921]]}, "properties": {"name": "N Eleftherias St 300 498"}}, {"type": "Feature", "geometry": {"type": "LineString", "coordinates": [[24.906365, 36.063321], [24.904965, 36.063821]]}, "properties": {"name": "N Horace St 600 698"}}, {"type": "Feature", "geometry": {"type": "LineString", "coordinates": [[24.905465, 36.064721], [24.904965, 36.063821]]}, "properties": {"name": "N Eleftherias St"}}, {"type": "Feature", "geometry": {"type": "LineString", "coordinates": [[24.907065, 36.064321], [24.905465, 36.064721]]}, "properties": {"name": "N Goffi St 600 698"}}, {"type": "Feature", "geometry": {"type": "LineString", "coordinates": [[24.907165, 36.062021], [24.905665, 36.062521]]}, "properties": {"name": "N Irinis St 500 598"}}, {"type": "Feature", "geometry": {"type": "LineString", "coordinates": [[24.905665, 36.062521], [24.904965, 36.061721]]}, "properties": {"name": "N Eira St 500 598"}}, {"type": "Feature", "geometry": {"type": "LineString", "coordinates": [[24.907565, 36.065121], [24.907065, 36.064321]]}, "properties": {"name": "N Eira St 200 298"}}, {"type": "Feature", "geometry": {"type": "LineString", "coordinates": [[24.908765, 36.064221], [24.907565, 36.065121]]}, "properties": {"name": "N Sina Way 500 598"}}, {"type": "Feature", "geometry": {"type": "LineString", "coordinates": [[24.907065, 36.064321], [24.906365, 36.063321]]}, "properties": {"name": "N Eira St 300 398"}}, {"type": "Feature", "geometry": {"type": "LineString", "coordinates": [[24.908465, 36.063821], [24.907065, 36.064321]]}, "properties": {"name": "N Goffi St 500 598"}}, {"type": "Feature", "geometry": {"type": "LineString", "coordinates": [[24.906365, 36.063321], [24.905665, 36.062521]]}, "properties": {"name": "N Eira St 412 498"}}, {"type": "Feature", "geometry": {"type": "LineString", "coordinates": [[24.907765, 36.062921], [24.906365, 36.063321]]}, "properties": {"name": "N Horace St 500 598"}}, {"type": "Feature", "geometry": {"type": "LineString", "coordinates": [[24.907165, 36.062021], [24.906365, 36.061221]]}, "properties": {"name": "N Edessis St 500 598"}}, {"type": "Feature", "geometry": {"type": "LineString", "coordinates": [[24.908265, 36.061721], [24.907165, 36.062021]]}, "properties": {"name": "N Irinis St 400 498"}}, {"type": "Feature", "geometry": {"type": "LineString", "coordinates": [[24.904965, 36.061721], [24.904665, 36.061821]]}, "properties": {"name": "N Tackan Ave 600 624"}}, {"type": "Feature", "geometry": {"type": "LineString", "coordinates": [[24.904965, 36.061721], [24.904265, 36.060721]]}, "properties": {"name": "N Eira St 600 698"}}, {"type": "Feature", "geometry": {"type": "LineString", "coordinates": [[24.906365, 36.061221], [24.904965, 36.061721]]}, "properties": {"name": "N Tackan Ave 500 598"}}, {"type": "Feature", "geometry": {"type": "LineString", "coordinates": [[24.906365, 36.059021], [24.904965, 36.059421]]}, "properties": {"name": "N Zefirou Ave 400 498"}}, {"type": "Feature", "geometry": {"type": "LineString", "coordinates": [[24.904965, 36.059421], [24.904365, 36.058421]]}, "properties": {"name": "N Edessis St 800 898"}}, {"type": "Feature", "geometry": {"type": "LineString", "coordinates": [[24.905565, 36.060321], [24.904965, 36.059421]]}, "properties": {"name": "N Edessis St 700 798"}}, {"type": "Feature", "geometry": {"type": "LineString", "coordinates": [[24.906965, 36.059821], [24.905565, 36.060321]]}, "properties": {"name": "N Karanteg St 400 498"}}, {"type": "Feature", "geometry": {"type": "LineString", "coordinates": [[24.906365, 36.061221], [24.905565, 36.060321]]}, "properties": {"name": "N Edessis St 600 698"}}, {"type": "Feature", "geometry": {"type": "LineString", "coordinates": [[24.907665, 36.060821], [24.906365, 36.061221]]}, "properties": {"name": "N Tackan Ave 400 498"}}, {"type": "Feature", "geometry": {"type": "LineString", "coordinates": [[24.906365, 36.059021], [24.905665, 36.058021]]}, "properties": {"name": "N Dimitriou St 800 898"}}, {"type": "Feature", "geometry": {"type": "LineString", "coordinates": [[24.907765, 36.058521], [24.906365, 36.059021]]}, "properties": {"name": "N Zefirou Ave 300 398"}}, {"type": "Feature", "geometry": {"type": "LineString", "coordinates": [[24.906965, 36.059821], [24.906365, 36.059021]]}, "properties": {"name": "N Dimitriou St 700 798"}}, {"type": "Feature", "geometry": {"type": "LineString", "coordinates": [[24.908365, 36.059421], [24.906965, 36.059821]]}, "properties": {"name": "N Karanteg St 300 398"}}, {"type": "Feature", "geometry": {"type": "LineString", "coordinates": [[24.902265, 36.058021], [24.901665, 36.057121]]}, "properties": {"name": "N Eira St 1000 1098"}}, {"type": "Feature", "geometry": {"type": "LineString", "coordinates": [[24.903665, 36.057621], [24.902265, 36.058021]]}, "properties": {"name": "N Livit St 500 598"}}, {"type": "Feature", "geometry": {"type": "LineString", "coordinates": [[24.901665, 36.057121], [24.901065, 36.056221]]}, "properties": {"name": "N Eira St 1100 1198"}}, {"type": "Feature", "geometry": {"type": "LineString", "coordinates": [[24.902965, 36.056721], [24.901665, 36.057121]]}, "properties": {"name": "N Madeg St 500 598"}}, {"type": "Feature", "geometry": {"type": "LineString", "coordinates": [[24.902465, 36.055721], [24.901765, 36.054921]]}, "properties": {"name": "N Edessis St 1200 1298"}}, {"type": "Feature", "geometry": {"type": "LineString", "coordinates": [[24.903865, 36.055421], [24.902465, 36.055721]]}, "properties": {"name": "N Maskin St 400 498"}}, {"type": "Feature", "geometry": {"type": "LineString", "coordinates": [[24.904365, 36.058421], [24.903665, 36.057621]]}, "properties": {"name": "N Edessis St 900 998"}}, {"type": "Feature", "geometry": {"type": "LineString", "coordinates": [[24.905665, 36.058021], [24.904365, 36.058421]]}, "properties": {"name": "N Livaniou St 400 498"}}, {"type": "Feature", "geometry": {"type": "LineString", "coordinates": [[24.903665, 36.057621], [24.902965, 36.056721]]}, "properties": {"name": "N Edessis St 1000 1098"}}, {"type": "Feature", "geometry": {"type": "LineString", "coordinates": [[24.905065, 36.057121], [24.903665, 36.057621]]}, "properties": {"name": "N Livit St 400 498"}}, {"type": "Feature", "geometry": {"type": "LineString", "coordinates": [[24.902965, 36.056721], [24.902465, 36.055721]]}, "properties": {"name": "N Edessis St 1100 1198"}}, {"type": "Feature", "geometry": {"type": "LineString", "coordinates": [[24.904465, 36.056221], [24.902965, 36.056721]]}, "properties": {"name": "N Madeg St 400 498"}}, {"type": "Feature", "geometry": {"type": "LineString", "coordinates": [[24.901765, 36.054921], [24.901165, 36.054021]]}, "properties": {"name": "N Edessis St 1300 1398"}}, {"type": "Feature", "geometry": {"type": "LineString", "coordinates": [[24.903165, 36.054421], [24.901765, 36.054921]]}, "properties": {"name": "N Menelaou St 400 498"}}, {"type": "Feature", "geometry": {"type": "LineString", "coordinates": [[24.901365, 36.052921], [24.901365, 36.052421]]}, "properties": {"name": "S Honoliau Ave 401 499"}}, {"type": "Feature", "geometry": {"type": "LineString", "coordinates": [[24.901365, 36.052921], [24.900065, 36.052221]]}, "properties": {"name": "Ipsilantou Ave 1500 1598"}}, {"type": "Feature", "geometry": {"type": "LineString", "coordinates": [[24.901365, 36.052421], [24.900065, 36.052221]]}, "properties": {"name": "S Edessis St 1500 1598"}}, {"type": "Feature", "geometry": {"type": "LineString", "coordinates": [[24.901365, 36.052421], [24.901565, 36.051421]]}, "properties": {"name": "S Honoliau Ave 501 599"}}, {"type": "Feature", "geometry": {"type": "LineString", "coordinates": [[24.902665, 36.053521], [24.901365, 36.052921]]}, "properties": {"name": "Ipsilantou Ave 1400 1498"}}, {"type": "Feature", "geometry": {"type": "LineString", "coordinates": [[24.902665, 36.053521], [24.902765, 36.052521]]}, "properties": {"name": "S Schaber Ave 401 499"}}, {"type": "Feature", "geometry": {"type": "LineString", "coordinates": [[24.902765, 36.052521], [24.901365, 36.052421]]}, "properties": {"name": "S Edessis St 1400 1498"}}, {"type": "Feature", "geometry": {"type": "LineString", "coordinates": [[24.902765, 36.052521], [24.902965, 36.051521]]}, "properties": {"name": "S Schaber Ave 501 599"}}, {"type": "Feature", "geometry": {"type": "LineString", "coordinates": [[24.903165, 36.054421], [24.902665, 36.053521]]}, "properties": {"name": "N Dimitriou St 1300 1398"}}, {"type": "Feature", "geometry": {"type": "LineString", "coordinates": [[24.903965, 36.054221], [24.903165, 36.054421]]}, "properties": {"name": "N Menelaou St 300 398"}}, {"type": "Feature", "geometry": {"type": "LineString", "coordinates": [[24.903865, 36.055421], [24.903165, 36.054421]]}, "properties": {"name": "N Dimitriou St 1200 1298"}}, {"type": "Feature", "geometry": {"type": "LineString", "coordinates": [[24.905265, 36.054921], [24.903865, 36.055421]]}, "properties": {"name": "N Maskin St 300 398"}}, {"type": "Feature", "geometry": {"type": "LineString", "coordinates": [[24.903965, 36.054221], [24.902665, 36.053521]]}, "properties": {"name": "Ipsilantou Ave 1301 1399"}}, {"type": "Feature", "geometry": {"type": "LineString", "coordinates": [[24.903965, 36.054221], [24.903965, 36.053721]]}, "properties": {"name": "S Menelaou St 301 399"}}, {"type": "Feature", "geometry": {"type": "LineString", "coordinates": [[24.903965, 36.053721], [24.902665, 36.053521]]}, "properties": {"name": "S Dimitriou St 1300 1398"}}, {"type": "Feature", "geometry": {"type": "LineString", "coordinates": [[24.903965, 36.053721], [24.904265, 36.052721]]}, "properties": {"name": "S Menelaou St 401 499"}}, {"type": "Feature", "geometry": {"type": "LineString", "coordinates": [[24.904265, 36.052721], [24.902765, 36.052521]]}, "properties": {"name": "S Edessis St 1300 1398"}}, {"type": "Feature", "geometry": {"type": "LineString", "coordinates": [[24.904265, 36.052721], [24.904465, 36.051621]]}, "properties": {"name": "S Menelaou St 501 599"}}, {"type": "Feature", "geometry": {"type": "LineString", "coordinates": [[24.905665, 36.058021], [24.905065, 36.057121]]}, "properties": {"name": "N Dimitriou St 900 998"}}, {"type": "Feature", "geometry": {"type": "LineString", "coordinates": [[24.907065, 36.057521], [24.905665, 36.058021]]}, "properties": {"name": "N Livaniou St 300 398"}}, {"type": "Feature", "geometry": {"type": "LineString", "coordinates": [[24.905065, 36.057121], [24.904465, 36.056221]]}, "properties": {"name": "N Dimitriou St 1000 1098"}}, {"type": "Feature", "geometry": {"type": "LineString", "coordinates": [[24.906465, 36.056621], [24.905065, 36.057121]]}, "properties": {"name": "N Livit St 300 398"}}, {"type": "Feature", "geometry": {"type": "LineString", "coordinates": [[24.904465, 36.056221], [24.903865, 36.055421]]}, "properties": {"name": "N Dimitriou St 1100 1198"}}, {"type": "Feature", "geometry": {"type": "LineString", "coordinates": [[24.905765, 36.055821], [24.904465, 36.056221]]}, "properties": {"name": "N Madeg St 300 398"}}, {"type": "Feature", "geometry": {"type": "LineString", "coordinates": [[24.905765, 36.055821], [24.905265, 36.054921]]}, "properties": {"name": "N Bulevar St 1100 1198"}}, {"type": "Feature", "geometry": {"type": "LineString", "coordinates": [[24.906565, 36.055521], [24.905765, 36.055821]]}, "properties": {"name": "N Madeg St 2 298"}}, {"type": "Feature", "geometry": {"type": "LineString", "coordinates": [[24.907065, 36.057521], [24.906465, 36.056621]]}, "properties": {"name": "N Bulevar St 900 998"}}, {"type": "Feature", "geometry": {"type": "LineString", "coordinates": [[24.908465, 36.057121], [24.907065, 36.057521]]}, "properties": {"name": "N Livaniou St 200 298"}}, {"type": "Feature", "geometry": {"type": "LineString", "coordinates": [[24.906465, 36.056621], [24.905765, 36.055821]]}, "properties": {"name": "N Bulevar St 1000 1098"}}, {"type": "Feature", "geometry": {"type": "LineString", "coordinates": [[24.907865, 36.056221], [24.906465, 36.056621]]}, "properties": {"name": "N Livit St 2 298"}}, {"type": "Feature", "geometry": {"type": "LineString", "coordinates": [[24.905265, 36.054921], [24.903965, 36.054221]]}, "properties": {"name": "Ipsilantou Ave 1200 1298"}}, {"type": "Feature", "geometry": {"type": "LineString", "coordinates": [[24.905265, 36.054921], [24.905465, 36.053821]]}, "properties": {"name": "S Maskin St 301 399"}}, {"type": "Feature", "geometry": {"type": "LineString", "coordinates": [[24.905465, 36.053821], [24.903965, 36.053721]]}, "properties": {"name": "S Dimitriou St 1200 1298"}}, {"type": "Feature", "geometry": {"type": "LineString", "coordinates": [[24.905465, 36.053821], [24.905765, 36.052921]]}, "properties": {"name": "S Maskin St 401 499"}}, {"type": "Feature", "geometry": {"type": "LineString", "coordinates": [[24.905765, 36.052921], [24.904265, 36.052721]]}, "properties": {"name": "S Edessis St 1200 1298"}}, {"type": "Feature", "geometry": {"type": "LineString", "coordinates": [[24.905765, 36.052921], [24.905965, 36.051821]]}, "properties": {"name": "S Maskin St 501 599"}}, {"type": "Feature", "geometry": {"type": "LineString", "coordinates": [[24.906565, 36.055521], [24.905265, 36.054921]]}, "properties": {"name": "Ipsilantou Ave 1100 1198"}}, {"type": "Feature", "geometry": {"type": "LineString", "coordinates": [[24.906565, 36.055521], [24.906665, 36.055021]]}, "properties": {"name": "Narwhal Way 201 299"}}, {"type": "Feature", "geometry": {"type": "LineString", "coordinates": [[24.907065, 36.053021], [24.905765, 36.052921]]}, "properties": {"name": "S Edessis St 1100 1198"}}, {"type": "Feature", "geometry": {"type": "LineString", "coordinates": [[24.907065, 36.053021], [24.907365, 36.052021]]}, "properties": {"name": "Narwhal Way 501 599"}}, {"type": "Feature", "geometry": {"type": "LineString", "coordinates": [[24.908765, 36.064221], [24.908465, 36.063821]]}, "properties": {"name": "N Edessis St 200 298"}}, {"type": "Feature", "geometry": {"type": "LineString", "coordinates": [[24.909365, 36.063521], [24.908765, 36.064221]]}, "properties": {"name": "N Sina Way 414 498"}}, {"type": "Feature", "geometry": {"type": "LineString", "coordinates": [[24.908465, 36.063821], [24.907765, 36.062921]]}, "properties": {"name": "N Edessis St 300 398"}}, {"type": "Feature", "geometry": {"type": "LineString", "coordinates": [[24.909365, 36.063521], [24.908465, 36.063821]]}, "properties": {"name": "N Goffi St 400 498"}}, {"type": "Feature", "geometry": {"type": "LineString", "coordinates": [[24.907765, 36.062921], [24.907165, 36.062021]]}, "properties": {"name": "N Edessis St 400 498"}}, {"type": "Feature", "geometry": {"type": "LineString", "coordinates": [[24.909065, 36.062421], [24.907765, 36.062921]]}, "properties": {"name": "N Horace St 400 498"}}, {"type": "Feature", "geometry": {"type": "LineString", "coordinates": [[24.909965, 36.062121], [24.909065, 36.062421]]}, "properties": {"name": "N Horace St 300 398"}}, {"type": "Feature", "geometry": {"type": "LineString", "coordinates": [[24.909065, 36.062421], [24.908265, 36.061721]]}, "properties": {"name": "N Dimitriou St 400 498"}}, {"type": "Feature", "geometry": {"type": "LineString", "coordinates": [[24.909565, 36.063121], [24.909365, 36.063521]]}, "properties": {"name": "N Sina Way 400 412"}}, {"type": "Feature", "geometry": {"type": "LineString", "coordinates": [[24.909565, 36.063121], [24.909065, 36.062421]]}, "properties": {"name": "N Dimitriou St 300 398"}}, {"type": "Feature", "geometry": {"type": "LineString", "coordinates": [[24.909965, 36.062121], [24.909565, 36.063121]]}, "properties": {"name": "N Sina Way 314 398"}}, {"type": "Feature", "geometry": {"type": "LineString", "coordinates": [[24.909865, 36.061621], [24.909965, 36.062121]]}, "properties": {"name": "N Sina Way 300 312"}}, {"type": "Feature", "geometry": {"type": "LineString", "coordinates": [[24.908265, 36.061721], [24.907665, 36.060821]]}, "properties": {"name": "N Dimitriou St 500 598"}}, {"type": "Feature", "geometry": {"type": "LineString", "coordinates": [[24.909665, 36.061221], [24.908265, 36.061721]]}, "properties": {"name": "N Irinis St 300 398"}}, {"type": "Feature", "geometry": {"type": "LineString", "coordinates": [[24.907665, 36.060821], [24.906965, 36.059821]]}, "properties": {"name": "N Dimitriou St 600 698"}}, {"type": "Feature", "geometry": {"type": "LineString", "coordinates": [[24.908965, 36.060321], [24.907665, 36.060821]]}, "properties": {"name": "Tackan Ave 300 398"}}, {"type": "Feature", "geometry": {"type": "LineString", "coordinates": [[24.909665, 36.058921], [24.908365, 36.059421]]}, "properties": {"name": "N Karanteg St 200 298"}}, {"type": "Feature", "geometry": {"type": "LineString", "coordinates": [[24.908365, 36.059421], [24.907765, 36.058521]]}, "properties": {"name": "N Bulevar St 700 798"}}, {"type": "Feature", "geometry": {"type": "LineString", "coordinates": [[24.908965, 36.060321], [24.908365, 36.059421]]}, "properties": {"name": "N Bulevar St 600 698"}}, {"type": "Feature", "geometry": {"type": "LineString", "coordinates": [[24.909865, 36.061621], [24.909665, 36.061221]]}, "properties": {"name": "N Bulevar St 450 498"}}, {"type": "Feature", "geometry": {"type": "LineString", "coordinates": [[24.909665, 36.061221], [24.908965, 36.060321]]}, "properties": {"name": "N Bulevar St 500 598"}}, {"type": "Feature", "geometry": {"type": "LineString", "coordinates": [[24.909665, 36.058921], [24.909065, 36.058021]]}, "properties": {"name": "N Astrous St 700 798"}}, {"type": "Feature", "geometry": {"type": "LineString", "coordinates": [[24.907765, 36.058521], [24.907065, 36.057521]]}, "properties": {"name": "N Bulevar St 800 898"}}, {"type": "Feature", "geometry": {"type": "LineString", "coordinates": [[24.909065, 36.058021], [24.907765, 36.058521]]}, "properties": {"name": "N Zefirou Ave 200 298"}}, {"type": "Feature", "geometry": {"type": "LineString", "coordinates": [[24.909065, 36.058021], [24.908465, 36.057121]]}, "properties": {"name": "N Astrous St 800 898"}}, {"type": "Feature", "geometry": {"type": "LineString", "coordinates": [[24.907865, 36.056221], [24.906565, 36.055521]]}, "properties": {"name": "Ipsilantou Ave 1000 1098"}}, {"type": "Feature", "geometry": {"type": "LineString", "coordinates": [[24.907865, 36.056221], [24.908065, 36.055221]]}, "properties": {"name": "S Livit St 149 299"}}, {"type": "Feature", "geometry": {"type": "LineString", "coordinates": [[24.908465, 36.057121], [24.907865, 36.056221]]}, "properties": {"name": "N Astrous St 900 998"}}, {"type": "Feature", "geometry": {"type": "LineString", "coordinates": [[24.909065, 36.056821], [24.908465, 36.057121]]}, "properties": {"name": "N Livaniou St 100 198"}}, {"type": "Feature", "geometry": {"type": "LineString", "coordinates": [[24.909065, 36.056821], [24.907865, 36.056221]]}, "properties": {"name": "Ipsilantou Ave 900 998"}}, {"type": "Feature", "geometry": {"type": "LineString", "coordinates": [[24.909065, 36.056821], [24.909465, 36.055321]]}, "properties": {"name": "S Livaniou St 201 299"}}, {"type": "Feature", "geometry": {"type": "LineString", "coordinates": [[24.908065, 36.055221], [24.906665, 36.055021]]}, "properties": {"name": "S Bulevar St 1000 1098"}}, {"type": "Feature", "geometry": {"type": "LineString", "coordinates": [[24.908065, 36.055221], [24.908365, 36.054121]]}, "properties": {"name": "S Livit St 301 399"}}, {"type": "Feature", "geometry": {"type": "LineString", "coordinates": [[24.908365, 36.054121], [24.908465, 36.053121]]}, "properties": {"name": "S Livit St 401 499"}}, {"type": "Feature", "geometry": {"type": "LineString", "coordinates": [[24.908465, 36.053121], [24.908765, 36.052121]]}, "properties": {"name": "S Livit St 501 599"}}, {"type": "Feature", "geometry": {"type": "LineString", "coordinates": [[24.909465, 36.055321], [24.908065, 36.055221]]}, "properties": {"name": "S Bulevar St 900 998"}}, {"type": "Feature", "geometry": {"type": "LineString", "coordinates": [[24.909465, 36.055321], [24.909665, 36.054321]]}, "properties": {"name": "S Livaniou St 301 399"}}, {"type": "Feature", "geometry": {"type": "LineString", "coordinates": [[24.909665, 36.054321], [24.908365, 36.054121]]}, "properties": {"name": "S Dimitriou St 900 998"}}, {"type": "Feature", "geometry": {"type": "LineString", "coordinates": [[24.909665, 36.054321], [24.909965, 36.053321]]}, "properties": {"name": "S Livaniou St 401 499"}}, {"type": "Feature", "geometry": {"type": "LineString", "coordinates": [[24.909965, 36.053321], [24.908465, 36.053121]]}, "properties": {"name": "S Edessis St 900 998"}}, {"type": "Feature", "geometry": {"type": "LineString", "coordinates": [[24.898205, 36.069383], [24.898065, 36.069421]]}, "properties": {"name": "N Aveny St"}}, {"type": "Feature", "geometry": {"type": "LineString", "coordinates": [[24.889865, 36.052021], [24.888665, 36.052021]]}, "properties": {"name": "N Els St 2600 2698"}}, {"type": "Feature", "geometry": {"type": "LineString", "coordinates": [[24.888965, 36.050321], [24.888665, 36.052021]]}, "properties": {"name": "N Palmant St 600 798"}}, {"type": "Feature", "geometry": {"type": "LineString", "coordinates": [[24.890965, 36.052021], [24.889865, 36.052021]]}, "properties": {"name": "N Els St 2512 2598"}}, {"type": "Feature", "geometry": {"type": "LineString", "coordinates": [[24.890165, 36.050321], [24.889865, 36.052021]]}, "properties": {"name": "N Jav St 600 798"}}, {"type": "Feature", "geometry": {"type": "LineString", "coordinates": [[24.890165, 36.050321], [24.888965, 36.050321]]}, "properties": {"name": "Egeou Ave 2600 2698"}}, {"type": "Feature", "geometry": {"type": "LineString", "coordinates": [[24.888965, 36.050321], [24.888865, 36.049121]]}, "properties": {"name": "S Palmant St 601 699"}}, {"type": "Feature", "geometry": {"type": "LineString", "coordinates": [[24.891065, 36.052021], [24.890965, 36.052021]]}, "properties": {"name": "N Els St 2500 2510"}}, {"type": "Feature", "geometry": {"type": "LineString", "coordinates": [[24.891165, 36.050321], [24.891065, 36.052021]]}, "properties": {"name": "N Prevezis St 600 798"}}, {"type": "Feature", "geometry": {"type": "LineString", "coordinates": [[24.892165, 36.052021], [24.891065, 36.052021]]}, "properties": {"name": "N Els St 2400 2498"}}, {"type": "Feature", "geometry": {"type": "LineString", "coordinates": [[24.891165, 36.050321], [24.890165, 36.050321]]}, "properties": {"name": "Egeou Ave 2500 2598"}}, {"type": "Feature", "geometry": {"type": "LineString", "coordinates": [[24.890165, 36.050321], [24.889965, 36.049121]]}, "properties": {"name": "S Jav St 601 699"}}, {"type": "Feature", "geometry": {"type": "LineString", "coordinates": [[24.891165, 36.050321], [24.891165, 36.048521]]}, "properties": {"name": "S Prevezis St 601 799"}}, {"type": "Feature", "geometry": {"type": "LineString", "coordinates": [[24.892065, 36.050321], [24.891165, 36.050321]]}, "properties": {"name": "Egeou Ave 2400 2498"}}, {"type": "Feature", "geometry": {"type": "LineString", "coordinates": [[24.888865, 36.049121], [24.888865, 36.048521]]}, "properties": {"name": "S Palmant St 701 799"}}, {"type": "Feature", "geometry": {"type": "LineString", "coordinates": [[24.889965, 36.049121], [24.888865, 36.049121]]}, "properties": {"name": "S Eleftherias St 2600 2698"}}, {"type": "Feature", "geometry": {"type": "LineString", "coordinates": [[24.889965, 36.048421], [24.888865, 36.048521]]}, "properties": {"name": "S Els St 2600 2698"}}, {"type": "Feature", "geometry": {"type": "LineString", "coordinates": [[24.888865, 36.048521], [24.888665, 36.046021]]}, "properties": {"name": "S Palmant St 801 1099"}}, {"type": "Feature", "geometry": {"type": "LineString", "coordinates": [[24.889965, 36.049121], [24.889965, 36.048421]]}, "properties": {"name": "S Jav St 701 799"}}, {"type": "Feature", "geometry": {"type": "LineString", "coordinates": [[24.889965, 36.048421], [24.889965, 36.046221]]}, "properties": {"name": "S Jav St 801 1099"}}, {"type": "Feature", "geometry": {"type": "LineString", "coordinates": [[24.890665, 36.048421], [24.889965, 36.048421]]}, "properties": {"name": "S Els St 2500 2598"}}, {"type": "Feature", "geometry": {"type": "LineString", "coordinates": [[24.888665, 36.046021], [24.888565, 36.045421]]}, "properties": {"name": "S Palmant St 1101 1149"}}, {"type": "Feature", "geometry": {"type": "LineString", "coordinates": [[24.889965, 36.046221], [24.888665, 36.046021]]}, "properties": {"name": "S Achilleos St 2600 2698"}}, {"type": "Feature", "geometry": {"type": "LineString", "coordinates": [[24.890665, 36.046221], [24.889965, 36.046221]]}, "properties": {"name": "S Achilleos St 2500 2598"}}, {"type": "Feature", "geometry": {"type": "LineString", "coordinates": [[24.889965, 36.046221], [24.889965, 36.045421]]}, "properties": {"name": "S Jav St 1101 1157"}}, {"type": "Feature", "geometry": {"type": "LineString", "coordinates": [[24.890665, 36.048421], [24.890665, 36.046721]]}, "properties": {"name": "S Prevezis St 801 999"}}, {"type": "Feature", "geometry": {"type": "LineString", "coordinates": [[24.891165, 36.048521], [24.890665, 36.048421]]}, "properties": {"name": "S Els St 2460 2498"}}, {"type": "Feature", "geometry": {"type": "LineString", "coordinates": [[24.891965, 36.048521], [24.891165, 36.048521]]}, "properties": {"name": "S Els St 2400 2458"}}, {"type": "Feature", "geometry": {"type": "LineString", "coordinates": [[24.890665, 36.046721], [24.890665, 36.046221]]}, "properties": {"name": "S Prevezis St 1001 1011"}}, {"type": "Feature", "geometry": {"type": "LineString", "coordinates": [[24.891965, 36.046721], [24.890665, 36.046721]]}, "properties": {"name": "S Acera St 2400 2498"}}, {"type": "Feature", "geometry": {"type": "LineString", "coordinates": [[24.893065, 36.052021], [24.892165, 36.052021]]}, "properties": {"name": "N Els St 2300 2398"}}, {"type": "Feature", "geometry": {"type": "LineString", "coordinates": [[24.892065, 36.050321], [24.892165, 36.052021]]}, "properties": {"name": "N Souliou St 600 698"}}, {"type": "Feature", "geometry": {"type": "LineString", "coordinates": [[24.893175, 36.050332], [24.893065, 36.052021]]}, "properties": {"name": "N Tangno St 600 798"}}, {"type": "Feature", "geometry": {"type": "LineString", "coordinates": [[24.894265, 36.052021], [24.893065, 36.052021]]}, "properties": {"name": "N Els St 2200 2298"}}, {"type": "Feature", "geometry": {"type": "LineString", "coordinates": [[24.892065, 36.050321], [24.891965, 36.048521]]}, "properties": {"name": "S Souliou St 601 799"}}, {"type": "Feature", "geometry": {"type": "LineString", "coordinates": [[24.893175, 36.050332], [24.892065, 36.050321]]}, "properties": {"name": "Egeou Ave 2300 2398"}}, {"type": "Feature", "geometry": {"type": "LineString", "coordinates": [[24.894365, 36.050321], [24.893175, 36.050332]]}, "properties": {"name": "Egeou Ave 2200 2298"}}, {"type": "Feature", "geometry": {"type": "LineString", "coordinates": [[24.893175, 36.050332], [24.893265, 36.048521]]}, "properties": {"name": "S Tangno St 601 799"}}, {"type": "Feature", "geometry": {"type": "LineString", "coordinates": [[24.894365, 36.050321], [24.894265, 36.052021]]}, "properties": {"name": "N Soulie St 600 798"}}, {"type": "Feature", "geometry": {"type": "LineString", "coordinates": [[24.894365, 36.050321], [24.894437, 36.049332]]}, "properties": {"name": "S Soulie St 601 699"}}, {"type": "Feature", "geometry": {"type": "LineString", "coordinates": [[24.894437, 36.049332], [24.894465, 36.048521]]}, "properties": {"name": "S Soulie St 701 799"}}, {"type": "Feature", "geometry": {"type": "LineString", "coordinates": [[24.897165, 36.049321], [24.894437, 36.049332]]}, "properties": {"name": "S Eleftherias St 2000 2198"}}, {"type": "Feature", "geometry": {"type": "LineString", "coordinates": [[24.891965, 36.048521], [24.891965, 36.046721]]}, "properties": {"name": "S Souliou St 801 999"}}, {"type": "Feature", "geometry": {"type": "LineString", "coordinates": [[24.893265, 36.048521], [24.891965, 36.048521]]}, "properties": {"name": "S Els St 2300 2398"}}, {"type": "Feature", "geometry": {"type": "LineString", "coordinates": [[24.893165, 36.046721], [24.891965, 36.046721]]}, "properties": {"name": "S Acera St 2300 2398"}}, {"type": "Feature", "geometry": {"type": "LineString", "coordinates": [[24.894765, 36.046721], [24.893165, 36.046721]]}, "properties": {"name": "S Acera St 2200 2298"}}, {"type": "Feature", "geometry": {"type": "LineString", "coordinates": [[24.893265, 36.048521], [24.893165, 36.046721]]}, "properties": {"name": "S Tangno St 801 999"}}, {"type": "Feature", "geometry": {"type": "LineString", "coordinates": [[24.894465, 36.048521], [24.893265, 36.048521]]}, "properties": {"name": "S Els St 2200 2298"}}, {"type": "Feature", "geometry": {"type": "LineString", "coordinates": [[24.894465, 36.048521], [24.894765, 36.046721]]}, "properties": {"name": "S Soulie St 801 999"}}, {"type": "Feature", "geometry": {"type": "LineString", "coordinates": [[24.895865, 36.048521], [24.894465, 36.048521]]}, "properties": {"name": "S Els St 2100 2198"}}, {"type": "Feature", "geometry": {"type": "LineString", "coordinates": [[24.895865, 36.046721], [24.894765, 36.046721]]}, "properties": {"name": "S Acera St 2100 2198"}}, {"type": "Feature", "geometry": {"type": "LineString", "coordinates": [[24.889365, 36.045421], [24.888565, 36.045421]]}, "properties": {"name": "Makedonias St 2600 2698"}}, {"type": "Feature", "geometry": {"type": "LineString", "coordinates": [[24.895365, 36.052021], [24.897165, 36.051921]]}, "properties": {"name": "N Els St"}}, {"type": "Feature", "geometry": {"type": "LineString", "coordinates": [[24.897965, 36.051721], [24.897165, 36.051921]]}, "properties": {"name": "N Kikladon Ave 600 698"}}, {"type": "Feature", "geometry": {"type": "LineString", "coordinates": [[24.897465, 36.050921], [24.897165, 36.051921]]}, "properties": {"name": "N Siarad Ave 600 628"}}, {"type": "Feature", "geometry": {"type": "LineString", "coordinates": [[24.897965, 36.051721], [24.897465, 36.050921]]}, "properties": {"name": "N Eira St 1700 1798"}}, {"type": "Feature", "geometry": {"type": "LineString", "coordinates": [[24.898665, 36.051521], [24.897965, 36.051721]]}, "properties": {"name": "N Kikladon Ave 500 598"}}, {"type": "Feature", "geometry": {"type": "LineString", "coordinates": [[24.897465, 36.050921], [24.895965, 36.050321], [24.894365, 36.050321]]}, "properties": {"name": "Egeou Ave 2042 2198"}}, {"type": "Feature", "geometry": {"type": "LineString", "coordinates": [[24.897465, 36.050921], [24.897165, 36.049821]]}, "properties": {"name": "S Siarad Ave 601 699"}}, {"type": "Feature", "geometry": {"type": "LineString", "coordinates": [[24.897165, 36.049821], [24.897165, 36.049321]]}, "properties": {"name": "S Siarad Ave 701 715"}}, {"type": "Feature", "geometry": {"type": "LineString", "coordinates": [[24.897165, 36.049321], [24.897265, 36.048821]]}, "properties": {"name": "S Siarad Ave 717 799"}}, {"type": "Feature", "geometry": {"type": "LineString", "coordinates": [[24.895865, 36.048521], [24.895865, 36.046721]]}, "properties": {"name": "S Jac St 801 999"}}, {"type": "Feature", "geometry": {"type": "LineString", "coordinates": [[24.897265, 36.048521], [24.895865, 36.048521]]}, "properties": {"name": "S Els St 2000 2098"}}, {"type": "Feature", "geometry": {"type": "LineString", "coordinates": [[24.897265, 36.046721], [24.895865, 36.046721]]}, "properties": {"name": "S Acera St 2000 2098"}}, {"type": "Feature", "geometry": {"type": "LineString", "coordinates": [[24.897265, 36.048821], [24.897265, 36.048521]]}, "properties": {"name": "S Siarad Ave 801 809"}}, {"type": "Feature", "geometry": {"type": "LineString", "coordinates": [[24.897265, 36.048521], [24.897265, 36.047721]]}, "properties": {"name": "S Siarad Ave 811 899"}}, {"type": "Feature", "geometry": {"type": "LineString", "coordinates": [[24.897265, 36.047721], [24.897265, 36.046721]]}, "properties": {"name": "S Siarad Ave 901 947"}}, {"type": "Feature", "geometry": {"type": "LineString", "coordinates": [[24.897265, 36.046721], [24.897265, 36.045621]]}, "properties": {"name": "S Siarad Ave 949 1099"}}, {"type": "Feature", "geometry": {"type": "LineString", "coordinates": [[24.898665, 36.051521], [24.897465, 36.050921]]}, "properties": {"name": "Ipsilantou Ave 1700 1798"}}, {"type": "Feature", "geometry": {"type": "LineString", "coordinates": [[24.898665, 36.051521], [24.898665, 36.051021]]}, "properties": {"name": "S Kikladon Ave 501 599"}}, {"type": "Feature", "geometry": {"type": "LineString", "coordinates": [[24.898665, 36.051021], [24.897465, 36.050921]]}, "properties": {"name": "S Egeou Ave 1700 1998"}}, {"type": "Feature", "geometry": {"type": "LineString", "coordinates": [[24.898665, 36.051021], [24.898965, 36.050021]]}, "properties": {"name": "S Kikladon Ave 601 699"}}, {"type": "Feature", "geometry": {"type": "LineString", "coordinates": [[24.898965, 36.050021], [24.897165, 36.049821]]}, "properties": {"name": "S Eleftherias St 1700 1998"}}, {"type": "Feature", "geometry": {"type": "LineString", "coordinates": [[24.898965, 36.050021], [24.899165, 36.048921]]}, "properties": {"name": "S Kikladon Ave 701 799"}}, {"type": "Feature", "geometry": {"type": "LineString", "coordinates": [[24.900065, 36.052221], [24.898665, 36.051521]]}, "properties": {"name": "Ipsilantou Ave 1600 1698"}}, {"type": "Feature", "geometry": {"type": "LineString", "coordinates": [[24.900065, 36.052221], [24.900165, 36.051221]]}, "properties": {"name": "S Evripidou Ave 501 599"}}, {"type": "Feature", "geometry": {"type": "LineString", "coordinates": [[24.900165, 36.051221], [24.898665, 36.051021]]}, "properties": {"name": "S Egeou Ave 1600 1698"}}, {"type": "Feature", "geometry": {"type": "LineString", "coordinates": [[24.900165, 36.051221], [24.900365, 36.050121]]}, "properties": {"name": "S Evripidou Ave 601 699"}}, {"type": "Feature", "geometry": {"type": "LineString", "coordinates": [[24.900365, 36.050121], [24.900565, 36.049121]]}, "properties": {"name": "S Evripidou Ave 701 799"}}, {"type": "Feature", "geometry": {"type": "LineString", "coordinates": [[24.898065, 36.047821], [24.897265, 36.047721]]}, "properties": {"name": "S Ermou St 1850 1898"}}, {"type": "Feature", "geometry": {"type": "LineString", "coordinates": [[24.898065, 36.047821], [24.898465, 36.045721]]}, "properties": {"name": "S Protopiou Ave 901 1099"}}, {"type": "Feature", "geometry": {"type": "LineString", "coordinates": [[24.899165, 36.048921], [24.897265, 36.048821]]}, "properties": {"name": "S Els St 1700 1998"}}, {"type": "Feature", "geometry": {"type": "LineString", "coordinates": [[24.899165, 36.048921], [24.899465, 36.047921]]}, "properties": {"name": "S Kikladon Ave 801 899"}}, {"type": "Feature", "geometry": {"type": "LineString", "coordinates": [[24.899465, 36.047921], [24.898065, 36.047821]]}, "properties": {"name": "S Ermou St 1700 1804"}}, {"type": "Feature", "geometry": {"type": "LineString", "coordinates": [[24.899465, 36.047921], [24.899965, 36.045921]]}, "properties": {"name": "S Kikladon Ave 901 1099"}}, {"type": "Feature", "geometry": {"type": "LineString", "coordinates": [[24.900565, 36.049121], [24.899165, 36.048921]]}, "properties": {"name": "S Els St 1600 1698"}}, {"type": "Feature", "geometry": {"type": "LineString", "coordinates": [[24.900565, 36.049121], [24.900865, 36.048121]]}, "properties": {"name": "S Evripidou Ave 801 899"}}, {"type": "Feature", "geometry": {"type": "LineString", "coordinates": [[24.900865, 36.048121], [24.899465, 36.047921]]}, "properties": {"name": "S Ermou St 1600 1698"}}, {"type": "Feature", "geometry": {"type": "LineString", "coordinates": [[24.900865, 36.048121], [24.901365, 36.046021]]}, "properties": {"name": "S Evripidou Ave 901 1099"}}, {"type": "Feature", "geometry": {"type": "LineString", "coordinates": [[24.898465, 36.045721], [24.897265, 36.045621]]}, "properties": {"name": "S Achilleos St 1800 1998"}}, {"type": "Feature", "geometry": {"type": "LineString", "coordinates": [[24.899965, 36.045921], [24.898465, 36.045721]]}, "properties": {"name": "S Achilleos St 1700 1798"}}, {"type": "Feature", "geometry": {"type": "LineString", "coordinates": [[24.901565, 36.051421], [24.900165, 36.051221]]}, "properties": {"name": "S Egeou Ave 1500 1598"}}, {"type": "Feature", "geometry": {"type": "LineString", "coordinates": [[24.901565, 36.051421], [24.901765, 36.050321]]}, "properties": {"name": "S Honoliau Ave 601 699"}}, {"type": "Feature", "geometry": {"type": "LineString", "coordinates": [[24.901765, 36.050321], [24.900365, 36.050121]]}, "properties": {"name": "S Eleftherias St 1500 1598"}}, {"type": "Feature", "geometry": {"type": "LineString", "coordinates": [[24.901765, 36.050321], [24.902065, 36.049321]]}, "properties": {"name": "S Honoliau Ave 701 799"}}, {"type": "Feature", "geometry": {"type": "LineString", "coordinates": [[24.902065, 36.049321], [24.900565, 36.049121]]}, "properties": {"name": "S Els St 1500 1598"}}, {"type": "Feature", "geometry": {"type": "LineString", "coordinates": [[24.902065, 36.049321], [24.902365, 36.048221]]}, "properties": {"name": "S Honoliau Ave 801 899"}}, {"type": "Feature", "geometry": {"type": "LineString", "coordinates": [[24.902965, 36.051521], [24.901565, 36.051421]]}, "properties": {"name": "S Egeou Ave 1400 1498"}}, {"type": "Feature", "geometry": {"type": "LineString", "coordinates": [[24.902965, 36.051521], [24.903265, 36.050421]]}, "properties": {"name": "S Schaber Ave 601 699"}}, {"type": "Feature", "geometry": {"type": "LineString", "coordinates": [[24.903265, 36.050421], [24.901765, 36.050321]]}, "properties": {"name": "S Eleftherias St 1400 1498"}}, {"type": "Feature", "geometry": {"type": "LineString", "coordinates": [[24.903265, 36.050421], [24.903565, 36.049421]]}, "properties": {"name": "S Schaber Ave 701 799"}}, {"type": "Feature", "geometry": {"type": "LineString", "coordinates": [[24.903565, 36.049421], [24.902065, 36.049321]]}, "properties": {"name": "S Els St 1400 1498"}}, {"type": "Feature", "geometry": {"type": "LineString", "coordinates": [[24.903565, 36.049421], [24.903765, 36.048421]]}, "properties": {"name": "S Schaber Ave 801 899"}}, {"type": "Feature", "geometry": {"type": "LineString", "coordinates": [[24.902365, 36.048221], [24.900865, 36.048121]]}, "properties": {"name": "S Ermou St 1500 1598"}}, {"type": "Feature", "geometry": {"type": "LineString", "coordinates": [[24.902365, 36.048221], [24.902765, 36.046221]]}, "properties": {"name": "S Honoliau Ave 901 1099"}}, {"type": "Feature", "geometry": {"type": "LineString", "coordinates": [[24.901365, 36.046021], [24.899965, 36.045921]]}, "properties": {"name": "S Achilleos St 1600 1698"}}, {"type": "Feature", "geometry": {"type": "LineString", "coordinates": [[24.902765, 36.046221], [24.901365, 36.046021]]}, "properties": {"name": "S Achilleos St 1500 1598"}}, {"type": "Feature", "geometry": {"type": "LineString", "coordinates": [[24.902765, 36.046221], [24.902965, 36.045121]]}, "properties": {"name": "S Honoliau Ave 1101 1199"}}, {"type": "Feature", "geometry": {"type": "LineString", "coordinates": [[24.903765, 36.048421], [24.902365, 36.048221]]}, "properties": {"name": "S Ermou St 1400 1498"}}, {"type": "Feature", "geometry": {"type": "LineString", "coordinates": [[24.903765, 36.048421], [24.904165, 36.046421]]}, "properties": {"name": "S Schaber Ave 901 1099"}}, {"type": "Feature", "geometry": {"type": "LineString", "coordinates": [[24.904165, 36.046421], [24.902765, 36.046221]]}, "properties": {"name": "S Achilleos St 1400 1498"}}, {"type": "Feature", "geometry": {"type": "LineString", "coordinates": [[24.904165, 36.046421], [24.904465, 36.045321]]}, "properties": {"name": "S Schaber Ave 1101 1199"}}, {"type": "Feature", "geometry": {"type": "LineString", "coordinates": [[24.904465, 36.051621], [24.902965, 36.051521]]}, "properties": {"name": "S Egeou Ave 1300 1398"}}, {"type": "Feature", "geometry": {"type": "LineString", "coordinates": [[24.904465, 36.051621], [24.904765, 36.050621]]}, "properties": {"name": "S Menelaou St 601 699"}}, {"type": "Feature", "geometry": {"type": "LineString", "coordinates": [[24.905965, 36.051821], [24.904465, 36.051621]]}, "properties": {"name": "S Egeou Ave 1200 1298"}}, {"type": "Feature", "geometry": {"type": "LineString", "coordinates": [[24.905965, 36.051821], [24.906165, 36.050821]]}, "properties": {"name": "S Maskin St 601 699"}}, {"type": "Feature", "geometry": {"type": "LineString", "coordinates": [[24.904765, 36.050621], [24.903265, 36.050421]]}, "properties": {"name": "S Eleftherias St 1300 1398"}}, {"type": "Feature", "geometry": {"type": "LineString", "coordinates": [[24.904765, 36.050621], [24.904965, 36.049621]]}, "properties": {"name": "S Menelaou St 701 799"}}, {"type": "Feature", "geometry": {"type": "LineString", "coordinates": [[24.904965, 36.049621], [24.903565, 36.049421]]}, "properties": {"name": "S Els St 1300 1398"}}, {"type": "Feature", "geometry": {"type": "LineString", "coordinates": [[24.904965, 36.049621], [24.905165, 36.048621]]}, "properties": {"name": "S Menelaou St 801 899"}}, {"type": "Feature", "geometry": {"type": "LineString", "coordinates": [[24.906165, 36.050821], [24.904765, 36.050621]]}, "properties": {"name": "S Eleftherias St 1200 1298"}}, {"type": "Feature", "geometry": {"type": "LineString", "coordinates": [[24.906165, 36.050821], [24.906365, 36.049721]]}, "properties": {"name": "S Maskin St 701 799"}}, {"type": "Feature", "geometry": {"type": "LineString", "coordinates": [[24.907365, 36.052021], [24.905965, 36.051821]]}, "properties": {"name": "S Egeou Ave 1100 1198"}}, {"type": "Feature", "geometry": {"type": "LineString", "coordinates": [[24.907365, 36.052021], [24.907765, 36.050921]]}, "properties": {"name": "Narwhal Way 601 699"}}, {"type": "Feature", "geometry": {"type": "LineString", "coordinates": [[24.906365, 36.049721], [24.904965, 36.049621]]}, "properties": {"name": "S Els St 1200 1298"}}, {"type": "Feature", "geometry": {"type": "LineString", "coordinates": [[24.906365, 36.049721], [24.906565, 36.048721]]}, "properties": {"name": "S Maskin St 801 899"}}, {"type": "Feature", "geometry": {"type": "LineString", "coordinates": [[24.905165, 36.048621], [24.903765, 36.048421]]}, "properties": {"name": "S Ermou St 1300 1398"}}, {"type": "Feature", "geometry": {"type": "LineString", "coordinates": [[24.905165, 36.048621], [24.905465, 36.047521]]}, "properties": {"name": "S Menelaou St 901 999"}}, {"type": "Feature", "geometry": {"type": "LineString", "coordinates": [[24.905465, 36.047521], [24.905665, 36.046521]]}, "properties": {"name": "S Menelaou St 1001 1099"}}, {"type": "Feature", "geometry": {"type": "LineString", "coordinates": [[24.905665, 36.046521], [24.904165, 36.046421]]}, "properties": {"name": "S Achilleos St 1300 1398"}}, {"type": "Feature", "geometry": {"type": "LineString", "coordinates": [[24.905665, 36.046521], [24.905965, 36.045421]]}, "properties": {"name": "S Menelaou St 1101 1199"}}, {"type": "Feature", "geometry": {"type": "LineString", "coordinates": [[24.906565, 36.048721], [24.905165, 36.048621]]}, "properties": {"name": "S Ermou St 1200 1298"}}, {"type": "Feature", "geometry": {"type": "LineString", "coordinates": [[24.906565, 36.048721], [24.906965, 36.047721]]}, "properties": {"name": "S Maskin St 901 999"}}, {"type": "Feature", "geometry": {"type": "LineString", "coordinates": [[24.906965, 36.047721], [24.905465, 36.047521]]}, "properties": {"name": "S Acera St 1200 1298"}}, {"type": "Feature", "geometry": {"type": "LineString", "coordinates": [[24.906965, 36.047721], [24.907165, 36.046721]]}, "properties": {"name": "S Maskin St 1001 1099"}}, {"type": "Feature", "geometry": {"type": "LineString", "coordinates": [[24.907165, 36.046721], [24.907465, 36.045621]]}, "properties": {"name": "S Maskin St 1101 1199"}}, {"type": "Feature", "geometry": {"type": "LineString", "coordinates": [[24.904465, 36.045321], [24.902965, 36.045121]]}, "properties": {"name": "S Agentes St 1400 1498"}}, {"type": "Feature", "geometry": {"type": "LineString", "coordinates": [[24.905965, 36.045421], [24.904465, 36.045321]]}, "properties": {"name": "S Agentes St 1300 1398"}}, {"type": "Feature", "geometry": {"type": "LineString", "coordinates": [[24.907765, 36.050921], [24.906165, 36.050821]]}, "properties": {"name": "S Eleftherias St 1100 1198"}}, {"type": "Feature", "geometry": {"type": "LineString", "coordinates": [[24.907765, 36.050921], [24.907865, 36.049921]]}, "properties": {"name": "Narwhal Way 701 799"}}, {"type": "Feature", "geometry": {"type": "LineString", "coordinates": [[24.908765, 36.052121], [24.907365, 36.052021]]}, "properties": {"name": "S Egeou Ave 1000 1098"}}, {"type": "Feature", "geometry": {"type": "LineString", "coordinates": [[24.908765, 36.052121], [24.909165, 36.051121]]}, "properties": {"name": "S Livit St 601 699"}}, {"type": "Feature", "geometry": {"type": "LineString", "coordinates": [[24.909165, 36.051121], [24.907765, 36.050921]]}, "properties": {"name": "S Eleftherias St 1000 1098"}}, {"type": "Feature", "geometry": {"type": "LineString", "coordinates": [[24.909165, 36.051121], [24.909265, 36.050021]]}, "properties": {"name": "S Livit St 701 799"}}, {"type": "Feature", "geometry": {"type": "LineString", "coordinates": [[24.907865, 36.049921], [24.906365, 36.049721]]}, "properties": {"name": "S Els St 1100 1198"}}, {"type": "Feature", "geometry": {"type": "LineString", "coordinates": [[24.907865, 36.049921], [24.908065, 36.048921]]}, "properties": {"name": "Narwhal Way 801 899"}}, {"type": "Feature", "geometry": {"type": "LineString", "coordinates": [[24.909265, 36.050021], [24.907865, 36.049921]]}, "properties": {"name": "S Els St 1000 1098"}}, {"type": "Feature", "geometry": {"type": "LineString", "coordinates": [[24.909265, 36.050021], [24.909465, 36.049021]]}, "properties": {"name": "S Livit St 801 899"}}, {"type": "Feature", "geometry": {"type": "LineString", "coordinates": [[24.908065, 36.048921], [24.906565, 36.048721]]}, "properties": {"name": "S Ermou St 1100 1198"}}, {"type": "Feature", "geometry": {"type": "LineString", "coordinates": [[24.908065, 36.048921], [24.908365, 36.047921]]}, "properties": {"name": "Narwhal Way 901 999"}}, {"type": "Feature", "geometry": {"type": "LineString", "coordinates": [[24.908365, 36.047921], [24.906965, 36.047721]]}, "properties": {"name": "S Acera St 1100 1198"}}, {"type": "Feature", "geometry": {"type": "LineString", "coordinates": [[24.908365, 36.047921], [24.908565, 36.046821]]}, "properties": {"name": "Narwhal Way 1001 1099"}}, {"type": "Feature", "geometry": {"type": "LineString", "coordinates": [[24.908565, 36.046821], [24.907165, 36.046721]]}, "properties": {"name": "S Achilleos St 1100 1198"}}, {"type": "Feature", "geometry": {"type": "LineString", "coordinates": [[24.908565, 36.046821], [24.908765, 36.045821]]}, "properties": {"name": "Narwhal Way 1101 1199"}}, {"type": "Feature", "geometry": {"type": "LineString", "coordinates": [[24.909465, 36.049021], [24.908065, 36.048921]]}, "properties": {"name": "S Ermou St 1000 1098"}}, {"type": "Feature", "geometry": {"type": "LineString", "coordinates": [[24.909465, 36.049021], [24.909765, 36.048021]]}, "properties": {"name": "S Livit St 901 999"}}, {"type": "Feature", "geometry": {"type": "LineString", "coordinates": [[24.909765, 36.048021], [24.908365, 36.047921]]}, "properties": {"name": "S Acera St 1000 1098"}}, {"type": "Feature", "geometry": {"type": "LineString", "coordinates": [[24.909765, 36.048021], [24.909965, 36.047021]]}, "properties": {"name": "S Livit St 1001 1099"}}, {"type": "Feature", "geometry": {"type": "LineString", "coordinates": [[24.909965, 36.047021], [24.908565, 36.046821]]}, "properties": {"name": "S Achilleos St 1000 1098"}}, {"type": "Feature", "geometry": {"type": "LineString", "coordinates": [[24.908765, 36.045821], [24.907465, 36.045621]]}, "properties": {"name": "S Agentes St 1100 1198"}}, {"type": "Feature", "geometry": {"type": "LineString", "coordinates": [[24.838827, 36.09082], [24.837463, 36.09082]]}, "properties": {"name": "N Diogenous St 6352 6398"}}, {"type": "Feature", "geometry": {"type": "LineString", "coordinates": [[24.839163, 36.090977], [24.839163, 36.09132]]}, "properties": {"name": "N Thermopilon St 4946 4998"}}, {"type": "Feature", "geometry": {"type": "LineString", "coordinates": [[24.840044, 36.09132], [24.839163, 36.09132]]}, "properties": {"name": "N Diogenous St 6204 6214"}}, {"type": "Feature", "geometry": {"type": "LineString", "coordinates": [[24.840373, 36.091464], [24.840463, 36.09282]]}, "properties": {"name": "N Gerantoni St 5006 5098"}}, {"type": "Feature", "geometry": {"type": "LineString", "coordinates": [[24.841711, 36.091833], [24.841763, 36.09282]]}, "properties": {"name": "N Ionnanon St 5020 5098"}}, {"type": "Feature", "geometry": {"type": "LineString", "coordinates": [[24.843063, 36.092166], [24.843063, 36.09282]]}, "properties": {"name": "N Tzavella St 5032 5098"}}, {"type": "Feature", "geometry": {"type": "LineString", "coordinates": [[24.844447, 36.092324], [24.844463, 36.09282]]}, "properties": {"name": "N Pilau St 5028 5098"}}, {"type": "Feature", "geometry": {"type": "LineString", "coordinates": [[24.845741, 36.092391], [24.845721, 36.092837]]}, "properties": {"name": "N Leeno St 5038 5098"}}, {"type": "Feature", "geometry": {"type": "LineString", "coordinates": [[24.847035, 36.09243], [24.847063, 36.09282]]}, "properties": {"name": "N Yonille St 5084 5098"}}, {"type": "Feature", "geometry": {"type": "LineString", "coordinates": [[24.833689, 36.053109], [24.828771, 36.053106]]}, "properties": {"name": "Skaldis"}}, {"type": "Feature", "geometry": {"type": "LineString", "coordinates": [[24.828771, 36.053106], [24.825756, 36.053151]]}, "properties": {"name": "Skaldis"}}, {"type": "Feature", "geometry": {"type": "LineString", "coordinates": [[24.825756, 36.053151], [24.825413, 36.053166]]}, "properties": {"name": "Skaldis"}}, {"type": "Feature", "geometry": {"type": "LineString", "coordinates": [[24.871464, 36.06382], [24.871464, 36.06292]]}, "properties": {"name": "N Polvo St 2399 2201"}}, {"type": "Feature", "geometry": {"type": "LineString", "coordinates": [[24.906876, 36.053967], [24.907065, 36.053021]]}, "properties": {"name": "Narwhal Way 407 499"}}, {"type": "Feature", "geometry": {"type": "LineString", "coordinates": [[24.834501, 36.085806], [24.834696, 36.085824]]}, "properties": {"name": "Grammou"}}, {"type": "Feature", "geometry": {"type": "LineString", "coordinates": [[24.837263, 36.08672], [24.836463, 36.08672]]}, "properties": {"name": "N Inuti Dr 4642 4698"}}, {"type": "Feature", "geometry": {"type": "LineString", "coordinates": [[24.8408, 36.071549], [24.84054, 36.071725], [24.840342, 36.071763], [24.839884, 36.071725]]}, "properties": {"name": "N Hallanol Dr 3200 3298"}}, {"type": "Feature", "geometry": {"type": "LineString", "coordinates": [[24.838541, 36.059609], [24.838084, 36.059213], [24.837824, 36.058976], [24.837763, 36.058404], [24.837702, 36.058213], [24.837626, 36.058091], [24.836863, 36.057923]]}, "properties": {"name": ""}}, {"type": "Feature", "geometry": {"type": "LineString", "coordinates": [[24.82635, 36.051934], [24.824702, 36.052514]]}, "properties": {"name": "N Sialens Pl 7309 7313"}}, {"type": "Feature", "geometry": {"type": "LineString", "coordinates": [[24.835563, 36.046536], [24.837261, 36.046556], [24.837245, 36.04622]]}, "properties": {"name": ""}}, {"type": "Feature", "geometry": {"type": "LineString", "coordinates": [[24.845463, 36.08952], [24.844463, 36.08952]]}, "properties": {"name": "N Desafio St 5624 5698"}}, {"type": "Feature", "geometry": {"type": "LineString", "coordinates": [[24.846357, 36.090144], [24.846936, 36.090123]]}, "properties": {"name": "Reto Way"}}, {"type": "Feature", "geometry": {"type": "LineString", "coordinates": [[24.841463, 36.08562], [24.840363, 36.08562]]}, "properties": {"name": "N Delfon St 6108 6198"}}, {"type": "Feature", "geometry": {"type": "LineString", "coordinates": [[24.84964, 36.086334], [24.849532, 36.086315]]}, "properties": {"name": "N Dentro St 5400 5448"}}, {"type": "Feature", "geometry": {"type": "LineString", "coordinates": [[24.845906, 36.081179], [24.845956, 36.081826]]}, "properties": {"name": "N Leeno St 4100 4198"}}, {"type": "Feature", "geometry": {"type": "LineString", "coordinates": [[24.849681, 36.081069], [24.849632, 36.081709]]}, "properties": {"name": "N Scarkeme St"}}, {"type": "Feature", "geometry": {"type": "LineString", "coordinates": [[24.859163, 36.08902], [24.857463, 36.08942]]}, "properties": {"name": "N Valmai St 4752 4902"}}, {"type": "Feature", "geometry": {"type": "LineString", "coordinates": [[24.844314, 36.071451], [24.844263, 36.07242]]}, "properties": {"name": "N Pilau St 3198 3298"}}, {"type": "Feature", "geometry": {"type": "LineString", "coordinates": [[24.844363, 36.07022], [24.844363, 36.07052]]}, "properties": {"name": "N Pilau St 3074 3098"}}, {"type": "Feature", "geometry": {"type": "LineString", "coordinates": [[24.841363, 36.06342], [24.840563, 36.06342]]}, "properties": {"name": "N Anrop St 6138 6198"}}, {"type": "Feature", "geometry": {"type": "LineString", "coordinates": [[24.839544, 36.05953], [24.839442, 36.059861], [24.838984, 36.059869], [24.838541, 36.059609]]}, "properties": {"name": ""}}, {"type": "Feature", "geometry": {"type": "LineString", "coordinates": [[24.839676, 36.058705], [24.839641, 36.059213], [24.839544, 36.05953]]}, "properties": {"name": ""}}, {"type": "Feature", "geometry": {"type": "LineString", "coordinates": [[24.850963, 36.07802], [24.849763, 36.07802]]}, "properties": {"name": "N Blant St 5402 5498"}}, {"type": "Feature", "geometry": {"type": "LineString", "coordinates": [[24.862464, 36.05192], [24.861064, 36.05192]]}, "properties": {"name": "N Els St 4430 4598"}}, {"type": "Feature", "geometry": {"type": "LineString", "coordinates": [[24.875064, 36.07832], [24.874264, 36.07882]]}, "properties": {"name": "N Valmai St 3644 3690"}}, {"type": "Feature", "geometry": {"type": "LineString", "coordinates": [[24.874764, 36.07772], [24.874764, 36.07802]]}, "properties": {"name": "N Utmana St 3808 3898"}}, {"type": "Feature", "geometry": {"type": "LineString", "coordinates": [[24.87331, 36.067496], [24.871464, 36.06772]]}, "properties": {"name": "N Artakis St 3726 3898"}}, {"type": "Feature", "geometry": {"type": "LineString", "coordinates": [[24.885764, 36.07112], [24.884064, 36.07112]]}, "properties": {"name": "N Avionos St 2904 3098"}}, {"type": "Feature", "geometry": {"type": "LineString", "coordinates": [[24.887264, 36.06912], [24.885864, 36.06912]]}, "properties": {"name": "N Aveny St 2900 2998"}}, {"type": "Feature", "geometry": {"type": "LineString", "coordinates": [[24.882465, 36.053821], [24.882465, 36.054721]]}, "properties": {"name": "N Evzonon St 934 1098"}}, {"type": "Feature", "geometry": {"type": "LineString", "coordinates": [[24.851792, 36.048628], [24.853384, 36.048609]]}, "properties": {"name": "S Els St"}}, {"type": "Feature", "geometry": {"type": "LineString", "coordinates": [[24.879565, 36.049121], [24.879565, 36.048321]]}, "properties": {"name": "S Utanfor St 713 799"}}, {"type": "Feature", "geometry": {"type": "LineString", "coordinates": [[24.879565, 36.047421], [24.878065, 36.04742]]}, "properties": {"name": "S Ermou St 3400 3498"}}, {"type": "Feature", "geometry": {"type": "LineString", "coordinates": [[24.891817, 36.065449], [24.891765, 36.066021]]}, "properties": {"name": "Pamassou Rd 100 198"}}, {"type": "Feature", "geometry": {"type": "LineString", "coordinates": [[24.891006, 36.065186], [24.890865, 36.065421], [24.890865, 36.066521]]}, "properties": {"name": "Iroon Rd 100 198"}}, {"type": "Feature", "geometry": {"type": "LineString", "coordinates": [[24.890465, 36.063121], [24.890065, 36.063121]]}, "properties": {"name": "N Zefirou Ave 2514 2598"}}, {"type": "Feature", "geometry": {"type": "LineString", "coordinates": [[24.893465, 36.063621], [24.893465, 36.065221]]}, "properties": {"name": "N Gondol St 1058 2498"}}, {"type": "Feature", "geometry": {"type": "LineString", "coordinates": [[24.835063, 36.08922], [24.836363, 36.08922]]}, "properties": {"name": "N Desafio St 6575 6501"}}, {"type": "Feature", "geometry": {"type": "LineString", "coordinates": [[24.829141, 36.093202], [24.828965, 36.092895]]}, "properties": {"name": "Rozarol Rd"}}, {"type": "Feature", "geometry": {"type": "LineString", "coordinates": [[24.828965, 36.092895], [24.82892, 36.092816], [24.828955, 36.092618], [24.829109, 36.092547], [24.829203, 36.092436], [24.829191, 36.092224], [24.829262, 36.092056], [24.829368, 36.091808], [24.829616, 36.091653], [24.829722, 36.09161], [24.829816, 36.091565], [24.829899, 36.091384], [24.829863, 36.091243], [24.829863, 36.091129], [24.829959, 36.090966], [24.830077, 36.090816], [24.830218, 36.090622]]}, "properties": {"name": "Rozarol Rd 1 107"}}, {"type": "Feature", "geometry": {"type": "LineString", "coordinates": [[24.840463, 36.09282], [24.840463, 36.09432]]}, "properties": {"name": "N Gerantoni St 5100 5298"}}, {"type": "Feature", "geometry": {"type": "LineString", "coordinates": [[24.883964, 36.07292], [24.885379, 36.072943]]}, "properties": {"name": "N Barabla St"}}, {"type": "Feature", "geometry": {"type": "LineString", "coordinates": [[24.835763, 36.08282], [24.835795, 36.082343]]}, "properties": {"name": "N Medel St"}}, {"type": "Feature", "geometry": {"type": "LineString", "coordinates": [[24.83516, 36.08013], [24.834391, 36.080201]]}, "properties": {"name": "N Camino St"}}, {"type": "Feature", "geometry": {"type": "LineString", "coordinates": [[24.83516, 36.08013], [24.835088, 36.078064]]}, "properties": {"name": "N Medel St"}}, {"type": "Feature", "geometry": {"type": "LineString", "coordinates": [[24.835088, 36.078064], [24.83339, 36.078073]]}, "properties": {"name": "N Blant St"}}, {"type": "Feature", "geometry": {"type": "LineString", "coordinates": [[24.83339, 36.078073], [24.833437, 36.080275]]}, "properties": {"name": "Obil St 3800 4098"}}, {"type": "Feature", "geometry": {"type": "LineString", "coordinates": [[24.834391, 36.080201], [24.833811, 36.080506], [24.833353, 36.080468]]}, "properties": {"name": ""}}, {"type": "Feature", "geometry": {"type": "LineString", "coordinates": [[24.833437, 36.080275], [24.834391, 36.080201]]}, "properties": {"name": "N Camino St 6699 6611"}}, {"type": "Feature", "geometry": {"type": "LineString", "coordinates": [[24.842599, 36.076895], [24.843553, 36.076884]]}, "properties": {"name": "N Havet Dr 3799 3701"}}, {"type": "Feature", "geometry": {"type": "LineString", "coordinates": [[24.842586, 36.07622], [24.841763, 36.07622], [24.839163, 36.07692]]}, "properties": {"name": "N Bilar St 6034 6298"}}, {"type": "Feature", "geometry": {"type": "LineString", "coordinates": [[24.842599, 36.076895], [24.842586, 36.07622]]}, "properties": {"name": "N Ionnanon St 3799 3701"}}, {"type": "Feature", "geometry": {"type": "LineString", "coordinates": [[24.843597, 36.077536], [24.843553, 36.076884]]}, "properties": {"name": "N Tzavella St 3799 3701"}}, {"type": "Feature", "geometry": {"type": "LineString", "coordinates": [[24.841319, 36.079515], [24.841289, 36.078224], [24.84136, 36.078046], [24.841443, 36.077826], [24.841643, 36.077683], [24.841879, 36.077611], [24.842162, 36.077545], [24.842374, 36.077544], [24.843597, 36.077536]]}, "properties": {"name": "N Gerantoni St 3899 3701"}}, {"type": "Feature", "geometry": {"type": "LineString", "coordinates": [[24.844263, 36.074349], [24.844263, 36.07442]]}, "properties": {"name": "N Pilau St 3516 3522"}}, {"type": "Feature", "geometry": {"type": "LineString", "coordinates": [[24.842555, 36.05951], [24.842296, 36.05967], [24.842098, 36.059739], [24.841579, 36.059777], [24.84048, 36.059815]]}, "properties": {"name": "N Alexandrias St 6000 6198"}}, {"type": "Feature", "geometry": {"type": "LineString", "coordinates": [[24.850663, 36.08952], [24.851983, 36.08952]]}, "properties": {"name": "N Desafio St 5399 5301"}}, {"type": "Feature", "geometry": {"type": "LineString", "coordinates": [[24.885565, 36.060383], [24.885565, 36.060721]]}, "properties": {"name": "N Lumen St 1500 1898"}}, {"type": "Feature", "geometry": {"type": "LineString", "coordinates": [[24.845923, 36.074337], [24.844263, 36.074349]]}, "properties": {"name": "N Barwyn St"}}, {"type": "Feature", "geometry": {"type": "LineString", "coordinates": [[24.85642, 36.080887], [24.856364, 36.08172]]}, "properties": {"name": "N Limnou St 4100 4198"}}, {"type": "Feature", "geometry": {"type": "LineString", "coordinates": [[24.83645, 36.069063], [24.835901, 36.069252], [24.835465, 36.06947], [24.835029, 36.069758], [24.834722, 36.07003], [24.834534, 36.070267], [24.834451, 36.070435], [24.834428, 36.070607]]}, "properties": {"name": ""}}, {"type": "Feature", "geometry": {"type": "LineString", "coordinates": [[24.844125, 36.058916], [24.844051, 36.059342]]}, "properties": {"name": "N Pilau St 1734 1788"}}, {"type": "Feature", "geometry": {"type": "LineString", "coordinates": [[24.842555, 36.05892], [24.843356, 36.058918]]}, "properties": {"name": "N Alamanas St 5999 5949"}}, {"type": "Feature", "geometry": {"type": "LineString", "coordinates": [[24.865764, 36.04662], [24.865826, 36.045999]]}, "properties": {"name": "S Nia Ave"}}, {"type": "Feature", "geometry": {"type": "LineString", "coordinates": [[24.828811, 36.054023], [24.828863, 36.05522]]}, "properties": {"name": "Seranti Dr 942 1098"}}, {"type": "Feature", "geometry": {"type": "LineString", "coordinates": [[24.83348, 36.054897], [24.832963, 36.05522]]}, "properties": {"name": "N Achilleos St 6300 6808"}}, {"type": "Feature", "geometry": {"type": "LineString", "coordinates": [[24.828811, 36.054023], [24.833194, 36.054078], [24.833465, 36.054199], [24.83348, 36.054897]]}, "properties": {"name": "N Acera St 7099 6701"}}, {"type": "Feature", "geometry": {"type": "LineString", "coordinates": [[24.844212, 36.053292], [24.844036, 36.054223]]}, "properties": {"name": "N Pilau St 998 1118"}}, {"type": "Feature", "geometry": {"type": "LineString", "coordinates": [[24.840927, 36.053048], [24.839412, 36.053126], [24.837816, 36.053158], [24.833689, 36.053109]]}, "properties": {"name": "Skaldis"}}, {"type": "Feature", "geometry": {"type": "LineString", "coordinates": [[24.844212, 36.053292], [24.840927, 36.053048]]}, "properties": {"name": "N Acera St 5900 6298"}}, {"type": "Feature", "geometry": {"type": "LineString", "coordinates": [[24.843356, 36.058918], [24.84339, 36.059342]]}, "properties": {"name": "N Tzavella St"}}, {"type": "Feature", "geometry": {"type": "LineString", "coordinates": [[24.83639, 36.068826], [24.83645, 36.069063]]}, "properties": {"name": "N Opalante Dr 3000 3098"}}, {"type": "Feature", "geometry": {"type": "LineString", "coordinates": [[24.828763, 36.05292], [24.828016, 36.052945]]}, "properties": {"name": "N Ermou St 7100 7108"}}, {"type": "Feature", "geometry": {"type": "LineString", "coordinates": [[24.833541, 36.054859], [24.83348, 36.054897]]}, "properties": {"name": "N Achilleos St"}}, {"type": "Feature", "geometry": {"type": "LineString", "coordinates": [[24.844136, 36.052391], [24.842813, 36.052702], [24.842188, 36.052828], [24.840927, 36.053048]]}, "properties": {"name": "Skaldis"}}, {"type": "Feature", "geometry": {"type": "LineString", "coordinates": [[24.828782, 36.053367], [24.828811, 36.054023]]}, "properties": {"name": "Seranti Dr 934 940"}}, {"type": "Feature", "geometry": {"type": "LineString", "coordinates": [[24.845463, 36.07972], [24.845345, 36.079424]]}, "properties": {"name": "N Leeno St 3923 3901"}}, {"type": "Feature", "geometry": {"type": "LineString", "coordinates": [[24.84817, 36.079644], [24.847651, 36.079515], [24.845713, 36.079515], [24.845576, 36.079408], [24.845345, 36.079424]]}, "properties": {"name": "N Brada St 5600 5634"}}, {"type": "Feature", "geometry": {"type": "LineString", "coordinates": [[24.845345, 36.079424], [24.844935, 36.079453]]}, "properties": {"name": "N Brada St 5636 5640"}}, {"type": "Feature", "geometry": {"type": "LineString", "coordinates": [[24.838389, 36.069909], [24.838493, 36.070611]]}, "properties": {"name": "N Wenna St 3100 3198"}}, {"type": "Feature", "geometry": {"type": "LineString", "coordinates": [[24.844264, 36.05812], [24.844125, 36.058916]]}, "properties": {"name": "N Pilau St 1630 1732"}}, {"type": "Feature", "geometry": {"type": "LineString", "coordinates": [[24.844136, 36.052391], [24.844212, 36.053292]]}, "properties": {"name": "N Pilau St 964 996"}}, {"type": "Feature", "geometry": {"type": "LineString", "coordinates": [[24.850964, 36.07432], [24.850964, 36.075349]]}, "properties": {"name": "N Finiatur St 3500 3598"}}, {"type": "Feature", "geometry": {"type": "LineString", "coordinates": [[24.862464, 36.06672], [24.862505, 36.067127]]}, "properties": {"name": "N Thessalias St 2700 2738"}}, {"type": "Feature", "geometry": {"type": "LineString", "coordinates": [[24.876165, 36.05382], [24.875641, 36.05382]]}, "properties": {"name": "N Acera St 3600 3630"}}, {"type": "Feature", "geometry": {"type": "LineString", "coordinates": [[24.84339, 36.059342], [24.843544, 36.061294]]}, "properties": {"name": "N Tzavella St 1501 1609"}}, {"type": "Feature", "geometry": {"type": "LineString", "coordinates": [[24.887465, 36.059721], [24.887465, 36.060055]]}, "properties": {"name": "N Fewnol St 1700 1746"}}, {"type": "Feature", "geometry": {"type": "LineString", "coordinates": [[24.859479, 36.047807], [24.859464, 36.04932]]}, "properties": {"name": "S Omirou St"}}, {"type": "Feature", "geometry": {"type": "LineString", "coordinates": [[24.870065, 36.04572], [24.870004, 36.045235]]}, "properties": {"name": "S Mikonou St 1101 1159"}}, {"type": "Feature", "geometry": {"type": "LineString", "coordinates": [[24.862564, 36.064433], [24.862564, 36.06482]]}, "properties": {"name": "N Thessalias St 2400 2498"}}, {"type": "Feature", "geometry": {"type": "LineString", "coordinates": [[24.842555, 36.05892], [24.842555, 36.059342]]}, "properties": {"name": "N Ionnanon St"}}, {"type": "Feature", "geometry": {"type": "LineString", "coordinates": [[24.842555, 36.058808], [24.842555, 36.05892]]}, "properties": {"name": "N Ionnanon St"}}, {"type": "Feature", "geometry": {"type": "LineString", "coordinates": [[24.870004, 36.045235], [24.869188, 36.045239]]}, "properties": {"name": "S Achilleos St 4000 4098"}}, {"type": "Feature", "geometry": {"type": "LineString", "coordinates": [[24.838493, 36.070611], [24.838541, 36.070931]]}, "properties": {"name": "N Wenna St 3200 3298"}}, {"type": "Feature", "geometry": {"type": "LineString", "coordinates": [[24.838493, 36.070611], [24.838118, 36.070597], [24.837811, 36.070582], [24.837611, 36.070551], [24.837422, 36.070468]]}, "properties": {"name": ""}}, {"type": "Feature", "geometry": {"type": "LineString", "coordinates": [[24.854754, 36.04592], [24.853364, 36.04592]]}, "properties": {"name": "S Achilleos St 5100 5198"}}, {"type": "Feature", "geometry": {"type": "LineString", "coordinates": [[24.8677, 36.047433], [24.86842, 36.047441]]}, "properties": {"name": "S Isis St"}}, {"type": "Feature", "geometry": {"type": "LineString", "coordinates": [[24.877768, 36.072439], [24.877895, 36.072441]]}, "properties": {"name": "N Bairn St"}}, {"type": "Feature", "geometry": {"type": "LineString", "coordinates": [[24.843514, 36.061657], [24.841864, 36.06152]]}, "properties": {"name": "Velestinou Blvd 6000 6320"}}, {"type": "Feature", "geometry": {"type": "LineString", "coordinates": [[24.898144, 36.069429], [24.898065, 36.069421]]}, "properties": {"name": "N Aveny St 1100 2002"}}, {"type": "Feature", "geometry": {"type": "LineString", "coordinates": [[24.898205, 36.069383], [24.898144, 36.069429]]}, "properties": {"name": "Rist Way"}}, {"type": "Feature", "geometry": {"type": "LineString", "coordinates": [[24.89796, 36.069614], [24.898144, 36.069429]]}, "properties": {"name": "Rist Way"}}, {"type": "Feature", "geometry": {"type": "LineString", "coordinates": [[24.848506, 36.079033], [24.848429, 36.079278]]}, "properties": {"name": "N Yonille St 3830 3834"}}, {"type": "Feature", "geometry": {"type": "LineString", "coordinates": [[24.849763, 36.07802], [24.848689, 36.078446], [24.848506, 36.079033]]}, "properties": {"name": "N Yonille St 3800 3828"}}, {"type": "Feature", "geometry": {"type": "LineString", "coordinates": [[24.864764, 36.07932], [24.865554, 36.080031]]}, "properties": {"name": "N Nia Ave 3900 3998"}}, {"type": "Feature", "geometry": {"type": "LineString", "coordinates": [[24.837229, 36.070595], [24.837597, 36.071159]]}, "properties": {"name": "N Opalante Dr 3200 3298"}}, {"type": "Feature", "geometry": {"type": "LineString", "coordinates": [[24.852019, 36.06342], [24.850964, 36.06342]]}, "properties": {"name": "N Anrop St 5100 5398"}}, {"type": "Feature", "geometry": {"type": "LineString", "coordinates": [[24.852264, 36.06202], [24.852264, 36.063248]]}, "properties": {"name": "Filis St 2100 2298"}}, {"type": "Feature", "geometry": {"type": "LineString", "coordinates": [[24.844264, 36.06172], [24.843514, 36.061657]]}, "properties": {"name": "Velestinou Blvd 5900 5998"}}, {"type": "Feature", "geometry": {"type": "LineString", "coordinates": [[24.873724, 36.070312], [24.871364, 36.07052]]}, "properties": {"name": "N Averof St 3700 3898"}}, {"type": "Feature", "geometry": {"type": "LineString", "coordinates": [[24.887228, 36.07112], [24.885764, 36.07112]]}, "properties": {"name": "N Avionos St 2804 2902"}}, {"type": "Feature", "geometry": {"type": "LineString", "coordinates": [[24.888764, 36.071121], [24.887228, 36.07112]]}, "properties": {"name": "N Avionos St 2700 2802"}}, {"type": "Feature", "geometry": {"type": "LineString", "coordinates": [[24.887228, 36.07112], [24.887138, 36.071504], [24.88689, 36.071635], [24.885595, 36.071608]]}, "properties": {"name": "N Pluma St"}}, {"type": "Feature", "geometry": {"type": "LineString", "coordinates": [[24.908365, 36.054121], [24.908061, 36.05409]]}, "properties": {"name": "S Dimitriou St"}}, {"type": "Feature", "geometry": {"type": "LineString", "coordinates": [[24.888221, 36.063121], [24.887665, 36.063121]]}, "properties": {"name": "N Zefirou Ave 2704 2798"}}, {"type": "Feature", "geometry": {"type": "LineString", "coordinates": [[24.888665, 36.063121], [24.888221, 36.063121]]}, "properties": {"name": "N Zefirou Ave"}}, {"type": "Feature", "geometry": {"type": "LineString", "coordinates": [[24.880935, 36.070796], [24.880964, 36.07112]]}, "properties": {"name": "N Mattadou St 3170 3198"}}, {"type": "Feature", "geometry": {"type": "LineString", "coordinates": [[24.876609, 36.069236], [24.876184, 36.069264]]}, "properties": {"name": "N Aveny St 3522 3598"}}, {"type": "Feature", "geometry": {"type": "LineString", "coordinates": [[24.877864, 36.06912], [24.876609, 36.069236]]}, "properties": {"name": "N Aveny St 3500 3520"}}, {"type": "Feature", "geometry": {"type": "LineString", "coordinates": [[24.87661, 36.068298], [24.876264, 36.06832]]}, "properties": {"name": "N Asiant St 3522 3598"}}, {"type": "Feature", "geometry": {"type": "LineString", "coordinates": [[24.877864, 36.06822], [24.87661, 36.068298]]}, "properties": {"name": "N Asiant St 3500 3520"}}, {"type": "Feature", "geometry": {"type": "LineString", "coordinates": [[24.876609, 36.069236], [24.87661, 36.068298]]}, "properties": {"name": ""}}, {"type": "Feature", "geometry": {"type": "LineString", "coordinates": [[24.87661, 36.06729], [24.876308, 36.067321]]}, "properties": {"name": "N Artakis St 3570 3598"}}, {"type": "Feature", "geometry": {"type": "LineString", "coordinates": [[24.877883, 36.067293], [24.87661, 36.06729]]}, "properties": {"name": "N Artakis St 3500 3568"}}, {"type": "Feature", "geometry": {"type": "LineString", "coordinates": [[24.87661, 36.068298], [24.87661, 36.06729]]}, "properties": {"name": "N Taxiarchon Ave"}}, {"type": "Feature", "geometry": {"type": "LineString", "coordinates": [[24.87661, 36.06642], [24.876364, 36.06642]]}, "properties": {"name": "N Arkadou St"}}, {"type": "Feature", "geometry": {"type": "LineString", "coordinates": [[24.877964, 36.06642], [24.87661, 36.06642]]}, "properties": {"name": "N Arkadou St"}}, {"type": "Feature", "geometry": {"type": "LineString", "coordinates": [[24.87661, 36.06729], [24.87661, 36.06642]]}, "properties": {"name": "N Taxiarchon Ave 2709 2711"}}, {"type": "Feature", "geometry": {"type": "LineString", "coordinates": [[24.87661, 36.065495], [24.87639, 36.065517]]}, "properties": {"name": "N Arkadiou St 3516 3598"}}, {"type": "Feature", "geometry": {"type": "LineString", "coordinates": [[24.877938, 36.065517], [24.87661, 36.065495]]}, "properties": {"name": "N Arkadiou St 3500 3514"}}, {"type": "Feature", "geometry": {"type": "LineString", "coordinates": [[24.87661, 36.06642], [24.87661, 36.065495]]}, "properties": {"name": "N Taxiarchon Ave 2609 2611"}}, {"type": "Feature", "geometry": {"type": "LineString", "coordinates": [[24.87661, 36.06452], [24.876364, 36.06452]]}, "properties": {"name": "N Arbete St 3580 3598"}}, {"type": "Feature", "geometry": {"type": "LineString", "coordinates": [[24.877764, 36.06452], [24.87661, 36.06452]]}, "properties": {"name": "N Arbete St 3500 3578"}}, {"type": "Feature", "geometry": {"type": "LineString", "coordinates": [[24.87661, 36.065495], [24.87661, 36.06452]]}, "properties": {"name": "N Taxiarchon Ave"}}, {"type": "Feature", "geometry": {"type": "LineString", "coordinates": [[24.87661, 36.063693], [24.876417, 36.063677]]}, "properties": {"name": "N Antoniadou St 3516 3598"}}, {"type": "Feature", "geometry": {"type": "LineString", "coordinates": [[24.877725, 36.063626], [24.87661, 36.063693]]}, "properties": {"name": "N Antoniadou St 3500 3514"}}, {"type": "Feature", "geometry": {"type": "LineString", "coordinates": [[24.87661, 36.06452], [24.87661, 36.063693]]}, "properties": {"name": "N Taxiarchon Ave 2403 2401"}}, {"type": "Feature", "geometry": {"type": "LineString", "coordinates": [[24.876616, 36.062752], [24.876424, 36.062752]]}, "properties": {"name": "N Anntigonou St 3588 3598"}}, {"type": "Feature", "geometry": {"type": "LineString", "coordinates": [[24.877764, 36.06272], [24.876616, 36.062752]]}, "properties": {"name": "N Anntigonou St 3500 3586"}}, {"type": "Feature", "geometry": {"type": "LineString", "coordinates": [[24.87661, 36.063693], [24.876616, 36.062752]]}, "properties": {"name": "N Taxiarchon Ave"}}, {"type": "Feature", "geometry": {"type": "LineString", "coordinates": [[24.87663, 36.062], [24.876356, 36.061991]]}, "properties": {"name": "N Androutsou St 3582 3598"}}, {"type": "Feature", "geometry": {"type": "LineString", "coordinates": [[24.877664, 36.06202], [24.87663, 36.062]]}, "properties": {"name": "N Androutsou St 3500 3580"}}, {"type": "Feature", "geometry": {"type": "LineString", "coordinates": [[24.876616, 36.062752], [24.87663, 36.062]]}, "properties": {"name": "N Taxiarchon Ave"}}, {"type": "Feature", "geometry": {"type": "LineString", "coordinates": [[24.87661, 36.06122], [24.876164, 36.06122]]}, "properties": {"name": "N Amfitris St 3518 3598"}}, {"type": "Feature", "geometry": {"type": "LineString", "coordinates": [[24.877564, 36.06122], [24.87661, 36.06122]]}, "properties": {"name": "N Amfitris St 3500 3516"}}, {"type": "Feature", "geometry": {"type": "LineString", "coordinates": [[24.87663, 36.062], [24.87661, 36.06122]]}, "properties": {"name": "N Taxiarchon Ave 1909 1913"}}, {"type": "Feature", "geometry": {"type": "LineString", "coordinates": [[24.871425, 36.071675], [24.871464, 36.07242]]}, "properties": {"name": "N Polvo St 3192 3248"}}, {"type": "Feature", "geometry": {"type": "LineString", "coordinates": [[24.871399, 36.071185], [24.871425, 36.071675]]}, "properties": {"name": "N Polvo St 3154 3190"}}, {"type": "Feature", "geometry": {"type": "LineString", "coordinates": [[24.876264, 36.07242], [24.876268, 36.072059]]}, "properties": {"name": "N Taxiarchon Ave 3305 3301"}}, {"type": "Feature", "geometry": {"type": "LineString", "coordinates": [[24.877717, 36.072438], [24.877768, 36.072439]]}, "properties": {"name": "N Bairn St"}}, {"type": "Feature", "geometry": {"type": "LineString", "coordinates": [[24.876264, 36.07242], [24.877717, 36.072438]]}, "properties": {"name": "N Bairn St"}}, {"type": "Feature", "geometry": {"type": "LineString", "coordinates": [[24.877717, 36.072438], [24.877718, 36.072261]]}, "properties": {"name": "N Profitou Ilia Ave"}}, {"type": "Feature", "geometry": {"type": "LineString", "coordinates": [[24.876583, 36.06032], [24.876164, 36.06032]]}, "properties": {"name": "N Alm St 3568 3598"}}, {"type": "Feature", "geometry": {"type": "LineString", "coordinates": [[24.877564, 36.06032], [24.876583, 36.06032]]}, "properties": {"name": "N Alm St 3500 3566"}}, {"type": "Feature", "geometry": {"type": "LineString", "coordinates": [[24.876405, 36.054727], [24.876165, 36.05472]]}, "properties": {"name": "N Achilleos St 3394 3598"}}, {"type": "Feature", "geometry": {"type": "LineString", "coordinates": [[24.876583, 36.06032], [24.876405, 36.054727]]}, "properties": {"name": "N Taxiarchon Ave"}}, {"type": "Feature", "geometry": {"type": "LineString", "coordinates": [[24.876357, 36.053181], [24.876165, 36.05382]]}, "properties": {"name": "N Taxiarchon Ave 904 998"}}, {"type": "Feature", "geometry": {"type": "LineString", "coordinates": [[24.876465, 36.05282], [24.876357, 36.053181]]}, "properties": {"name": "N Taxiarchon Ave 901 935"}}, {"type": "Feature", "geometry": {"type": "LineString", "coordinates": [[24.876405, 36.054727], [24.876357, 36.053181]]}, "properties": {"name": "N Taxiarchon Ave"}}, {"type": "Feature", "geometry": {"type": "LineString", "coordinates": [[24.84753, 36.047218], [24.847674, 36.04722], [24.848369, 36.047227]]}, "properties": {"name": "S Acera St"}}, {"type": "Feature", "geometry": {"type": "LineString", "coordinates": [[24.842629, 36.080767], [24.842652, 36.080334], [24.842722, 36.080129], [24.842855, 36.079812], [24.842997, 36.079582], [24.84286, 36.079186]]}, "properties": {"name": "N Ionnanon St 3999 3937"}}, {"type": "Feature", "geometry": {"type": "LineString", "coordinates": [[24.849663, 36.07432], [24.848328, 36.07432], [24.848163, 36.07432]]}, "properties": {"name": "N Barwyn St 5500 5898"}}, {"type": "Feature", "geometry": {"type": "LineString", "coordinates": [[24.826463, 36.06672], [24.826763, 36.06742], [24.828303, 36.069139]]}, "properties": {"name": "N Undeg Dr 2700 3098"}}, {"type": "Feature", "geometry": {"type": "LineString", "coordinates": [[24.831156, 36.067231], [24.831187, 36.067513], [24.829981, 36.068162]]}, "properties": {"name": "N Owena Pl 2832 2910"}}, {"type": "Feature", "geometry": {"type": "LineString", "coordinates": [[24.835363, 36.07562], [24.835363, 36.07592], [24.835563, 36.07732], [24.836463, 36.07792], [24.836263, 36.07862], [24.836363, 36.08002]]}, "properties": {"name": "N Kakavaki St 3700 3998"}}, {"type": "Feature", "geometry": {"type": "LineString", "coordinates": [[24.828863, 36.06462], [24.831385, 36.06611], [24.833811, 36.066674]]}, "properties": {"name": "N Opalante Dr 2400 2498"}}, {"type": "Feature", "geometry": {"type": "LineString", "coordinates": [[24.837463, 36.09112], [24.837463, 36.09162], [24.837504, 36.09298]]}, "properties": {"name": "N Wenna St 5000 5098"}}, {"type": "Feature", "geometry": {"type": "LineString", "coordinates": [[24.842599, 36.076895], [24.841761, 36.076905], [24.841266, 36.076985], [24.840782, 36.077118], [24.840499, 36.077278], [24.840287, 36.077397], [24.840157, 36.077674], [24.840157, 36.078002], [24.840144, 36.079057], [24.840144, 36.079415]]}, "properties": {"name": "N Havet Dr 3724 3898"}}, {"type": "Feature", "geometry": {"type": "LineString", "coordinates": [[24.843714, 36.078851], [24.843638, 36.078149], [24.843597, 36.077536]]}, "properties": {"name": "N Tzavella St 3899 3801"}}, {"type": "Feature", "geometry": {"type": "LineString", "coordinates": [[24.849497, 36.079025], [24.848894, 36.079036], [24.848506, 36.079033]]}, "properties": {"name": "N Brada St 5500 5598"}}, {"type": "Feature", "geometry": {"type": "LineString", "coordinates": [[24.842629, 36.080767], [24.84341, 36.080772], [24.843638, 36.080773]]}, "properties": {"name": "N Camino St 6101 6001"}}, {"type": "Feature", "geometry": {"type": "LineString", "coordinates": [[24.852863, 36.08082], [24.852863, 36.080911], [24.852863, 36.08172]]}, "properties": {"name": "N Filis St 4100 4198"}}, {"type": "Feature", "geometry": {"type": "LineString", "coordinates": [[24.838686, 36.073817], [24.838963, 36.07462], [24.839163, 36.07692]]}, "properties": {"name": "N Opalante Dr 3400 3698"}}, {"type": "Feature", "geometry": {"type": "LineString", "coordinates": [[24.838541, 36.070931], [24.838587, 36.071816], [24.839263, 36.07292], [24.839663, 36.07342]]}, "properties": {"name": "N Wenna St 3300 3498"}}, {"type": "Feature", "geometry": {"type": "LineString", "coordinates": [[24.842363, 36.07202], [24.841863, 36.07252], [24.841563, 36.07262]]}, "properties": {"name": "N Thramvou Dr 6100 6198"}}, {"type": "Feature", "geometry": {"type": "LineString", "coordinates": [[24.839763, 36.06582], [24.839777, 36.067208], [24.839686, 36.068559]]}, "properties": {"name": "N Thermopilon St 2600 2798"}}, {"type": "Feature", "geometry": {"type": "LineString", "coordinates": [[24.849564, 36.07242], [24.846263, 36.07242], [24.844263, 36.07242]]}, "properties": {"name": "N Bairn St 5700 5898"}}, {"type": "Feature", "geometry": {"type": "LineString", "coordinates": [[24.840602, 36.05565], [24.84048, 36.055825], [24.84074, 36.056214], [24.839385, 36.056276], [24.839061, 36.056291], [24.839041, 36.056453], [24.838985, 36.056893]]}, "properties": {"name": ""}}, {"type": "Feature", "geometry": {"type": "LineString", "coordinates": [[24.838985, 36.056893], [24.839885, 36.057214], [24.840221, 36.057504]]}, "properties": {"name": "Lakendra Pky"}}, {"type": "Feature", "geometry": {"type": "LineString", "coordinates": [[24.850963, 36.07612], [24.850963, 36.07732], [24.850963, 36.07802]]}, "properties": {"name": "N Finiatur St 3700 3798"}}, {"type": "Feature", "geometry": {"type": "LineString", "coordinates": [[24.871486, 36.081658], [24.867264, 36.08522], [24.863918, 36.087884]]}, "properties": {"name": "Rist Way 4100 4398"}}, {"type": "Feature", "geometry": {"type": "LineString", "coordinates": [[24.871464, 36.07712], [24.871464, 36.07752], [24.87141, 36.078218]]}, "properties": {"name": "N Polvo St 3800 3908"}}, {"type": "Feature", "geometry": {"type": "LineString", "coordinates": [[24.882075, 36.074956], [24.882364, 36.07522], [24.882564, 36.07542]]}, "properties": {"name": "Exadakitiou Way"}}, {"type": "Feature", "geometry": {"type": "LineString", "coordinates": [[24.881264, 36.07362], [24.881435, 36.074227], [24.881694, 36.07467]]}, "properties": {"name": "Exadakitiou Way"}}, {"type": "Feature", "geometry": {"type": "LineString", "coordinates": [[24.890793, 36.071372], [24.889264, 36.071621], [24.882964, 36.07522], [24.882564, 36.07542]]}, "properties": {"name": "Rist Way 2600 3198"}}, {"type": "Feature", "geometry": {"type": "LineString", "coordinates": [[24.848369, 36.048074], [24.848615, 36.048079], [24.849898, 36.048106]]}, "properties": {"name": "S Ermou St"}}, {"type": "Feature", "geometry": {"type": "LineString", "coordinates": [[24.846849, 36.047982], [24.846828, 36.048104], [24.846858, 36.049127]]}, "properties": {"name": ""}}, {"type": "Feature", "geometry": {"type": "LineString", "coordinates": [[24.895165, 36.070621], [24.893565, 36.070921], [24.891302, 36.071289]]}, "properties": {"name": "Rist Way 2200 2498"}}, {"type": "Feature", "geometry": {"type": "LineString", "coordinates": [[24.902065, 36.063021], [24.901821, 36.0641], [24.901595, 36.065101]]}, "properties": {"name": "Kartong"}}, {"type": "Feature", "geometry": {"type": "LineString", "coordinates": [[24.905534, 36.067183], [24.905265, 36.067321], [24.901501, 36.068499]]}, "properties": {"name": "N Sannan Pky"}}, {"type": "Feature", "geometry": {"type": "LineString", "coordinates": [[24.903465, 36.066421], [24.903065, 36.067221], [24.90243, 36.067645]]}, "properties": {"name": "N Sina Way 900 998"}}, {"type": "Feature", "geometry": {"type": "LineString", "coordinates": [[24.906665, 36.055021], [24.906865, 36.054021], [24.906876, 36.053967]]}, "properties": {"name": "Narwhal Way 301 405"}}, {"type": "Feature", "geometry": {"type": "LineString", "coordinates": [[24.82403, 36.05264], [24.824609, 36.052812], [24.825413, 36.053166]]}, "properties": {"name": "Isminis"}}, {"type": "Feature", "geometry": {"type": "LineString", "coordinates": [[24.831063, 36.06672], [24.830979, 36.066729], [24.829263, 36.06692]]}, "properties": {"name": "N Arkadou St 6900 6998"}}, {"type": "Feature", "geometry": {"type": "LineString", "coordinates": [[24.845963, 36.08712], [24.845881, 36.08712], [24.844473, 36.087127]]}, "properties": {"name": "N Santaroza St 5700 5898"}}, {"type": "Feature", "geometry": {"type": "LineString", "coordinates": [[24.847868, 36.081808], [24.847811, 36.081813], [24.845956, 36.081826]]}, "properties": {"name": "N Carnero St 5600 5698"}}, {"type": "Feature", "geometry": {"type": "LineString", "coordinates": [[24.852863, 36.08082], [24.852772, 36.080826], [24.851337, 36.080789]]}, "properties": {"name": "N Carden St 5300 5398"}}, {"type": "Feature", "geometry": {"type": "LineString", "coordinates": [[24.83645, 36.069063], [24.836478, 36.069176], [24.836588, 36.069612], [24.837083, 36.070371], [24.837229, 36.070595]]}, "properties": {"name": "N Opalante Dr 3100 3198"}}, {"type": "Feature", "geometry": {"type": "LineString", "coordinates": [[24.848369, 36.048074], [24.848363, 36.048495], [24.848354, 36.049127]]}, "properties": {"name": "S Yonille St 898 750"}}, {"type": "Feature", "geometry": {"type": "LineString", "coordinates": [[24.888065, 36.065621], [24.887747, 36.065607], [24.885865, 36.065521]]}, "properties": {"name": "N Arkadiou St 2300 2998"}}, {"type": "Feature", "geometry": {"type": "LineString", "coordinates": [[24.886765, 36.059221], [24.885507, 36.059311], [24.885365, 36.059321]]}, "properties": {"name": "N Alexandrias St 2900 2998"}}, {"type": "Feature", "geometry": {"type": "LineString", "coordinates": [[24.848369, 36.047227], [24.848369, 36.04762], [24.848369, 36.048074]]}, "properties": {"name": "S Yonille St 906 900"}}, {"type": "Feature", "geometry": {"type": "LineString", "coordinates": [[24.859464, 36.05022], [24.859464, 36.049409], [24.859464, 36.04932]]}, "properties": {"name": "S Omirou St 601 699"}}, {"type": "Feature", "geometry": {"type": "LineString", "coordinates": [[24.881165, 36.045721], [24.881165, 36.045015]]}, "properties": {"name": "S Mattadou St 1101 1199"}}, {"type": "Feature", "geometry": {"type": "LineString", "coordinates": [[24.890365, 36.068221], [24.890286, 36.068221], [24.888765, 36.068221]]}, "properties": {"name": "N Asiant St 2600 2698"}}, {"type": "Feature", "geometry": {"type": "LineString", "coordinates": [[24.87141, 36.078218], [24.871494, 36.078213], [24.872112, 36.078179]]}, "properties": {"name": "N Brada St 4131 3801"}}, {"type": "Feature", "geometry": {"type": "LineString", "coordinates": [[24.844363, 36.08182], [24.842941, 36.081825], [24.841761, 36.081869]]}, "properties": {"name": "N Carnero St 5900 6098"}}, {"type": "Feature", "geometry": {"type": "LineString", "coordinates": [[24.837597, 36.071159], [24.837795, 36.071462], [24.837963, 36.07172], [24.838686, 36.073817]]}, "properties": {"name": "N Opalante Dr 3300 3398"}}, {"type": "Feature", "geometry": {"type": "LineString", "coordinates": [[24.876264, 36.06972], [24.876374, 36.069897], [24.876481, 36.070054], [24.876547, 36.070109], [24.87661, 36.06993], [24.876609, 36.069236]]}, "properties": {"name": ""}}, {"type": "Feature", "geometry": {"type": "LineString", "coordinates": [[24.87661, 36.06122], [24.87661, 36.061147], [24.876583, 36.06032]]}, "properties": {"name": "N Taxiarchon Ave"}}, {"type": "Feature", "geometry": {"type": "LineString", "coordinates": [[24.828805, 36.050428], [24.828239, 36.050438], [24.827461, 36.050435]]}, "properties": {"name": "Egeou Ave 7100 7198"}}, {"type": "Feature", "geometry": {"type": "LineString", "coordinates": [[24.837383, 36.056794], [24.837292, 36.057132], [24.837163, 36.05752]]}, "properties": {"name": "N Lakendra Pky 1236 1298"}}, {"type": "Feature", "geometry": {"type": "LineString", "coordinates": [[24.836863, 36.057923], [24.836963, 36.05872], [24.835963, 36.05952]]}, "properties": {"name": "N Lakendra Pky 1308 1598"}}, {"type": "Feature", "geometry": {"type": "LineString", "coordinates": [[24.839163, 36.09332], [24.837626, 36.094033]]}, "properties": {"name": "N Peque Way 6300 6450"}}, {"type": "Feature", "geometry": {"type": "LineString", "coordinates": [[24.837626, 36.094033], [24.837168, 36.094338], [24.836512, 36.094789]]}, "properties": {"name": "N Peque Way 6452 6598"}}, {"type": "Feature", "geometry": {"type": "LineString", "coordinates": [[24.837626, 36.094033], [24.835568, 36.093822], [24.835298, 36.093808]]}, "properties": {"name": "N Dodonis St 6500 6698"}}, {"type": "Feature", "geometry": {"type": "LineString", "coordinates": [[24.834863, 36.07552], [24.834585, 36.076012]]}, "properties": {"name": "N Thrakis Dr 6498 6416"}}, {"type": "Feature", "geometry": {"type": "LineString", "coordinates": [[24.849564, 36.07062], [24.849543, 36.072159], [24.849564, 36.07242]]}, "properties": {"name": "N Scarkeme St 3100 3298"}}, {"type": "Feature", "geometry": {"type": "LineString", "coordinates": [[24.834363, 36.08782], [24.833882, 36.087907]]}, "properties": {"name": "N Derwen St"}}, {"type": "Feature", "geometry": {"type": "LineString", "coordinates": [[24.833882, 36.087907], [24.833878, 36.088374]]}, "properties": {"name": "N Obil St 4800 4828"}}, {"type": "Feature", "geometry": {"type": "LineString", "coordinates": [[24.833878, 36.088374], [24.833869, 36.0894], [24.833872, 36.089471]]}, "properties": {"name": "N Obil St 4830 4898"}}, {"type": "Feature", "geometry": {"type": "LineString", "coordinates": [[24.833763, 36.09282], [24.833788, 36.094619]]}, "properties": {"name": ""}}, {"type": "Feature", "geometry": {"type": "LineString", "coordinates": [[24.836512, 36.094789], [24.83389, 36.094618], [24.833788, 36.094619]]}, "properties": {"name": "N Peque Way 6600 6698"}}, {"type": "Feature", "geometry": {"type": "LineString", "coordinates": [[24.833763, 36.09282], [24.832896, 36.093148], [24.832377, 36.093247], [24.831797, 36.093377], [24.831216, 36.093415], [24.830301, 36.093415], [24.829843, 36.093461], [24.829522, 36.093461]]}, "properties": {"name": "S Rosyn Dr 4 4982"}}, {"type": "Feature", "geometry": {"type": "LineString", "coordinates": [[24.829522, 36.093461], [24.829324, 36.093377], [24.829141, 36.093202]]}, "properties": {"name": "Rozarol Rd"}}, {"type": "Feature", "geometry": {"type": "LineString", "coordinates": [[24.829522, 36.093461], [24.829619, 36.093219], [24.829874, 36.093105], [24.829901, 36.092982], [24.829902, 36.09288]]}, "properties": {"name": "N Sachtouri Ln"}}, {"type": "Feature", "geometry": {"type": "LineString", "coordinates": [[24.829902, 36.09288], [24.829907, 36.092218], [24.830296, 36.091612], [24.83033, 36.091253], [24.830719, 36.09082], [24.831323, 36.090197], [24.831383, 36.089842]]}, "properties": {"name": "N Sachtouri Ln 5099 4901"}}, {"type": "Feature", "geometry": {"type": "LineString", "coordinates": [[24.899065, 36.065721], [24.898913, 36.065214]]}, "properties": {"name": "N Achilleos St 400 412"}}, {"type": "Feature", "geometry": {"type": "LineString", "coordinates": [[24.898913, 36.065214], [24.898765, 36.064721]]}, "properties": {"name": "N Achilleos St 414 498"}}, {"type": "Feature", "geometry": {"type": "LineString", "coordinates": [[24.898913, 36.065214], [24.900065, 36.064721]]}, "properties": {"name": ""}}, {"type": "Feature", "geometry": {"type": "LineString", "coordinates": [[24.904365, 36.062921], [24.904161, 36.062982]]}, "properties": {"name": "N Irinis St"}}, {"type": "Feature", "geometry": {"type": "LineString", "coordinates": [[24.879264, 36.06032], [24.879215, 36.058835]]}, "properties": {"name": "N Utanfor St"}}, {"type": "Feature", "geometry": {"type": "LineString", "coordinates": [[24.849963, 36.09142], [24.851104, 36.091496], [24.851968, 36.091381]]}, "properties": {"name": "N Helice St 5419 5301"}}, {"type": "Feature", "geometry": {"type": "LineString", "coordinates": [[24.847912, 36.090892], [24.846963, 36.09092]]}, "properties": {"name": "N Diogenous St 5400 5598"}}, {"type": "Feature", "geometry": {"type": "LineString", "coordinates": [[24.84843, 36.092985], [24.847594, 36.092945], [24.847063, 36.09282]]}, "properties": {"name": "N Distomou St 5500 5598"}}, {"type": "Feature", "geometry": {"type": "LineString", "coordinates": [[24.851836, 36.093863], [24.850482, 36.093404], [24.849824, 36.092985]]}, "properties": {"name": "N Distomou St 5300 5398"}}, {"type": "Feature", "geometry": {"type": "LineString", "coordinates": [[24.855016, 36.088604], [24.853506, 36.088604]]}, "properties": {"name": "N Rees St 5100 5200"}}, {"type": "Feature", "geometry": {"type": "LineString", "coordinates": [[24.853506, 36.088604], [24.852045, 36.088604]]}, "properties": {"name": "N Rees St 5202 5298"}}, {"type": "Feature", "geometry": {"type": "LineString", "coordinates": [[24.855003, 36.089515], [24.853482, 36.089518]]}, "properties": {"name": "N Desafio St 4810 5098"}}, {"type": "Feature", "geometry": {"type": "LineString", "coordinates": [[24.853482, 36.089518], [24.851983, 36.08952]]}, "properties": {"name": "N Desafio St 5100 5298"}}, {"type": "Feature", "geometry": {"type": "LineString", "coordinates": [[24.848132, 36.090437], [24.849901, 36.090425], [24.850263, 36.09052], [24.850651, 36.090521]]}, "properties": {"name": "N Hix St 5499 5401"}}, {"type": "Feature", "geometry": {"type": "LineString", "coordinates": [[24.857967, 36.058526], [24.859364, 36.05842]]}, "properties": {"name": "N Alamanas St 4893 4801"}}, {"type": "Feature", "geometry": {"type": "LineString", "coordinates": [[24.857964, 36.05752], [24.857967, 36.058526]]}, "properties": {"name": "N Ithakis St 1400 1498"}}, {"type": "Feature", "geometry": {"type": "LineString", "coordinates": [[24.859364, 36.05942], [24.857965, 36.05942]]}, "properties": {"name": "N Alexandrias St 4800 4894"}}, {"type": "Feature", "geometry": {"type": "LineString", "coordinates": [[24.857965, 36.05942], [24.856464, 36.05942]]}, "properties": {"name": "N Alexandrias St 4896 4998"}}, {"type": "Feature", "geometry": {"type": "LineString", "coordinates": [[24.857967, 36.058526], [24.857965, 36.05942]]}, "properties": {"name": "N Ithakis St 1500 1620"}}, {"type": "Feature", "geometry": {"type": "LineString", "coordinates": [[24.853664, 36.06202], [24.853659, 36.063504]]}, "properties": {"name": "N Tolleniau St 2100 2298"}}, {"type": "Feature", "geometry": {"type": "LineString", "coordinates": [[24.880865, 36.05482], [24.879465, 36.05482], [24.879301, 36.054815]]}, "properties": {"name": "N Achilleos St 3300 3332"}}, {"type": "Feature", "geometry": {"type": "LineString", "coordinates": [[24.879301, 36.054815], [24.876405, 36.054727]]}, "properties": {"name": "N Achilleos St 3334 3392"}}, {"type": "Feature", "geometry": {"type": "LineString", "coordinates": [[24.879301, 36.054815], [24.879302, 36.055626]]}, "properties": {"name": "N Utanfor St 1100 1198"}}, {"type": "Feature", "geometry": {"type": "LineString", "coordinates": [[24.855064, 36.07662], [24.853364, 36.07612]]}, "properties": {"name": "N Bilar St 5100 5198"}}, {"type": "Feature", "geometry": {"type": "LineString", "coordinates": [[24.87119, 36.072412], [24.869858, 36.072373]]}, "properties": {"name": "N Bairn St 4000 4046"}}, {"type": "Feature", "geometry": {"type": "LineString", "coordinates": [[24.869858, 36.072373], [24.868064, 36.07232]]}, "properties": {"name": "N Bairn St 4048 4098"}}, {"type": "Feature", "geometry": {"type": "LineString", "coordinates": [[24.869964, 36.07132], [24.869858, 36.072373]]}, "properties": {"name": "N Mikonou St 3200 3298"}}, {"type": "Feature", "geometry": {"type": "LineString", "coordinates": [[24.869858, 36.072373], [24.869764, 36.07332]]}, "properties": {"name": "N Mikonou St 3300 3398"}}, {"type": "Feature", "geometry": {"type": "LineString", "coordinates": [[24.847066, 36.046145], [24.845664, 36.04612]]}, "properties": {"name": "S Achilleos St 5500 5598"}}, {"type": "Feature", "geometry": {"type": "LineString", "coordinates": [[24.839164, 36.04662], [24.839272, 36.046698], [24.839542, 36.04672], [24.839731, 36.046687], [24.840111, 36.046591], [24.840491, 36.046612], [24.841108, 36.046795], [24.84133, 36.047192], [24.841425, 36.047546]]}, "properties": {"name": ""}}, {"type": "Feature", "geometry": {"type": "LineString", "coordinates": [[24.850141, 36.091361], [24.849963, 36.09142]]}, "properties": {"name": ""}}, {"type": "Feature", "geometry": {"type": "LineString", "coordinates": [[24.851968, 36.091381], [24.851828, 36.091348]]}, "properties": {"name": ""}}, {"type": "Feature", "geometry": {"type": "LineString", "coordinates": [[24.845463, 36.09007], [24.845463, 36.09012], [24.845463, 36.090173]]}, "properties": {"name": "N Leeno St 4950 4974"}}, {"type": "Feature", "geometry": {"type": "LineString", "coordinates": [[24.845463, 36.08952], [24.845463, 36.08962]]}, "properties": {"name": "N Leeno St 4900 4948"}}, {"type": "Feature", "geometry": {"type": "LineString", "coordinates": [[24.880765, 36.05662], [24.879248, 36.056603]]}, "properties": {"name": "N Agiasou St 3300 3398"}}, {"type": "Feature", "geometry": {"type": "LineString", "coordinates": [[24.879248, 36.056603], [24.879208, 36.058383]]}, "properties": {"name": "N Utanfor St 1300 1450"}}, {"type": "Feature", "geometry": {"type": "LineString", "coordinates": [[24.873464, 36.07822], [24.873567, 36.078297]]}, "properties": {"name": "N Estos St 3800 3824"}}, {"type": "Feature", "geometry": {"type": "LineString", "coordinates": [[24.873567, 36.078297], [24.874264, 36.07882]]}, "properties": {"name": "N Estos St 3908 3998"}}, {"type": "Feature", "geometry": {"type": "LineString", "coordinates": [[24.874764, 36.07802], [24.873567, 36.078297]]}, "properties": {"name": "N Brada St 3700 3726"}}, {"type": "Feature", "geometry": {"type": "LineString", "coordinates": [[24.841761, 36.081869], [24.841804, 36.083447]]}, "properties": {"name": "N Ionnanon St 4200 4218"}}, {"type": "Feature", "geometry": {"type": "LineString", "coordinates": [[24.906399, 36.045479], [24.905965, 36.045421]]}, "properties": {"name": "S Agentes St 1270 1298"}}, {"type": "Feature", "geometry": {"type": "LineString", "coordinates": [[24.906104, 36.04658], [24.905665, 36.046521]]}, "properties": {"name": "S Achilleos St 1270 1298"}}, {"type": "Feature", "geometry": {"type": "LineString", "coordinates": [[24.906399, 36.045479], [24.906104, 36.04658]]}, "properties": {"name": "Heriau"}}, {"type": "Feature", "geometry": {"type": "LineString", "coordinates": [[24.907465, 36.045621], [24.907028, 36.045563]]}, "properties": {"name": "S Agentes St 1200 1226"}}, {"type": "Feature", "geometry": {"type": "LineString", "coordinates": [[24.907028, 36.045563], [24.906399, 36.045479]]}, "properties": {"name": "S Agentes St 1228 1268"}}, {"type": "Feature", "geometry": {"type": "LineString", "coordinates": [[24.907165, 36.046721], [24.906775, 36.046669]]}, "properties": {"name": "S Achilleos St 1200 1224"}}, {"type": "Feature", "geometry": {"type": "LineString", "coordinates": [[24.906775, 36.046669], [24.906104, 36.04658]]}, "properties": {"name": "S Achilleos St 1226 1268"}}, {"type": "Feature", "geometry": {"type": "LineString", "coordinates": [[24.907028, 36.045563], [24.906775, 36.046669]]}, "properties": {"name": "HelmouIera Odos"}}, {"type": "Feature", "geometry": {"type": "LineString", "coordinates": [[24.874551, 36.045726], [24.873765, 36.04572]]}, "properties": {"name": "S Achilleos St 3700 3798"}}, {"type": "Feature", "geometry": {"type": "LineString", "coordinates": [[24.908465, 36.053121], [24.907838, 36.053076]]}, "properties": {"name": "S Edessis St 1000 1048"}}, {"type": "Feature", "geometry": {"type": "LineString", "coordinates": [[24.907697, 36.053066], [24.907065, 36.053021]]}, "properties": {"name": "S Edessis St 1050 1098"}}, {"type": "Feature", "geometry": {"type": "LineString", "coordinates": [[24.8788, 36.049119], [24.878965, 36.04912], [24.878065, 36.04912]]}, "properties": {"name": "S Eleftherias St 3400 3498"}}, {"type": "Feature", "geometry": {"type": "LineString", "coordinates": [[24.880015, 36.045722], [24.879565, 36.04572]]}, "properties": {"name": "S Achilleos St 3346 3398"}}, {"type": "Feature", "geometry": {"type": "LineString", "coordinates": [[24.881165, 36.045721], [24.880786, 36.045722]]}, "properties": {"name": "S Achilleos St 3300 3344"}}, {"type": "Feature", "geometry": {"type": "LineString", "coordinates": [[24.883427, 36.04742], [24.882565, 36.047421]]}, "properties": {"name": "S Ermou St 3100 3198"}}, {"type": "Feature", "geometry": {"type": "LineString", "coordinates": [[24.883965, 36.048321], [24.883446, 36.048309]]}, "properties": {"name": "S Els St 3100 3148"}}, {"type": "Feature", "geometry": {"type": "LineString", "coordinates": [[24.882482, 36.050112], [24.882465, 36.049121]]}, "properties": {"name": "S Evzonon St 601 699"}}, {"type": "Feature", "geometry": {"type": "LineString", "coordinates": [[24.899396, 36.064516], [24.898765, 36.064721]]}, "properties": {"name": "N Irinis St 1000 1098"}}, {"type": "Feature", "geometry": {"type": "LineString", "coordinates": [[24.900065, 36.064721], [24.900018, 36.065756]]}, "properties": {"name": "N Acera St"}}, {"type": "Feature", "geometry": {"type": "LineString", "coordinates": [[24.894297, 36.065706], [24.893465, 36.065721]]}, "properties": {"name": "N Arkadiou St 2200 2298"}}, {"type": "Feature", "geometry": {"type": "LineString", "coordinates": [[24.885564, 36.07202], [24.885595, 36.071608]]}, "properties": {"name": "N Lumen St"}}, {"type": "Feature", "geometry": {"type": "LineString", "coordinates": [[24.887228, 36.07112], [24.887307, 36.070853]]}, "properties": {"name": "N Pluma St"}}, {"type": "Feature", "geometry": {"type": "LineString", "coordinates": [[24.885864, 36.06912], [24.885855, 36.069552]]}, "properties": {"name": "N Lumen St 3000 3098"}}, {"type": "Feature", "geometry": {"type": "LineString", "coordinates": [[24.893465, 36.070421], [24.89274, 36.070326]]}, "properties": {"name": "N Averof St 2324 2398"}}, {"type": "Feature", "geometry": {"type": "LineString", "coordinates": [[24.89274, 36.070326], [24.891165, 36.070121]]}, "properties": {"name": "N Averof St"}}, {"type": "Feature", "geometry": {"type": "LineString", "coordinates": [[24.89274, 36.070326], [24.89283, 36.069903]]}, "properties": {"name": "N Souliou St"}}, {"type": "Feature", "geometry": {"type": "LineString", "coordinates": [[24.86442, 36.045838], [24.865826, 36.045999]]}, "properties": {"name": "S Achilleos St 4399 4301"}}, {"type": "Feature", "geometry": {"type": "LineString", "coordinates": [[24.849964, 36.04592], [24.849966, 36.045745]]}, "properties": {"name": "S Scarkeme St 1101 1145"}}, {"type": "Feature", "geometry": {"type": "LineString", "coordinates": [[24.849966, 36.045745], [24.849969, 36.045537]]}, "properties": {"name": "S Scarkeme St 1147 1199"}}, {"type": "Feature", "geometry": {"type": "LineString", "coordinates": [[24.849966, 36.045745], [24.848744, 36.045745]]}, "properties": {"name": "S Achilleos St"}}, {"type": "Feature", "geometry": {"type": "LineString", "coordinates": [[24.843356, 36.058918], [24.844048, 36.058916]]}, "properties": {"name": "N Alamanas St 5947 5901"}}, {"type": "Feature", "geometry": {"type": "LineString", "coordinates": [[24.869964, 36.07132], [24.869264, 36.07122], [24.868164, 36.07152]]}, "properties": {"name": "N Avionos St 3998 4148"}}, {"type": "Feature", "geometry": {"type": "LineString", "coordinates": [[24.871256, 36.071198], [24.869964, 36.07132]]}, "properties": {"name": "N Avionos St 3900 3996"}}, {"type": "Feature", "geometry": {"type": "LineString", "coordinates": [[24.867664, 36.07692], [24.867662, 36.077307]]}, "properties": {"name": "N Tavla St 3800 3898"}}, {"type": "Feature", "geometry": {"type": "LineString", "coordinates": [[24.859653, 36.078708], [24.859064, 36.07872]]}, "properties": {"name": "N Nikomidias St"}}, {"type": "Feature", "geometry": {"type": "LineString", "coordinates": [[24.865435, 36.080449], [24.864264, 36.08052]]}, "properties": {"name": "N Carden St 4350 4398"}}, {"type": "Feature", "geometry": {"type": "LineString", "coordinates": [[24.849958, 36.07242], [24.849564, 36.07242]]}, "properties": {"name": "N Bairn St"}}, {"type": "Feature", "geometry": {"type": "LineString", "coordinates": [[24.827341, 36.066705], [24.827932, 36.066759]]}, "properties": {"name": "N Arkadou St"}}, {"type": "Feature", "geometry": {"type": "LineString", "coordinates": [[24.839884, 36.071725], [24.83995, 36.072293], [24.840021, 36.072645], [24.839926, 36.072981], [24.839785, 36.073197]]}, "properties": {"name": "N Thermopilon St"}}, {"type": "Feature", "geometry": {"type": "LineString", "coordinates": [[24.839663, 36.07342], [24.839785, 36.073197]]}, "properties": {"name": "N Thermopilon St"}}, {"type": "Feature", "geometry": {"type": "LineString", "coordinates": [[24.85954, 36.066881], [24.859464, 36.06772]]}, "properties": {"name": "N Olimou  2705 2701"}}, {"type": "Feature", "geometry": {"type": "LineString", "coordinates": [[24.839163, 36.06102], [24.839185, 36.06052]]}, "properties": {"name": "N Thermopilon St 1707 1701"}}, {"type": "Feature", "geometry": {"type": "LineString", "coordinates": [[24.851263, 36.07902], [24.851278, 36.078873]]}, "properties": {"name": "N Finiatur St"}}, {"type": "Feature", "geometry": {"type": "LineString", "coordinates": [[24.859364, 36.05942], [24.859417, 36.059865]]}, "properties": {"name": "N Omirou St 1614 1698"}}, {"type": "Feature", "geometry": {"type": "LineString", "coordinates": [[24.857971, 36.059707], [24.857965, 36.05942]]}, "properties": {"name": "N Ithakis St 1699 1601"}}, {"type": "Feature", "geometry": {"type": "LineString", "coordinates": [[24.857563, 36.08782], [24.857616, 36.088333], [24.85838, 36.088308]]}, "properties": {"name": "N Desafio St"}}, {"type": "Feature", "geometry": {"type": "LineString", "coordinates": [[24.897265, 36.045621], [24.896315, 36.045036]]}, "properties": {"name": "S Achilleos St 2000 2070"}}, {"type": "Feature", "geometry": {"type": "LineString", "coordinates": [[24.828782, 36.053367], [24.825744, 36.05337]]}, "properties": {"name": "Acera St 7022 7030"}}, {"type": "Feature", "geometry": {"type": "LineString", "coordinates": [[24.824794, 36.053519], [24.825054, 36.053371]]}, "properties": {"name": "Isminis"}}, {"type": "Feature", "geometry": {"type": "LineString", "coordinates": [[24.825054, 36.053371], [24.825413, 36.053166]]}, "properties": {"name": "Isminis"}}, {"type": "Feature", "geometry": {"type": "LineString", "coordinates": [[24.825744, 36.05337], [24.825054, 36.053371]]}, "properties": {"name": "Acera St"}}, {"type": "Feature", "geometry": {"type": "LineString", "coordinates": [[24.835505, 36.055993], [24.835627, 36.056298], [24.835882, 36.056568]]}, "properties": {"name": "Kakavaki St 1200 1252"}}, {"type": "Feature", "geometry": {"type": "LineString", "coordinates": [[24.865554, 36.080031], [24.865567, 36.080326], [24.865567, 36.080415]]}, "properties": {"name": "N Nia Ave 4000 4076"}}, {"type": "Feature", "geometry": {"type": "LineString", "coordinates": [[24.865567, 36.080415], [24.865564, 36.08052]]}, "properties": {"name": "N Nia Ave 4078 4098"}}, {"type": "Feature", "geometry": {"type": "LineString", "coordinates": [[24.865435, 36.080449], [24.865567, 36.080415]]}, "properties": {"name": "N Carden St"}}, {"type": "Feature", "geometry": {"type": "LineString", "coordinates": [[24.856466, 36.058526], [24.857498, 36.05853], [24.857885, 36.058526], [24.857967, 36.058526]]}, "properties": {"name": "N Alamanas St 4999 4895"}}, {"type": "Feature", "geometry": {"type": "LineString", "coordinates": [[24.895165, 36.070621], [24.897565, 36.070021], [24.89796, 36.069614]]}, "properties": {"name": "Rist Way 2199 2001"}}, {"type": "Feature", "geometry": {"type": "LineString", "coordinates": [[24.834363, 36.08922], [24.834363, 36.09002], [24.834339, 36.091057]]}, "properties": {"name": ""}}, {"type": "Feature", "geometry": {"type": "LineString", "coordinates": [[24.836363, 36.08002], [24.835263, 36.08012], [24.83516, 36.08013]]}, "properties": {"name": "N Camino St 6500 6698"}}, {"type": "Feature", "geometry": {"type": "LineString", "coordinates": [[24.833811, 36.066674], [24.835688, 36.066812], [24.836253, 36.066896]]}, "properties": {"name": "N Opalante Dr 2500 2598"}}, {"type": "Feature", "geometry": {"type": "LineString", "coordinates": [[24.825963, 36.06352], [24.825963, 36.06422], [24.825724, 36.064645]]}, "properties": {"name": "N Undeg Dr 2300 2440"}}, {"type": "Feature", "geometry": {"type": "LineString", "coordinates": [[24.842931, 36.082769], [24.84286, 36.082879], [24.842963, 36.08392], [24.843063, 36.08462]]}, "properties": {"name": "N Tzavella St 4300 4498"}}, {"type": "Feature", "geometry": {"type": "LineString", "coordinates": [[24.845963, 36.08362], [24.845963, 36.08412], [24.845963, 36.08462]]}, "properties": {"name": "N Leeno St 4400 4498"}}, {"type": "Feature", "geometry": {"type": "LineString", "coordinates": [[24.87083, 36.081269], [24.869884, 36.081712], [24.866064, 36.08532], [24.860063, 36.08902]]}, "properties": {"name": "N Valmai St 3970 4626"}}, {"type": "Feature", "geometry": {"type": "LineString", "coordinates": [[24.848354, 36.049127], [24.848664, 36.049127], [24.849949, 36.049133]]}, "properties": {"name": "S Els St"}}, {"type": "Feature", "geometry": {"type": "LineString", "coordinates": [[24.851792, 36.048628], [24.851764, 36.04822], [24.851764, 36.04782]]}, "properties": {"name": "S Finiatur St 801 899"}}, {"type": "Feature", "geometry": {"type": "LineString", "coordinates": [[24.853364, 36.04782], [24.853364, 36.04822], [24.853384, 36.048609]]}, "properties": {"name": "S Tolleniau St 898 800"}}, {"type": "Feature", "geometry": {"type": "LineString", "coordinates": [[24.857724, 36.048004], [24.857817, 36.047845], [24.858196, 36.047807], [24.859479, 36.047807]]}, "properties": {"name": "S Omirou St"}}, {"type": "Feature", "geometry": {"type": "LineString", "coordinates": [[24.876767, 36.047439], [24.876765, 36.047015], [24.876765, 36.04662]]}, "properties": {"name": "S Taxiarchon Ave 901 999"}}, {"type": "Feature", "geometry": {"type": "LineString", "coordinates": [[24.878065, 36.04742], [24.87811, 36.047015], [24.878165, 36.04652]]}, "properties": {"name": "S Profitou Ilia Ave 901 999"}}, {"type": "Feature", "geometry": {"type": "LineString", "coordinates": [[24.884065, 36.050121], [24.88402, 36.049674], [24.883965, 36.049121]]}, "properties": {"name": "S Gounaraki St 601 699"}}, {"type": "Feature", "geometry": {"type": "LineString", "coordinates": [[24.883965, 36.048321], [24.883986, 36.047773], [24.883965, 36.047421]]}, "properties": {"name": "S Gounaraki St 801 899"}}]}